order,trip_id,stop_index,stop_lat,stop_lon,gps_lat,gps_lon,gps_datetime,stop_time,dist_m,time_diff_s
C51592,1a516c64-e0c1-41ab-9975-71487d6bd5a6,0,-22.901318,-43.347259,-22.89986,-43.240921,2019-01-25 08:58:56,2019-01-25 08:58:56,10893.481869284082,0.0
C51592,1a516c64-e0c1-41ab-9975-71487d6bd5a6,1,-22.90189,-43.34779,-22.89986,-43.240921,2019-01-25 08:58:56,2019-01-25 08:59:07,10948.970071276925,-11.0
C51592,1a516c64-e0c1-41ab-9975-71487d6bd5a6,2,-22.900466,-43.349828,-22.89986,-43.240921,2019-01-25 08:58:56,2019-01-25 08:59:47,11155.658409418442,-51.0
C51592,1a516c64-e0c1-41ab-9975-71487d6bd5a6,3,-22.89911,-43.35167,-22.89986,-43.240921,2019-01-25 08:58:56,2019-01-25 09:00:21,11344.496063740879,-85.0
C51592,1a516c64-e0c1-41ab-9975-71487d6bd5a6,4,-22.898012,-43.352228,-22.89986,-43.240921,2019-01-25 08:58:56,2019-01-25 09:00:48,11403.244077847308,-112.0
C51592,1a516c64-e0c1-41ab-9975-71487d6bd5a6,5,-22.89818,-43.350146,-22.89986,-43.240921,2019-01-25 08:58:56,2019-01-25 09:01:32,11189.681684071937,-156.0
C51592,1a516c64-e0c1-41ab-9975-71487d6bd5a6,6,-22.896967,-43.348397,-22.89986,-43.240921,2019-01-25 08:58:56,2019-01-25 09:02:08,11013.716998171427,-192.0
C51592,1a516c64-e0c1-41ab-9975-71487d6bd5a6,7,-22.8954,-43.34742,-22.89986,-43.240921,2019-01-25 08:58:56,2019-01-25 09:02:36,10920.271513353058,-220.0
C51592,1a516c64-e0c1-41ab-9975-71487d6bd5a6,8,-22.89369,-43.34688,-22.89986,-43.240921,2019-01-25 08:58:56,2019-01-25 09:03:04,10875.421262251433,-248.0
C51592,1a516c64-e0c1-41ab-9975-71487d6bd5a6,9,-22.890381,-43.34553,-22.89986,-43.240921,2019-01-25 08:58:56,2019-01-25 09:04:05,10767.317917020779,-309.0
C51592,1a516c64-e0c1-41ab-9975-71487d6bd5a6,10,-22.88842,-43.34439,-22.89986,-43.240921,2019-01-25 08:58:56,2019-01-25 09:04:40,10674.968925018908,-344.0
C51592,1a516c64-e0c1-41ab-9975-71487d6bd5a6,11,-22.88717,-43.34339,-22.89986,-43.240921,2019-01-25 08:58:56,2019-01-25 09:05:04,10590.93944684546,-368.0
C51592,1a516c64-e0c1-41ab-9975-71487d6bd5a6,12,-22.88579,-43.34209,-22.89986,-43.240921,2019-01-25 08:58:56,2019-01-25 09:05:33,10480.832347756192,-397.0
C51592,1a516c64-e0c1-41ab-9975-71487d6bd5a6,13,-22.88283,-43.34025,-22.89986,-43.240921,2019-01-25 08:58:56,2019-01-25 09:06:50,10349.74315384426,-474.0
C51592,1a516c64-e0c1-41ab-9975-71487d6bd5a6,14,-22.882534,-43.33687,-22.89986,-43.240921,2019-01-25 08:58:56,2019-01-25 09:07:39,10015.838483893383,-523.0
C51592,1a516c64-e0c1-41ab-9975-71487d6bd5a6,15,-22.882382,-43.333901,-22.89986,-43.240921,2019-01-25 08:58:56,2019-01-25 09:08:22,9720.92643926295,-566.0
C51592,1a516c64-e0c1-41ab-9975-71487d6bd5a6,16,-22.882138,-43.331007,-22.89986,-43.240921,2019-01-25 08:58:56,2019-01-25 09:09:10,9436.27942500759,-614.0
C51592,1a516c64-e0c1-41ab-9975-71487d6bd5a6,17,-22.88256,-43.32373,-22.89986,-43.240921,2019-01-25 08:58:56,2019-01-25 09:10:51,8698.155073784212,-715.0
C51592,1a516c64-e0c1-41ab-9975-71487d6bd5a6,18,-22.88284,-43.3224,-22.89986,-43.240921,2019-01-25 08:58:56,2019-01-25 09:11:11,8558.392408643915,-735.0
C51592,1a516c64-e0c1-41ab-9975-71487d6bd5a6,19,-22.8835,-43.32058,-22.89986,-43.240921,2019-01-25 08:58:56,2019-01-25 09:11:39,8360.378405595508,-763.0
C51592,1a516c64-e0c1-41ab-9975-71487d6bd5a6,20,-22.88445,-43.31751,-22.89986,-43.240921,2019-01-25 08:58:56,2019-01-25 09:12:26,8030.493265955896,-810.0
C51592,1a516c64-e0c1-41ab-9975-71487d6bd5a6,21,-22.884744,-43.316116,-22.89986,-43.240921,2019-01-25 08:58:56,2019-01-25 09:12:47,7884.001043602951,-831.0
C51592,1a516c64-e0c1-41ab-9975-71487d6bd5a6,22,-22.88498,-43.31429,-22.89986,-43.240921,2019-01-25 08:58:56,2019-01-25 09:13:13,7695.663621743469,-857.0
C51592,1a516c64-e0c1-41ab-9975-71487d6bd5a6,23,-22.885103,-43.311568,-22.89986,-43.240921,2019-01-25 08:58:56,2019-01-25 09:13:52,7420.553863735801,-896.0
C51592,1a516c64-e0c1-41ab-9975-71487d6bd5a6,24,-22.88562,-43.30967,-22.89986,-43.240921,2019-01-25 08:58:56,2019-01-25 09:14:22,7218.228387729504,-926.0
C51592,1a516c64-e0c1-41ab-9975-71487d6bd5a6,25,-22.88672,-43.306443,-22.89986,-43.240921,2019-01-25 08:58:56,2019-01-25 09:15:11,6869.018543576935,-975.0
C51592,1a516c64-e0c1-41ab-9975-71487d6bd5a6,26,-22.88646,-43.30281,-22.89986,-43.240921,2019-01-25 08:58:56,2019-01-25 09:16:05,6512.42551711269,-1029.0
C51592,1a516c64-e0c1-41ab-9975-71487d6bd5a6,27,-22.88548,-43.30031,-22.89986,-43.240921,2019-01-25 08:58:56,2019-01-25 09:16:46,6290.236841693393,-1070.0
C51592,1a516c64-e0c1-41ab-9975-71487d6bd5a6,28,-22.884601,-43.297845,-22.89986,-43.240921,2019-01-25 08:58:56,2019-01-25 09:17:25,6072.9630990001615,-1109.0
C51592,1a516c64-e0c1-41ab-9975-71487d6bd5a6,29,-22.88341,-43.29648,-22.89986,-43.240921,2019-01-25 08:58:56,2019-01-25 09:17:52,5978.040510250536,-1136.0
C51592,1a516c64-e0c1-41ab-9975-71487d6bd5a6,30,-22.88182,-43.29431,-22.89986,-43.240921,2019-01-25 08:58:56,2019-01-25 09:18:33,5825.335947521378,-1177.0
C51592,1a516c64-e0c1-41ab-9975-71487d6bd5a6,31,-22.8842,-43.29133,-22.89986,-43.240921,2019-01-25 08:58:56,2019-01-25 09:19:37,5449.452562199477,-1241.0
C51592,1a516c64-e0c1-41ab-9975-71487d6bd5a6,32,-22.885668,-43.290084,-22.89986,-43.240921,2019-01-25 08:58:56,2019-01-25 09:20:11,5277.550831707244,-1275.0
C51592,1a516c64-e0c1-41ab-9975-71487d6bd5a6,33,-22.88744,-43.2864,-22.89986,-43.240921,2019-01-25 08:58:56,2019-01-25 09:21:06,4859.075107566319,-1330.0
C51592,1a516c64-e0c1-41ab-9975-71487d6bd5a6,34,-22.887738,-43.283511,-22.89986,-43.240921,2019-01-25 08:58:56,2019-01-25 09:21:42,4566.219837030762,-1366.0
C51592,1a516c64-e0c1-41ab-9975-71487d6bd5a6,35,-22.887155,-43.280679,-22.89986,-43.240921,2019-01-25 08:58:56,2019-01-25 09:22:28,4310.720019172152,-1412.0
C51592,1a516c64-e0c1-41ab-9975-71487d6bd5a6,36,-22.88591,-43.27898,-22.89986,-43.240921,2019-01-25 08:58:56,2019-01-25 09:23:01,4195.8851562001655,-1445.0
C51592,1a516c64-e0c1-41ab-9975-71487d6bd5a6,37,-22.88441,-43.27719,-22.89986,-43.240921,2019-01-25 08:58:56,2019-01-25 09:23:36,4093.2597830182626,-1480.0
C51592,1a516c64-e0c1-41ab-9975-71487d6bd5a6,38,-22.8822,-43.2754,-22.89986,-43.240921,2019-01-25 08:58:56,2019-01-25 09:24:19,4041.1442170982195,-1523.0
C51592,1a516c64-e0c1-41ab-9975-71487d6bd5a6,39,-22.881083,-43.272751,-22.89986,-43.240921,2019-01-25 08:58:56,2019-01-25 09:25:03,3871.814635386119,-1567.0
C51592,1a516c64-e0c1-41ab-9975-71487d6bd5a6,40,-22.878863,-43.265859,-22.89986,-43.240921,2019-01-25 08:58:56,2019-01-25 09:26:49,3460.8132878798415,-1673.0
C51592,1a516c64-e0c1-41ab-9975-71487d6bd5a6,41,-22.87833,-43.26397,-22.89986,-43.240921,2019-01-25 08:58:56,2019-01-25 09:27:21,3362.4806730140626,-1705.0
C51592,1a516c64-e0c1-41ab-9975-71487d6bd5a6,42,-22.878337,-43.261822,-22.89986,-43.240921,2019-01-25 08:58:56,2019-01-25 09:27:52,3211.2122905198316,-1736.0
C51592,1a516c64-e0c1-41ab-9975-71487d6bd5a6,43,-22.880394,-43.259223,-22.89986,-43.240921,2019-01-25 08:58:56,2019-01-25 09:28:47,2863.588795742307,-1791.0
C51592,1a516c64-e0c1-41ab-9975-71487d6bd5a6,44,-22.882581,-43.254845,-22.89986,-43.240921,2019-01-25 08:58:56,2019-01-25 09:29:59,2392.904569113244,-1863.0
C51592,1a516c64-e0c1-41ab-9975-71487d6bd5a6,45,-22.88517,-43.25266,-22.89986,-43.240921,2019-01-25 08:58:56,2019-01-25 09:30:50,2028.3465694523477,-1914.0
C51592,1a516c64-e0c1-41ab-9975-71487d6bd5a6,46,-22.886927,-43.250822,-22.89986,-43.240921,2019-01-25 08:58:56,2019-01-25 09:31:28,1759.75226753849,-1952.0
C51592,1a516c64-e0c1-41ab-9975-71487d6bd5a6,47,-22.890046,-43.244457,-22.89986,-43.240921,2019-01-25 08:58:56,2019-01-25 09:33:28,1149.8085799403825,-2072.0
C51592,1a516c64-e0c1-41ab-9975-71487d6bd5a6,48,-22.890765,-43.242335,-22.89986,-43.240921,2019-01-25 08:58:56,2019-01-25 09:33:59,1021.6375093159297,-2103.0
C51592,1a516c64-e0c1-41ab-9975-71487d6bd5a6,49,-22.891768,-43.240794,-22.89986,-43.240921,2019-01-25 08:58:56,2019-01-25 09:34:23,899.88338470364,-2127.0
C51592,1a516c64-e0c1-41ab-9975-71487d6bd5a6,50,-22.89495,-43.24279,-22.89986,-43.240921,2019-01-25 08:58:56,2019-01-25 09:35:39,578.5604521992905,-2203.0
C51592,1a516c64-e0c1-41ab-9975-71487d6bd5a6,51,-22.897995,-43.241305,-22.89986,-43.240921,2019-01-25 08:58:56,2019-01-25 09:36:50,211.0758428698341,-2274.0
C51592,1a516c64-e0c1-41ab-9975-71487d6bd5a6,52,-22.90138,-43.241176,-22.89986,-43.240921,2019-01-25 08:58:56,2019-01-25 09:37:50,171.02266192246597,-2334.0
C51592,1a516c64-e0c1-41ab-9975-71487d6bd5a6,53,-22.90591,-43.23964,-22.89986,-43.240921,2019-01-25 08:58:56,2019-01-25 09:39:03,685.4058492193511,-2407.0
C51592,1a516c64-e0c1-41ab-9975-71487d6bd5a6,54,-22.907884,-43.236917,-22.89986,-43.240921,2019-01-25 08:58:56,2019-01-25 09:39:53,981.9732713075226,-2457.0
C51592,1a516c64-e0c1-41ab-9975-71487d6bd5a6,55,-22.908756,-43.234655,-22.89986,-43.240921,2019-01-25 08:58:56,2019-01-25 09:40:25,1179.161192905854,-2489.0
C51592,1a516c64-e0c1-41ab-9975-71487d6bd5a6,56,-22.908374,-43.231002,-22.89986,-43.240921,2019-01-25 08:58:56,2019-01-25 09:41:22,1388.7006404655515,-2546.0
C51592,1a516c64-e0c1-41ab-9975-71487d6bd5a6,57,-22.90931,-43.22631,-22.89986,-43.240921,2019-01-25 08:58:56,2019-01-25 09:42:43,1828.630150503704,-2627.0
C51592,1a516c64-e0c1-41ab-9975-71487d6bd5a6,58,-22.909238,-43.222916,-22.89986,-43.240921,2019-01-25 08:58:56,2019-01-25 09:43:33,2118.6119155545503,-2677.0
C51592,1a516c64-e0c1-41ab-9975-71487d6bd5a6,59,-22.906357,-43.220639,-22.89986,-43.240921,2019-01-25 08:58:56,2019-01-25 09:44:30,2199.489395351857,-2734.0
C51592,1a516c64-e0c1-41ab-9975-71487d6bd5a6,60,-22.904907,-43.218901,-22.89986,-43.240921,2019-01-25 08:58:56,2019-01-25 09:45:16,2324.263357362111,-2780.0
C51592,1a516c64-e0c1-41ab-9975-71487d6bd5a6,61,-22.90411,-43.21611,-22.89986,-43.240921,2019-01-25 08:58:56,2019-01-25 09:46:01,2584.9472667642776,-2825.0
C51592,1a516c64-e0c1-41ab-9975-71487d6bd5a6,62,-22.90341,-43.21449,-22.89986,-43.240921,2019-01-25 08:58:56,2019-01-25 09:46:27,2735.9512861384023,-2851.0
C51592,1a516c64-e0c1-41ab-9975-71487d6bd5a6,63,-22.902025,-43.210979,-22.89986,-43.240921,2019-01-25 08:58:56,2019-01-25 09:47:22,3076.405607662892,-2906.0
C51592,1a516c64-e0c1-41ab-9975-71487d6bd5a6,64,-22.908498,-43.209965,-22.89986,-43.240921,2019-01-25 08:58:56,2019-01-25 09:49:08,3313.048069815719,-3012.0
C51592,1a516c64-e0c1-41ab-9975-71487d6bd5a6,65,-22.91013,-43.205583,-22.89986,-43.240921,2019-01-25 08:58:56,2019-01-25 09:50:42,3795.450931734587,-3106.0
C51592,1a516c64-e0c1-41ab-9975-71487d6bd5a6,66,-22.908619,-43.201048,-22.89986,-43.240921,2019-01-25 08:58:56,2019-01-25 09:51:51,4198.63546736651,-3175.0
C51592,1a516c64-e0c1-41ab-9975-71487d6bd5a6,67,-22.90623,-43.193405,-22.89986,-43.240921,2019-01-25 08:58:56,2019-01-25 09:53:48,4918.280319273623,-3292.0
C51592,1a516c64-e0c1-41ab-9975-71487d6bd5a6,68,-22.905052,-43.189782,-22.89986,-43.240921,2019-01-25 08:58:56,2019-01-25 09:54:43,5269.850407578501,-3347.0
C51592,1a516c64-e0c1-41ab-9975-71487d6bd5a6,69,-22.903332,-43.184461,-22.89986,-43.240921,2019-01-25 08:58:56,2019-01-25 09:56:04,5796.06635376572,-3428.0
C51592,1a516c64-e0c1-41ab-9975-71487d6bd5a6,70,-22.905593,-43.182786,-22.89986,-43.240921,2019-01-25 08:58:56,2019-01-25 09:56:57,5988.740231899653,-3481.0
C51592,1a516c64-e0c1-41ab-9975-71487d6bd5a6,71,-22.90723,-43.18272,-22.89986,-43.240921,2019-01-25 08:58:56,2019-01-25 09:57:33,6017.503425924305,-3517.0
C51592,1a516c64-e0c1-41ab-9975-71487d6bd5a6,72,-22.90879,-43.18819,-22.89986,-43.240921,2019-01-25 08:58:56,2019-01-25 09:58:56,5491.642293238359,-3600.0
C51589,1a516c64-e0c1-41ab-9975-71487d6bd5a6,0,-22.901318,-43.347259,-22.908569,-43.189251,2019-01-25 08:59:01,2019-01-25 08:59:01,16204.420509434964,0.0
C51589,1a516c64-e0c1-41ab-9975-71487d6bd5a6,1,-22.90189,-43.34779,-22.908569,-43.189251,2019-01-25 08:59:01,2019-01-25 08:59:12,16255.67811788085,-11.0
C51589,1a516c64-e0c1-41ab-9975-71487d6bd5a6,2,-22.900466,-43.349828,-22.908569,-43.189251,2019-01-25 08:59:01,2019-01-25 08:59:52,16472.197739724674,-51.0
C51589,1a516c64-e0c1-41ab-9975-71487d6bd5a6,3,-22.89911,-43.35167,-22.908569,-43.189251,2019-01-25 08:59:01,2019-01-25 09:00:26,16669.50754595803,-85.0
C51589,1a516c64-e0c1-41ab-9975-71487d6bd5a6,4,-22.898012,-43.352228,-22.908569,-43.189251,2019-01-25 08:59:01,2019-01-25 09:00:53,16734.73737363509,-112.0
C51589,1a516c64-e0c1-41ab-9975-71487d6bd5a6,5,-22.89818,-43.350146,-22.908569,-43.189251,2019-01-25 08:59:01,2019-01-25 09:01:37,16520.686091594558,-156.0
C51589,1a516c64-e0c1-41ab-9975-71487d6bd5a6,6,-22.896967,-43.348397,-22.908569,-43.189251,2019-01-25 08:59:01,2019-01-25 09:02:13,16352.142520760217,-192.0
C51589,1a516c64-e0c1-41ab-9975-71487d6bd5a6,7,-22.8954,-43.34742,-22.908569,-43.189251,2019-01-25 08:59:01,2019-01-25 09:02:41,16267.234763662016,-220.0
C51589,1a516c64-e0c1-41ab-9975-71487d6bd5a6,8,-22.89369,-43.34688,-22.908569,-43.189251,2019-01-25 08:59:01,2019-01-25 09:03:09,16230.528329239603,-248.0
C51589,1a516c64-e0c1-41ab-9975-71487d6bd5a6,9,-22.890381,-43.34553,-22.908569,-43.189251,2019-01-25 08:59:01,2019-01-25 09:04:10,16135.146341902042,-309.0
C51589,1a516c64-e0c1-41ab-9975-71487d6bd5a6,10,-22.88842,-43.34439,-22.908569,-43.189251,2019-01-25 08:59:01,2019-01-25 09:04:45,16048.402459993362,-344.0
C51589,1a516c64-e0c1-41ab-9975-71487d6bd5a6,11,-22.88717,-43.34339,-22.908569,-43.189251,2019-01-25 08:59:01,2019-01-25 09:05:09,15967.172557899064,-368.0
C51589,1a516c64-e0c1-41ab-9975-71487d6bd5a6,12,-22.88579,-43.34209,-22.908569,-43.189251,2019-01-25 08:59:01,2019-01-25 09:05:38,15859.370956234954,-397.0
C51589,1a516c64-e0c1-41ab-9975-71487d6bd5a6,13,-22.88283,-43.34025,-22.908569,-43.189251,2019-01-25 08:59:01,2019-01-25 09:06:55,15730.052348571946,-474.0
C51589,1a516c64-e0c1-41ab-9975-71487d6bd5a6,14,-22.882534,-43.33687,-22.908569,-43.189251,2019-01-25 08:59:01,2019-01-25 09:07:44,15395.903414085278,-523.0
C51589,1a516c64-e0c1-41ab-9975-71487d6bd5a6,15,-22.882382,-43.333901,-22.908569,-43.189251,2019-01-25 08:59:01,2019-01-25 09:08:27,15100.566824773681,-566.0
C51589,1a516c64-e0c1-41ab-9975-71487d6bd5a6,16,-22.882138,-43.331007,-22.908569,-43.189251,2019-01-25 08:59:01,2019-01-25 09:09:15,14815.166493286977,-614.0
C51589,1a516c64-e0c1-41ab-9975-71487d6bd5a6,17,-22.88256,-43.32373,-22.908569,-43.189251,2019-01-25 08:59:01,2019-01-25 09:10:56,14075.603297168147,-715.0
C51589,1a516c64-e0c1-41ab-9975-71487d6bd5a6,18,-22.88284,-43.3224,-22.908569,-43.189251,2019-01-25 08:59:01,2019-01-25 09:11:16,13935.861523509553,-735.0
C51589,1a516c64-e0c1-41ab-9975-71487d6bd5a6,19,-22.8835,-43.32058,-22.908569,-43.189251,2019-01-25 08:59:01,2019-01-25 09:11:44,13738.344590286226,-763.0
C51589,1a516c64-e0c1-41ab-9975-71487d6bd5a6,20,-22.88445,-43.31751,-22.908569,-43.189251,2019-01-25 08:59:01,2019-01-25 09:12:31,13408.993045222353,-810.0
C51589,1a516c64-e0c1-41ab-9975-71487d6bd5a6,21,-22.884744,-43.316116,-22.908569,-43.189251,2019-01-25 08:59:01,2019-01-25 09:12:52,13262.533738453149,-831.0
C51589,1a516c64-e0c1-41ab-9975-71487d6bd5a6,22,-22.88498,-43.31429,-22.908569,-43.189251,2019-01-25 08:59:01,2019-01-25 09:13:18,13074.0118570877,-857.0
C51589,1a516c64-e0c1-41ab-9975-71487d6bd5a6,23,-22.885103,-43.311568,-22.908569,-43.189251,2019-01-25 08:59:01,2019-01-25 09:13:57,12798.177913446889,-896.0
C51589,1a516c64-e0c1-41ab-9975-71487d6bd5a6,24,-22.88562,-43.30967,-22.908569,-43.189251,2019-01-25 08:59:01,2019-01-25 09:14:27,12596.110046007572,-926.0
C51589,1a516c64-e0c1-41ab-9975-71487d6bd5a6,25,-22.88672,-43.306443,-22.908569,-43.189251,2019-01-25 08:59:01,2019-01-25 09:15:16,12247.698783704407,-975.0
C51589,1a516c64-e0c1-41ab-9975-71487d6bd5a6,26,-22.88646,-43.30281,-22.908569,-43.189251,2019-01-25 08:59:01,2019-01-25 09:16:10,11889.13957821381,-1029.0
C51589,1a516c64-e0c1-41ab-9975-71487d6bd5a6,27,-22.88548,-43.30031,-22.908569,-43.189251,2019-01-25 08:59:01,2019-01-25 09:16:51,11662.256059435416,-1070.0
C51589,1a516c64-e0c1-41ab-9975-71487d6bd5a6,28,-22.884601,-43.297845,-22.908569,-43.189251,2019-01-25 08:59:01,2019-01-25 09:17:30,11438.5000362344,-1109.0
C51589,1a516c64-e0c1-41ab-9975-71487d6bd5a6,29,-22.88341,-43.29648,-22.908569,-43.189251,2019-01-25 08:59:01,2019-01-25 09:17:57,11334.57799716718,-1136.0
C51589,1a516c64-e0c1-41ab-9975-71487d6bd5a6,30,-22.88182,-43.29431,-22.908569,-43.189251,2019-01-25 08:59:01,2019-01-25 09:18:38,11165.16197009331,-1177.0
C51589,1a516c64-e0c1-41ab-9975-71487d6bd5a6,31,-22.8842,-43.29133,-22.908569,-43.189251,2019-01-25 08:59:01,2019-01-25 09:19:42,10801.746052116669,-1241.0
C51589,1a516c64-e0c1-41ab-9975-71487d6bd5a6,32,-22.885668,-43.290084,-22.908569,-43.189251,2019-01-25 08:59:01,2019-01-25 09:20:16,10637.937933250245,-1275.0
C51589,1a516c64-e0c1-41ab-9975-71487d6bd5a6,33,-22.88744,-43.2864,-22.908569,-43.189251,2019-01-25 08:59:01,2019-01-25 09:21:11,10224.814011189483,-1330.0
C51589,1a516c64-e0c1-41ab-9975-71487d6bd5a6,34,-22.887738,-43.283511,-22.908569,-43.189251,2019-01-25 08:59:01,2019-01-25 09:21:47,9929.244323654695,-1366.0
C51589,1a516c64-e0c1-41ab-9975-71487d6bd5a6,35,-22.887155,-43.280679,-22.908569,-43.189251,2019-01-25 08:59:01,2019-01-25 09:22:33,9663.185495680751,-1412.0
C51589,1a516c64-e0c1-41ab-9975-71487d6bd5a6,36,-22.88591,-43.27898,-22.908569,-43.189251,2019-01-25 08:59:01,2019-01-25 09:23:06,9530.31675220048,-1445.0
C51589,1a516c64-e0c1-41ab-9975-71487d6bd5a6,37,-22.88441,-43.27719,-22.908569,-43.189251,2019-01-25 08:59:01,2019-01-25 09:23:41,9399.959427336687,-1480.0
C51589,1a516c64-e0c1-41ab-9975-71487d6bd5a6,38,-22.8822,-43.2754,-22.908569,-43.189251,2019-01-25 08:59:01,2019-01-25 09:24:24,9299.004582515705,-1523.0
C51589,1a516c64-e0c1-41ab-9975-71487d6bd5a6,39,-22.881083,-43.272751,-22.908569,-43.189251,2019-01-25 08:59:01,2019-01-25 09:25:08,9082.97233380152,-1567.0
C51589,1a516c64-e0c1-41ab-9975-71487d6bd5a6,40,-22.878863,-43.265859,-22.908569,-43.189251,2019-01-25 08:59:01,2019-01-25 09:26:54,8514.26216567762,-1673.0
C51589,1a516c64-e0c1-41ab-9975-71487d6bd5a6,41,-22.87833,-43.26397,-22.908569,-43.189251,2019-01-25 08:59:01,2019-01-25 09:27:26,8359.92898056395,-1705.0
C51589,1a516c64-e0c1-41ab-9975-71487d6bd5a6,42,-22.878337,-43.261822,-22.908569,-43.189251,2019-01-25 08:59:01,2019-01-25 09:27:57,8158.637382648641,-1736.0
C51589,1a516c64-e0c1-41ab-9975-71487d6bd5a6,43,-22.880394,-43.259223,-22.908569,-43.189251,2019-01-25 08:59:01,2019-01-25 09:28:52,7822.385021033919,-1791.0
C51589,1a516c64-e0c1-41ab-9975-71487d6bd5a6,44,-22.882581,-43.254845,-22.908569,-43.189251,2019-01-25 08:59:01,2019-01-25 09:30:04,7314.143661295429,-1863.0
C51589,1a516c64-e0c1-41ab-9975-71487d6bd5a6,45,-22.88517,-43.25266,-22.908569,-43.189251,2019-01-25 08:59:01,2019-01-25 09:30:55,6996.951260506299,-1914.0
C51589,1a516c64-e0c1-41ab-9975-71487d6bd5a6,46,-22.886927,-43.250822,-22.908569,-43.189251,2019-01-25 08:59:01,2019-01-25 09:31:33,6750.4105410835455,-1952.0
C51589,1a516c64-e0c1-41ab-9975-71487d6bd5a6,47,-22.890046,-43.244457,-22.908569,-43.189251,2019-01-25 08:59:01,2019-01-25 09:33:33,6018.2603879691,-2072.0
C51589,1a516c64-e0c1-41ab-9975-71487d6bd5a6,48,-22.890765,-43.242335,-22.908569,-43.189251,2019-01-25 08:59:01,2019-01-25 09:34:04,5786.650920651385,-2103.0
C51589,1a516c64-e0c1-41ab-9975-71487d6bd5a6,49,-22.891768,-43.240794,-22.908569,-43.189251,2019-01-25 08:59:01,2019-01-25 09:34:28,5600.385180094963,-2127.0
C51589,1a516c64-e0c1-41ab-9975-71487d6bd5a6,50,-22.89495,-43.24279,-22.908569,-43.189251,2019-01-25 08:59:01,2019-01-25 09:35:44,5689.2391070071635,-2203.0
C51589,1a516c64-e0c1-41ab-9975-71487d6bd5a6,51,-22.897995,-43.241305,-22.908569,-43.189251,2019-01-25 08:59:01,2019-01-25 09:36:55,5459.9239640245505,-2274.0
C51589,1a516c64-e0c1-41ab-9975-71487d6bd5a6,52,-22.90138,-43.241176,-22.908569,-43.189251,2019-01-25 08:59:01,2019-01-25 09:37:55,5378.280214979268,-2334.0
C51589,1a516c64-e0c1-41ab-9975-71487d6bd5a6,53,-22.90591,-43.23964,-22.908569,-43.189251,2019-01-25 08:59:01,2019-01-25 09:39:08,5169.589406040686,-2407.0
C51589,1a516c64-e0c1-41ab-9975-71487d6bd5a6,54,-22.907884,-43.236917,-22.908569,-43.189251,2019-01-25 08:59:01,2019-01-25 09:39:58,4882.780823053251,-2457.0
C51589,1a516c64-e0c1-41ab-9975-71487d6bd5a6,55,-22.908756,-43.234655,-22.908569,-43.189251,2019-01-25 08:59:01,2019-01-25 09:40:30,4650.533037022399,-2489.0
C51589,1a516c64-e0c1-41ab-9975-71487d6bd5a6,56,-22.908374,-43.231002,-22.908569,-43.189251,2019-01-25 08:59:01,2019-01-25 09:41:27,4276.390484173792,-2546.0
C51589,1a516c64-e0c1-41ab-9975-71487d6bd5a6,57,-22.90931,-43.22631,-22.908569,-43.189251,2019-01-25 08:59:01,2019-01-25 09:42:48,3796.6396981904504,-2627.0
C51589,1a516c64-e0c1-41ab-9975-71487d6bd5a6,58,-22.909238,-43.222916,-22.908569,-43.189251,2019-01-25 08:59:01,2019-01-25 09:43:38,3448.920387271707,-2677.0
C51589,1a516c64-e0c1-41ab-9975-71487d6bd5a6,59,-22.906357,-43.220639,-22.908569,-43.189251,2019-01-25 08:59:01,2019-01-25 09:44:35,3224.3269646206745,-2734.0
C51589,1a516c64-e0c1-41ab-9975-71487d6bd5a6,60,-22.904907,-43.218901,-22.908569,-43.189251,2019-01-25 08:59:01,2019-01-25 09:45:21,3064.1095778736876,-2780.0
C51589,1a516c64-e0c1-41ab-9975-71487d6bd5a6,61,-22.90411,-43.21611,-22.908569,-43.189251,2019-01-25 08:59:01,2019-01-25 09:46:06,2795.3924477441883,-2825.0
C51589,1a516c64-e0c1-41ab-9975-71487d6bd5a6,62,-22.90341,-43.21449,-22.908569,-43.189251,2019-01-25 08:59:01,2019-01-25 09:46:32,2648.0288241396474,-2851.0
C51589,1a516c64-e0c1-41ab-9975-71487d6bd5a6,63,-22.902025,-43.210979,-22.908569,-43.189251,2019-01-25 08:59:01,2019-01-25 09:47:27,2341.4745883144815,-2906.0
C51589,1a516c64-e0c1-41ab-9975-71487d6bd5a6,64,-22.908498,-43.209965,-22.908569,-43.189251,2019-01-25 08:59:01,2019-01-25 09:49:13,2121.6398842425488,-3012.0
C51589,1a516c64-e0c1-41ab-9975-71487d6bd5a6,65,-22.91013,-43.205583,-22.908569,-43.189251,2019-01-25 08:59:01,2019-01-25 09:50:47,1681.7714173733502,-3106.0
C51589,1a516c64-e0c1-41ab-9975-71487d6bd5a6,66,-22.908619,-43.201048,-22.908569,-43.189251,2019-01-25 08:59:01,2019-01-25 09:51:56,1208.3164153240427,-3175.0
C51589,1a516c64-e0c1-41ab-9975-71487d6bd5a6,67,-22.90623,-43.193405,-22.908569,-43.189251,2019-01-25 08:59:01,2019-01-25 09:53:53,498.6720267855759,-3292.0
C51589,1a516c64-e0c1-41ab-9975-71487d6bd5a6,68,-22.905052,-43.189782,-22.908569,-43.189251,2019-01-25 08:59:01,2019-01-25 09:54:48,394.8364494062841,-3347.0
C51589,1a516c64-e0c1-41ab-9975-71487d6bd5a6,69,-22.903332,-43.184461,-22.908569,-43.189251,2019-01-25 08:59:01,2019-01-25 09:56:09,761.4573320959092,-3428.0
C51589,1a516c64-e0c1-41ab-9975-71487d6bd5a6,70,-22.905593,-43.182786,-22.908569,-43.189251,2019-01-25 08:59:01,2019-01-25 09:57:02,740.2644684809144,-3481.0
C51589,1a516c64-e0c1-41ab-9975-71487d6bd5a6,71,-22.90723,-43.18272,-22.908569,-43.189251,2019-01-25 08:59:01,2019-01-25 09:57:38,685.3082476780236,-3517.0
C51589,1a516c64-e0c1-41ab-9975-71487d6bd5a6,72,-22.90879,-43.18819,-22.908569,-43.189251,2019-01-25 08:59:01,2019-01-25 09:59:01,111.41631357632663,-3600.0
C51598,1a516c64-e0c1-41ab-9975-71487d6bd5a6,0,-22.901318,-43.347259,-22.88711,-43.250431,2019-01-25 08:57:33,2019-01-25 08:57:33,10043.658864813211,0.0
C51598,1a516c64-e0c1-41ab-9975-71487d6bd5a6,1,-22.90189,-43.34779,-22.88711,-43.250431,2019-01-25 08:57:33,2019-01-25 08:57:44,10107.50461829589,-11.0
C51598,1a516c64-e0c1-41ab-9975-71487d6bd5a6,2,-22.900466,-43.349828,-22.88711,-43.250431,2019-01-25 08:57:33,2019-01-25 08:58:24,10289.554112434409,-51.0
C51598,1a516c64-e0c1-41ab-9975-71487d6bd5a6,3,-22.89911,-43.35167,-22.88711,-43.250431,2019-01-25 08:57:33,2019-01-25 08:58:58,10456.042774200421,-85.0
C51598,1a516c64-e0c1-41ab-9975-71487d6bd5a6,4,-22.898012,-43.352228,-22.88711,-43.250431,2019-01-25 08:57:33,2019-01-25 08:59:25,10497.981265207105,-112.0
C51598,1a516c64-e0c1-41ab-9975-71487d6bd5a6,5,-22.89818,-43.350146,-22.88711,-43.250431,2019-01-25 08:57:33,2019-01-25 09:00:09,10288.376136209128,-156.0
C51598,1a516c64-e0c1-41ab-9975-71487d6bd5a6,6,-22.896967,-43.348397,-22.88711,-43.250431,2019-01-25 08:57:33,2019-01-25 09:00:45,10095.035149748423,-192.0
C51598,1a516c64-e0c1-41ab-9975-71487d6bd5a6,7,-22.8954,-43.34742,-22.88711,-43.250431,2019-01-25 08:57:33,2019-01-25 09:01:13,9978.005601819292,-220.0
C51598,1a516c64-e0c1-41ab-9975-71487d6bd5a6,8,-22.89369,-43.34688,-22.88711,-43.250431,2019-01-25 08:57:33,2019-01-25 09:01:41,9907.13462148612,-248.0
C51598,1a516c64-e0c1-41ab-9975-71487d6bd5a6,9,-22.890381,-43.34553,-22.88711,-43.250431,2019-01-25 08:57:33,2019-01-25 09:02:42,9748.694664993818,-309.0
C51598,1a516c64-e0c1-41ab-9975-71487d6bd5a6,10,-22.88842,-43.34439,-22.88711,-43.250431,2019-01-25 08:57:33,2019-01-25 09:03:17,9626.297753000252,-344.0
C51598,1a516c64-e0c1-41ab-9975-71487d6bd5a6,11,-22.88717,-43.34339,-22.88711,-43.250431,2019-01-25 08:57:33,2019-01-25 09:03:41,9522.8013986189,-368.0
C51598,1a516c64-e0c1-41ab-9975-71487d6bd5a6,12,-22.88579,-43.34209,-22.88711,-43.250431,2019-01-25 08:57:33,2019-01-25 09:04:10,9390.82081948971,-397.0
C51598,1a516c64-e0c1-41ab-9975-71487d6bd5a6,13,-22.88283,-43.34025,-22.88711,-43.250431,2019-01-25 08:57:33,2019-01-25 09:05:27,9213.581444869624,-474.0
C51598,1a516c64-e0c1-41ab-9975-71487d6bd5a6,14,-22.882534,-43.33687,-22.88711,-43.250431,2019-01-25 08:57:33,2019-01-25 09:06:16,8869.643040545905,-523.0
C51598,1a516c64-e0c1-41ab-9975-71487d6bd5a6,15,-22.882382,-43.333901,-22.88711,-43.250431,2019-01-25 08:57:33,2019-01-25 09:06:59,8567.034997541254,-566.0
C51598,1a516c64-e0c1-41ab-9975-71487d6bd5a6,16,-22.882138,-43.331007,-22.88711,-43.250431,2019-01-25 08:57:33,2019-01-25 09:07:47,8272.92096388806,-614.0
C51598,1a516c64-e0c1-41ab-9975-71487d6bd5a6,17,-22.88256,-43.32373,-22.88711,-43.250431,2019-01-25 08:57:33,2019-01-25 09:09:28,7525.964687441487,-715.0
C51598,1a516c64-e0c1-41ab-9975-71487d6bd5a6,18,-22.88284,-43.3224,-22.88711,-43.250431,2019-01-25 08:57:33,2019-01-25 09:09:48,7387.956111306041,-735.0
C51598,1a516c64-e0c1-41ab-9975-71487d6bd5a6,19,-22.8835,-43.32058,-22.88711,-43.250431,2019-01-25 08:57:33,2019-01-25 09:10:16,7197.4229679046775,-763.0
C51598,1a516c64-e0c1-41ab-9975-71487d6bd5a6,20,-22.88445,-43.31751,-22.88711,-43.250431,2019-01-25 08:57:33,2019-01-25 09:11:03,6878.06139864928,-810.0
C51598,1a516c64-e0c1-41ab-9975-71487d6bd5a6,21,-22.884744,-43.316116,-22.88711,-43.250431,2019-01-25 08:57:33,2019-01-25 09:11:24,6734.028634716072,-831.0
C51598,1a516c64-e0c1-41ab-9975-71487d6bd5a6,22,-22.88498,-43.31429,-22.88711,-43.250431,2019-01-25 08:57:33,2019-01-25 09:11:50,6546.109192029583,-857.0
C51598,1a516c64-e0c1-41ab-9975-71487d6bd5a6,23,-22.885103,-43.311568,-22.88711,-43.250431,2019-01-25 08:57:33,2019-01-25 09:12:29,6266.948860690309,-896.0
C51598,1a516c64-e0c1-41ab-9975-71487d6bd5a6,24,-22.88562,-43.30967,-22.88711,-43.250431,2019-01-25 08:57:33,2019-01-25 09:12:59,6070.78952723633,-926.0
C51598,1a516c64-e0c1-41ab-9975-71487d6bd5a6,25,-22.88672,-43.306443,-22.88711,-43.250431,2019-01-25 08:57:33,2019-01-25 09:13:48,5738.090388273432,-975.0
C51598,1a516c64-e0c1-41ab-9975-71487d6bd5a6,26,-22.88646,-43.30281,-22.88711,-43.250431,2019-01-25 08:57:33,2019-01-25 09:14:42,5366.2501868131685,-1029.0
C51598,1a516c64-e0c1-41ab-9975-71487d6bd5a6,27,-22.88548,-43.30031,-22.88711,-43.250431,2019-01-25 08:57:33,2019-01-25 09:15:23,5112.8926247135505,-1070.0
C51598,1a516c64-e0c1-41ab-9975-71487d6bd5a6,28,-22.884601,-43.297845,-22.88711,-43.250431,2019-01-25 08:57:33,2019-01-25 09:16:02,4865.1822380094345,-1109.0
C51598,1a516c64-e0c1-41ab-9975-71487d6bd5a6,29,-22.88341,-43.29648,-22.88711,-43.250431,2019-01-25 08:57:33,2019-01-25 09:16:29,4735.271046087052,-1136.0
C51598,1a516c64-e0c1-41ab-9975-71487d6bd5a6,30,-22.88182,-43.29431,-22.88711,-43.250431,2019-01-25 08:57:33,2019-01-25 09:17:10,4533.414266420172,-1177.0
C51598,1a516c64-e0c1-41ab-9975-71487d6bd5a6,31,-22.8842,-43.29133,-22.88711,-43.250431,2019-01-25 08:57:33,2019-01-25 09:18:14,4202.2506538168245,-1241.0
C51598,1a516c64-e0c1-41ab-9975-71487d6bd5a6,32,-22.885668,-43.290084,-22.88711,-43.250431,2019-01-25 08:57:33,2019-01-25 09:18:48,4065.2729616953275,-1275.0
C51598,1a516c64-e0c1-41ab-9975-71487d6bd5a6,33,-22.88744,-43.2864,-22.88711,-43.250431,2019-01-25 08:57:33,2019-01-25 09:19:43,3684.874061281873,-1330.0
C51598,1a516c64-e0c1-41ab-9975-71487d6bd5a6,34,-22.887738,-43.283511,-22.88711,-43.250431,2019-01-25 08:57:33,2019-01-25 09:20:19,3389.4557150020805,-1366.0
C51598,1a516c64-e0c1-41ab-9975-71487d6bd5a6,35,-22.887155,-43.280679,-22.88711,-43.250431,2019-01-25 08:57:33,2019-01-25 09:21:05,3098.6351162197448,-1412.0
C51598,1a516c64-e0c1-41ab-9975-71487d6bd5a6,36,-22.88591,-43.27898,-22.88711,-43.250431,2019-01-25 08:57:33,2019-01-25 09:21:38,2927.6398315515266,-1445.0
C51598,1a516c64-e0c1-41ab-9975-71487d6bd5a6,37,-22.88441,-43.27719,-22.88711,-43.250431,2019-01-25 08:57:33,2019-01-25 09:22:13,2757.634322700815,-1480.0
C51598,1a516c64-e0c1-41ab-9975-71487d6bd5a6,38,-22.8822,-43.2754,-22.88711,-43.250431,2019-01-25 08:57:33,2019-01-25 09:22:56,2615.51027091009,-1523.0
C51598,1a516c64-e0c1-41ab-9975-71487d6bd5a6,39,-22.881083,-43.272751,-22.88711,-43.250431,2019-01-25 08:57:33,2019-01-25 09:23:40,2382.720027015152,-1567.0
C51598,1a516c64-e0c1-41ab-9975-71487d6bd5a6,40,-22.878863,-43.265859,-22.88711,-43.250431,2019-01-25 08:57:33,2019-01-25 09:25:26,1827.2746739839067,-1673.0
C51598,1a516c64-e0c1-41ab-9975-71487d6bd5a6,41,-22.87833,-43.26397,-22.88711,-43.250431,2019-01-25 08:57:33,2019-01-25 09:25:58,1696.1401592729494,-1705.0
C51598,1a516c64-e0c1-41ab-9975-71487d6bd5a6,42,-22.878337,-43.261822,-22.88711,-43.250431,2019-01-25 08:57:33,2019-01-25 09:26:29,1520.9795415586914,-1736.0
C51598,1a516c64-e0c1-41ab-9975-71487d6bd5a6,43,-22.880394,-43.259223,-22.88711,-43.250431,2019-01-25 08:57:33,2019-01-25 09:27:24,1170.007228219081,-1791.0
C51598,1a516c64-e0c1-41ab-9975-71487d6bd5a6,44,-22.882581,-43.254845,-22.88711,-43.250431,2019-01-25 08:57:33,2019-01-25 09:28:36,676.8182663678083,-1863.0
C51598,1a516c64-e0c1-41ab-9975-71487d6bd5a6,45,-22.88517,-43.25266,-22.88711,-43.250431,2019-01-25 08:57:33,2019-01-25 09:29:27,314.1250532805365,-1914.0
C51598,1a516c64-e0c1-41ab-9975-71487d6bd5a6,46,-22.886927,-43.250822,-22.88711,-43.250431,2019-01-25 08:57:33,2019-01-25 09:30:05,44.926875409287966,-1952.0
C51598,1a516c64-e0c1-41ab-9975-71487d6bd5a6,47,-22.890046,-43.244457,-22.88711,-43.250431,2019-01-25 08:57:33,2019-01-25 09:32:05,693.6102376079023,-2072.0
C51598,1a516c64-e0c1-41ab-9975-71487d6bd5a6,48,-22.890765,-43.242335,-22.88711,-43.250431,2019-01-25 08:57:33,2019-01-25 09:32:36,923.5782772232411,-2103.0
C51598,1a516c64-e0c1-41ab-9975-71487d6bd5a6,49,-22.891768,-43.240794,-22.88711,-43.250431,2019-01-25 08:57:33,2019-01-25 09:33:00,1114.828804880248,-2127.0
C51598,1a516c64-e0c1-41ab-9975-71487d6bd5a6,50,-22.89495,-43.24279,-22.88711,-43.250431,2019-01-25 08:57:33,2019-01-25 09:34:16,1171.5985420747618,-2203.0
C51598,1a516c64-e0c1-41ab-9975-71487d6bd5a6,51,-22.897995,-43.241305,-22.88711,-43.250431,2019-01-25 08:57:33,2019-01-25 09:35:27,1529.3415207032867,-2274.0
C51598,1a516c64-e0c1-41ab-9975-71487d6bd5a6,52,-22.90138,-43.241176,-22.88711,-43.250431,2019-01-25 08:57:33,2019-01-25 09:36:27,1848.3942602979396,-2334.0
C51598,1a516c64-e0c1-41ab-9975-71487d6bd5a6,53,-22.90591,-43.23964,-22.88711,-43.250431,2019-01-25 08:57:33,2019-01-25 09:37:40,2364.713402208483,-2407.0
C51598,1a516c64-e0c1-41ab-9975-71487d6bd5a6,54,-22.907884,-43.236917,-22.88711,-43.250431,2019-01-25 08:57:33,2019-01-25 09:38:30,2692.9838601830998,-2457.0
C51598,1a516c64-e0c1-41ab-9975-71487d6bd5a6,55,-22.908756,-43.234655,-22.88711,-43.250431,2019-01-25 08:57:33,2019-01-25 09:39:02,2899.0818822140536,-2489.0
C51598,1a516c64-e0c1-41ab-9975-71487d6bd5a6,56,-22.908374,-43.231002,-22.88711,-43.250431,2019-01-25 08:57:33,2019-01-25 09:39:59,3090.5317605602017,-2546.0
C51598,1a516c64-e0c1-41ab-9975-71487d6bd5a6,57,-22.90931,-43.22631,-22.88711,-43.250431,2019-01-25 08:57:33,2019-01-25 09:41:20,3492.6139920190794,-2627.0
C51598,1a516c64-e0c1-41ab-9975-71487d6bd5a6,58,-22.909238,-43.222916,-22.88711,-43.250431,2019-01-25 08:57:33,2019-01-25 09:42:10,3741.352371549246,-2677.0
C51598,1a516c64-e0c1-41ab-9975-71487d6bd5a6,59,-22.906357,-43.220639,-22.88711,-43.250431,2019-01-25 08:57:33,2019-01-25 09:43:07,3727.359377568562,-2734.0
C51598,1a516c64-e0c1-41ab-9975-71487d6bd5a6,60,-22.904907,-43.218901,-22.88711,-43.250431,2019-01-25 08:57:33,2019-01-25 09:43:53,3787.8049711716403,-2780.0
C51598,1a516c64-e0c1-41ab-9975-71487d6bd5a6,61,-22.90411,-43.21611,-22.88711,-43.250431,2019-01-25 08:57:33,2019-01-25 09:44:38,3991.6290242737546,-2825.0
C51598,1a516c64-e0c1-41ab-9975-71487d6bd5a6,62,-22.90341,-43.21449,-22.88711,-43.250431,2019-01-25 08:57:33,2019-01-25 09:45:04,4103.571523720216,-2851.0
C51598,1a516c64-e0c1-41ab-9975-71487d6bd5a6,63,-22.902025,-43.210979,-22.88711,-43.250431,2019-01-25 08:57:33,2019-01-25 09:45:59,4368.344809640115,-2906.0
C51598,1a516c64-e0c1-41ab-9975-71487d6bd5a6,64,-22.908498,-43.209965,-22.88711,-43.250431,2019-01-25 08:57:33,2019-01-25 09:47:45,4778.850867363779,-3012.0
C51598,1a516c64-e0c1-41ab-9975-71487d6bd5a6,65,-22.91013,-43.205583,-22.88711,-43.250431,2019-01-25 08:57:33,2019-01-25 09:49:19,5258.880260820374,-3106.0
C51598,1a516c64-e0c1-41ab-9975-71487d6bd5a6,66,-22.908619,-43.201048,-22.88711,-43.250431,2019-01-25 08:57:33,2019-01-25 09:50:28,5595.352646430097,-3175.0
C51598,1a516c64-e0c1-41ab-9975-71487d6bd5a6,67,-22.90623,-43.193405,-22.88711,-43.250431,2019-01-25 08:57:33,2019-01-25 09:52:25,6216.254189699544,-3292.0
C51598,1a516c64-e0c1-41ab-9975-71487d6bd5a6,68,-22.905052,-43.189782,-22.88711,-43.250431,2019-01-25 08:57:33,2019-01-25 09:53:20,6525.008737439122,-3347.0
C51598,1a516c64-e0c1-41ab-9975-71487d6bd5a6,69,-22.903332,-43.184461,-22.88711,-43.250431,2019-01-25 08:57:33,2019-01-25 09:54:41,6994.222204720054,-3428.0
C51598,1a516c64-e0c1-41ab-9975-71487d6bd5a6,70,-22.905593,-43.182786,-22.88711,-43.250431,2019-01-25 08:57:33,2019-01-25 09:55:34,7227.510405352566,-3481.0
C51598,1a516c64-e0c1-41ab-9975-71487d6bd5a6,71,-22.90723,-43.18272,-22.88711,-43.250431,2019-01-25 08:57:33,2019-01-25 09:56:10,7287.756985872198,-3517.0
C51598,1a516c64-e0c1-41ab-9975-71487d6bd5a6,72,-22.90879,-43.18819,-22.88711,-43.250431,2019-01-25 08:57:33,2019-01-25 09:57:33,6816.059725515885,-3600.0
C51637,1a516c64-e0c1-41ab-9975-71487d6bd5a6,0,-22.901318,-43.347259,-22.882669,-43.275909000000006,2019-01-25 08:57:46,2019-01-25 08:57:46,7597.370996159643,0.0
C51637,1a516c64-e0c1-41ab-9975-71487d6bd5a6,1,-22.90189,-43.34779,-22.882669,-43.275909000000006,2019-01-25 08:57:46,2019-01-25 08:57:57,7667.185236768766,-11.0
C51637,1a516c64-e0c1-41ab-9975-71487d6bd5a6,2,-22.900466,-43.349828,-22.882669,-43.275909000000006,2019-01-25 08:57:46,2019-01-25 08:58:37,7826.401256478409,-51.0
C51637,1a516c64-e0c1-41ab-9975-71487d6bd5a6,3,-22.89911,-43.35167,-22.882669,-43.275909000000006,2019-01-25 08:57:46,2019-01-25 08:59:11,7973.222504938123,-85.0
C51637,1a516c64-e0c1-41ab-9975-71487d6bd5a6,4,-22.898012,-43.352228,-22.882669,-43.275909000000006,2019-01-25 08:57:46,2019-01-25 08:59:38,8001.984809858815,-112.0
C51637,1a516c64-e0c1-41ab-9975-71487d6bd5a6,5,-22.89818,-43.350146,-22.882669,-43.275909000000006,2019-01-25 08:57:46,2019-01-25 09:00:22,7797.850376220014,-156.0
C51637,1a516c64-e0c1-41ab-9975-71487d6bd5a6,6,-22.896967,-43.348397,-22.882669,-43.275909000000006,2019-01-25 08:57:46,2019-01-25 09:00:58,7593.878901247681,-192.0
C51637,1a516c64-e0c1-41ab-9975-71487d6bd5a6,7,-22.8954,-43.34742,-22.882669,-43.275909000000006,2019-01-25 08:57:46,2019-01-25 09:01:26,7461.07255224637,-220.0
C51637,1a516c64-e0c1-41ab-9975-71487d6bd5a6,8,-22.89369,-43.34688,-22.882669,-43.275909000000006,2019-01-25 08:57:46,2019-01-25 09:01:54,7372.834137876336,-248.0
C51637,1a516c64-e0c1-41ab-9975-71487d6bd5a6,9,-22.890381,-43.34553,-22.882669,-43.275909000000006,2019-01-25 08:57:46,2019-01-25 09:02:55,7183.4354038342135,-309.0
C51637,1a516c64-e0c1-41ab-9975-71487d6bd5a6,10,-22.88842,-43.34439,-22.882669,-43.275909000000006,2019-01-25 08:57:46,2019-01-25 09:03:30,7044.420087946515,-344.0
C51637,1a516c64-e0c1-41ab-9975-71487d6bd5a6,11,-22.88717,-43.34339,-22.882669,-43.275909000000006,2019-01-25 08:57:46,2019-01-25 09:03:54,6931.017938819033,-368.0
C51637,1a516c64-e0c1-41ab-9975-71487d6bd5a6,12,-22.88579,-43.34209,-22.882669,-43.275909000000006,2019-01-25 08:57:46,2019-01-25 09:04:23,6788.659594009375,-397.0
C51637,1a516c64-e0c1-41ab-9975-71487d6bd5a6,13,-22.88283,-43.34025,-22.882669,-43.275909000000006,2019-01-25 08:57:46,2019-01-25 09:05:40,6591.384355701608,-474.0
C51637,1a516c64-e0c1-41ab-9975-71487d6bd5a6,14,-22.882534,-43.33687,-22.882669,-43.275909000000006,2019-01-25 08:57:46,2019-01-25 09:06:29,6245.123619898098,-523.0
C51637,1a516c64-e0c1-41ab-9975-71487d6bd5a6,15,-22.882382,-43.333901,-22.882669,-43.275909000000006,2019-01-25 08:57:46,2019-01-25 09:07:12,5941.037562382246,-566.0
C51637,1a516c64-e0c1-41ab-9975-71487d6bd5a6,16,-22.882138,-43.331007,-22.882669,-43.275909000000006,2019-01-25 08:57:46,2019-01-25 09:08:00,5644.791832841237,-614.0
C51637,1a516c64-e0c1-41ab-9975-71487d6bd5a6,17,-22.88256,-43.32373,-22.882669,-43.275909000000006,2019-01-25 08:57:46,2019-01-25 09:09:41,4899.002314244666,-715.0
C51637,1a516c64-e0c1-41ab-9975-71487d6bd5a6,18,-22.88284,-43.3224,-22.882669,-43.275909000000006,2019-01-25 08:57:46,2019-01-25 09:10:01,4762.769490273763,-735.0
C51637,1a516c64-e0c1-41ab-9975-71487d6bd5a6,19,-22.8835,-43.32058,-22.882669,-43.275909000000006,2019-01-25 08:57:46,2019-01-25 09:10:29,4577.204831166624,-763.0
C51637,1a516c64-e0c1-41ab-9975-71487d6bd5a6,20,-22.88445,-43.31751,-22.882669,-43.275909000000006,2019-01-25 08:57:46,2019-01-25 09:11:16,4266.353119841598,-810.0
C51637,1a516c64-e0c1-41ab-9975-71487d6bd5a6,21,-22.884744,-43.316116,-22.882669,-43.275909000000006,2019-01-25 08:57:46,2019-01-25 09:11:37,4125.400824850087,-831.0
C51637,1a516c64-e0c1-41ab-9975-71487d6bd5a6,22,-22.88498,-43.31429,-22.882669,-43.275909000000006,2019-01-25 08:57:46,2019-01-25 09:12:03,3940.2667477207337,-857.0
C51637,1a516c64-e0c1-41ab-9975-71487d6bd5a6,23,-22.885103,-43.311568,-22.882669,-43.275909000000006,2019-01-25 08:57:46,2019-01-25 09:12:42,3663.038222774814,-896.0
C51637,1a516c64-e0c1-41ab-9975-71487d6bd5a6,24,-22.88562,-43.30967,-22.882669,-43.275909000000006,2019-01-25 08:57:46,2019-01-25 09:13:12,3474.1131889542607,-926.0
C51637,1a516c64-e0c1-41ab-9975-71487d6bd5a6,25,-22.88672,-43.306443,-22.882669,-43.275909000000006,2019-01-25 08:57:46,2019-01-25 09:14:01,3160.2528542444793,-975.0
C51637,1a516c64-e0c1-41ab-9975-71487d6bd5a6,26,-22.88646,-43.30281,-22.882669,-43.275909000000006,2019-01-25 08:57:46,2019-01-25 09:14:55,2787.8674445268757,-1029.0
C51637,1a516c64-e0c1-41ab-9975-71487d6bd5a6,27,-22.88548,-43.30031,-22.882669,-43.275909000000006,2019-01-25 08:57:46,2019-01-25 09:15:36,2519.1819912584024,-1070.0
C51637,1a516c64-e0c1-41ab-9975-71487d6bd5a6,28,-22.884601,-43.297845,-22.882669,-43.275909000000006,2019-01-25 08:57:46,2019-01-25 09:16:15,2257.4458402269784,-1109.0
C51637,1a516c64-e0c1-41ab-9975-71487d6bd5a6,29,-22.88341,-43.29648,-22.882669,-43.275909000000006,2019-01-25 08:57:46,2019-01-25 09:16:42,2108.9845979405095,-1136.0
C51637,1a516c64-e0c1-41ab-9975-71487d6bd5a6,30,-22.88182,-43.29431,-22.882669,-43.275909000000006,2019-01-25 08:57:46,2019-01-25 09:17:23,1887.444510813713,-1177.0
C51637,1a516c64-e0c1-41ab-9975-71487d6bd5a6,31,-22.8842,-43.29133,-22.882669,-43.275909000000006,2019-01-25 08:57:46,2019-01-25 09:18:27,1588.9296448426937,-1241.0
C51637,1a516c64-e0c1-41ab-9975-71487d6bd5a6,32,-22.885668,-43.290084,-22.882669,-43.275909000000006,2019-01-25 08:57:46,2019-01-25 09:19:01,1489.929095902784,-1275.0
C51637,1a516c64-e0c1-41ab-9975-71487d6bd5a6,33,-22.88744,-43.2864,-22.882669,-43.275909000000006,2019-01-25 08:57:46,2019-01-25 09:19:56,1198.5293118946215,-1330.0
C51637,1a516c64-e0c1-41ab-9975-71487d6bd5a6,34,-22.887738,-43.283511,-22.882669,-43.275909000000006,2019-01-25 08:57:46,2019-01-25 09:20:32,961.3403415853184,-1366.0
C51637,1a516c64-e0c1-41ab-9975-71487d6bd5a6,35,-22.887155,-43.280679,-22.882669,-43.275909000000006,2019-01-25 08:57:46,2019-01-25 09:21:18,698.2847002050233,-1412.0
C51637,1a516c64-e0c1-41ab-9975-71487d6bd5a6,36,-22.88591,-43.27898,-22.882669,-43.275909000000006,2019-01-25 08:57:46,2019-01-25 09:21:51,478.3831548457632,-1445.0
C51637,1a516c64-e0c1-41ab-9975-71487d6bd5a6,37,-22.88441,-43.27719,-22.882669,-43.275909000000006,2019-01-25 08:57:46,2019-01-25 09:22:26,233.8773164611372,-1480.0
C51637,1a516c64-e0c1-41ab-9975-71487d6bd5a6,38,-22.8822,-43.2754,-22.882669,-43.275909000000006,2019-01-25 08:57:46,2019-01-25 09:23:09,73.74743471478476,-1523.0
C51637,1a516c64-e0c1-41ab-9975-71487d6bd5a6,39,-22.881083,-43.272751,-22.882669,-43.275909000000006,2019-01-25 08:57:46,2019-01-25 09:23:53,368.4654954796609,-1567.0
C51637,1a516c64-e0c1-41ab-9975-71487d6bd5a6,40,-22.878863,-43.265859,-22.882669,-43.275909000000006,2019-01-25 08:57:46,2019-01-25 09:25:39,1113.1656010002912,-1673.0
C51637,1a516c64-e0c1-41ab-9975-71487d6bd5a6,41,-22.87833,-43.26397,-22.882669,-43.275909000000006,2019-01-25 08:57:46,2019-01-25 09:26:11,1314.8225705538794,-1705.0
C51637,1a516c64-e0c1-41ab-9975-71487d6bd5a6,42,-22.878337,-43.261822,-22.882669,-43.275909000000006,2019-01-25 08:57:46,2019-01-25 09:26:42,1521.4228077883909,-1736.0
C51637,1a516c64-e0c1-41ab-9975-71487d6bd5a6,43,-22.880394,-43.259223,-22.882669,-43.275909000000006,2019-01-25 08:57:46,2019-01-25 09:27:37,1728.015315474441,-1791.0
C51637,1a516c64-e0c1-41ab-9975-71487d6bd5a6,44,-22.882581,-43.254845,-22.882669,-43.275909000000006,2019-01-25 08:57:46,2019-01-25 09:28:49,2157.9080794203383,-1863.0
C51637,1a516c64-e0c1-41ab-9975-71487d6bd5a6,45,-22.88517,-43.25266,-22.882669,-43.275909000000006,2019-01-25 08:57:46,2019-01-25 09:29:40,2397.884942469509,-1914.0
C51637,1a516c64-e0c1-41ab-9975-71487d6bd5a6,46,-22.886927,-43.250822,-22.882669,-43.275909000000006,2019-01-25 08:57:46,2019-01-25 09:30:18,2613.227681556296,-1952.0
C51637,1a516c64-e0c1-41ab-9975-71487d6bd5a6,47,-22.890046,-43.244457,-22.882669,-43.275909000000006,2019-01-25 08:57:46,2019-01-25 09:32:18,3324.767030254742,-2072.0
C51637,1a516c64-e0c1-41ab-9975-71487d6bd5a6,48,-22.890765,-43.242335,-22.882669,-43.275909000000006,2019-01-25 08:57:46,2019-01-25 09:32:49,3555.2240377240637,-2103.0
C51637,1a516c64-e0c1-41ab-9975-71487d6bd5a6,49,-22.891768,-43.240794,-22.882669,-43.275909000000006,2019-01-25 08:57:46,2019-01-25 09:33:13,3736.7863509547733,-2127.0
C51637,1a516c64-e0c1-41ab-9975-71487d6bd5a6,50,-22.89495,-43.24279,-22.882669,-43.275909000000006,2019-01-25 08:57:46,2019-01-25 09:34:29,3657.2139661298925,-2203.0
C51637,1a516c64-e0c1-41ab-9975-71487d6bd5a6,51,-22.897995,-43.241305,-22.882669,-43.275909000000006,2019-01-25 08:57:46,2019-01-25 09:35:40,3933.1503178053013,-2274.0
C51637,1a516c64-e0c1-41ab-9975-71487d6bd5a6,52,-22.90138,-43.241176,-22.882669,-43.275909000000006,2019-01-25 08:57:46,2019-01-25 09:36:40,4121.622594422875,-2334.0
C51637,1a516c64-e0c1-41ab-9975-71487d6bd5a6,53,-22.90591,-43.23964,-22.882669,-43.275909000000006,2019-01-25 08:57:46,2019-01-25 09:37:53,4525.644130999867,-2407.0
C51637,1a516c64-e0c1-41ab-9975-71487d6bd5a6,54,-22.907884,-43.236917,-22.882669,-43.275909000000006,2019-01-25 08:57:46,2019-01-25 09:38:43,4879.988774037419,-2457.0
C51637,1a516c64-e0c1-41ab-9975-71487d6bd5a6,55,-22.908756,-43.234655,-22.882669,-43.275909000000006,2019-01-25 08:57:46,2019-01-25 09:39:15,5125.6146756672615,-2489.0
C51637,1a516c64-e0c1-41ab-9975-71487d6bd5a6,56,-22.908374,-43.231002,-22.882669,-43.275909000000006,2019-01-25 08:57:46,2019-01-25 09:40:12,5415.711586625346,-2546.0
C51637,1a516c64-e0c1-41ab-9975-71487d6bd5a6,57,-22.90931,-43.22631,-22.882669,-43.275909000000006,2019-01-25 08:57:46,2019-01-25 09:41:33,5881.1825192893775,-2627.0
C51637,1a516c64-e0c1-41ab-9975-71487d6bd5a6,58,-22.909238,-43.222916,-22.882669,-43.275909000000006,2019-01-25 08:57:46,2019-01-25 09:42:23,6180.170235930449,-2677.0
C51637,1a516c64-e0c1-41ab-9975-71487d6bd5a6,59,-22.906357,-43.220639,-22.882669,-43.275909000000006,2019-01-25 08:57:46,2019-01-25 09:43:20,6244.323298361539,-2734.0
C51637,1a516c64-e0c1-41ab-9975-71487d6bd5a6,60,-22.904907,-43.218901,-22.882669,-43.275909000000006,2019-01-25 08:57:46,2019-01-25 09:44:06,6341.621078146279,-2780.0
C51637,1a516c64-e0c1-41ab-9975-71487d6bd5a6,61,-22.90411,-43.21611,-22.882669,-43.275909000000006,2019-01-25 08:57:46,2019-01-25 09:44:51,6573.187042194211,-2825.0
C51637,1a516c64-e0c1-41ab-9975-71487d6bd5a6,62,-22.90341,-43.21449,-22.882669,-43.275909000000006,2019-01-25 08:57:46,2019-01-25 09:45:17,6700.931383912351,-2851.0
C51637,1a516c64-e0c1-41ab-9975-71487d6bd5a6,63,-22.902025,-43.210979,-22.882669,-43.275909000000006,2019-01-25 08:57:46,2019-01-25 09:46:12,6990.793835324067,-2906.0
C51637,1a516c64-e0c1-41ab-9975-71487d6bd5a6,64,-22.908498,-43.209965,-22.882669,-43.275909000000006,2019-01-25 08:57:46,2019-01-25 09:47:58,7340.1563448775505,-3012.0
C51637,1a516c64-e0c1-41ab-9975-71487d6bd5a6,65,-22.91013,-43.205583,-22.882669,-43.275909000000006,2019-01-25 08:57:46,2019-01-25 09:49:32,7824.207217835042,-3106.0
C51637,1a516c64-e0c1-41ab-9975-71487d6bd5a6,66,-22.908619,-43.201048,-22.882669,-43.275909000000006,2019-01-25 08:57:46,2019-01-25 09:50:41,8193.268976241166,-3175.0
C51637,1a516c64-e0c1-41ab-9975-71487d6bd5a6,67,-22.90623,-43.193405,-22.882669,-43.275909000000006,2019-01-25 08:57:46,2019-01-25 09:52:38,8848.083073028025,-3292.0
C51637,1a516c64-e0c1-41ab-9975-71487d6bd5a6,68,-22.905052,-43.189782,-22.882669,-43.275909000000006,2019-01-25 08:57:46,2019-01-25 09:53:33,9166.829662711356,-3347.0
C51637,1a516c64-e0c1-41ab-9975-71487d6bd5a6,69,-22.903332,-43.184461,-22.882669,-43.275909000000006,2019-01-25 08:57:46,2019-01-25 09:54:54,9645.263556684376,-3428.0
C51637,1a516c64-e0c1-41ab-9975-71487d6bd5a6,70,-22.905593,-43.182786,-22.882669,-43.275909000000006,2019-01-25 08:57:46,2019-01-25 09:55:47,9873.811045375669,-3481.0
C51637,1a516c64-e0c1-41ab-9975-71487d6bd5a6,71,-22.90723,-43.18272,-22.882669,-43.275909000000006,2019-01-25 08:57:46,2019-01-25 09:56:23,9928.805965082951,-3517.0
C51637,1a516c64-e0c1-41ab-9975-71487d6bd5a6,72,-22.90879,-43.18819,-22.882669,-43.275909000000006,2019-01-25 08:57:46,2019-01-25 09:57:46,9443.219038396324,-3600.0
C51654,1a516c64-e0c1-41ab-9975-71487d6bd5a6,0,-22.901318,-43.347259,-22.884171,-43.277119,2019-01-25 08:58:48,2019-01-25 08:58:48,7433.586186071861,0.0
C51654,1a516c64-e0c1-41ab-9975-71487d6bd5a6,1,-22.90189,-43.34779,-22.884171,-43.277119,2019-01-25 08:58:48,2019-01-25 08:58:59,7502.60996497101,-11.0
C51654,1a516c64-e0c1-41ab-9975-71487d6bd5a6,2,-22.900466,-43.349828,-22.884171,-43.277119,2019-01-25 08:58:48,2019-01-25 08:59:39,7665.315913942727,-51.0
C51654,1a516c64-e0c1-41ab-9975-71487d6bd5a6,3,-22.89911,-43.35167,-22.884171,-43.277119,2019-01-25 08:58:48,2019-01-25 09:00:13,7815.390397937001,-85.0
C51654,1a516c64-e0c1-41ab-9975-71487d6bd5a6,4,-22.898012,-43.352228,-22.884171,-43.277119,2019-01-25 08:58:48,2019-01-25 09:00:40,7846.425803082113,-112.0
C51654,1a516c64-e0c1-41ab-9975-71487d6bd5a6,5,-22.89818,-43.350146,-22.884171,-43.277119,2019-01-25 08:58:48,2019-01-25 09:01:24,7641.189516061387,-156.0
C51654,1a516c64-e0c1-41ab-9975-71487d6bd5a6,6,-22.896967,-43.348397,-22.884171,-43.277119,2019-01-25 08:58:48,2019-01-25 09:02:00,7438.937107969852,-192.0
C51654,1a516c64-e0c1-41ab-9975-71487d6bd5a6,7,-22.8954,-43.34742,-22.884171,-43.277119,2019-01-25 08:58:48,2019-01-25 09:02:28,7308.994477191025,-220.0
C51654,1a516c64-e0c1-41ab-9975-71487d6bd5a6,8,-22.89369,-43.34688,-22.884171,-43.277119,2019-01-25 08:58:48,2019-01-25 09:02:56,7224.24341826901,-248.0
C51654,1a516c64-e0c1-41ab-9975-71487d6bd5a6,9,-22.890381,-43.34553,-22.884171,-43.277119,2019-01-25 08:58:48,2019-01-25 09:03:57,7042.011136287159,-309.0
C51654,1a516c64-e0c1-41ab-9975-71487d6bd5a6,10,-22.88842,-43.34439,-22.884171,-43.277119,2019-01-25 08:58:48,2019-01-25 09:04:32,6907.518495930813,-344.0
C51654,1a516c64-e0c1-41ab-9975-71487d6bd5a6,11,-22.88717,-43.34339,-22.884171,-43.277119,2019-01-25 08:58:48,2019-01-25 09:04:56,6797.116396643486,-368.0
C51654,1a516c64-e0c1-41ab-9975-71487d6bd5a6,12,-22.88579,-43.34209,-22.884171,-43.277119,2019-01-25 08:58:48,2019-01-25 09:05:25,6658.2246669101305,-397.0
C51654,1a516c64-e0c1-41ab-9975-71487d6bd5a6,13,-22.88283,-43.34025,-22.884171,-43.277119,2019-01-25 08:58:48,2019-01-25 09:06:42,6469.085574815112,-474.0
C51654,1a516c64-e0c1-41ab-9975-71487d6bd5a6,14,-22.882534,-43.33687,-22.884171,-43.277119,2019-01-25 08:58:48,2019-01-25 09:07:31,6123.82003577946,-523.0
C51654,1a516c64-e0c1-41ab-9975-71487d6bd5a6,15,-22.882382,-43.333901,-22.884171,-43.277119,2019-01-25 08:58:48,2019-01-25 09:08:14,5820.36248411098,-566.0
C51654,1a516c64-e0c1-41ab-9975-71487d6bd5a6,16,-22.882138,-43.331007,-22.884171,-43.277119,2019-01-25 08:58:48,2019-01-25 09:09:02,5525.121249507091,-614.0
C51654,1a516c64-e0c1-41ab-9975-71487d6bd5a6,17,-22.88256,-43.32373,-22.884171,-43.277119,2019-01-25 08:58:48,2019-01-25 09:10:43,4778.362300359323,-715.0
C51654,1a516c64-e0c1-41ab-9975-71487d6bd5a6,18,-22.88284,-43.3224,-22.884171,-43.277119,2019-01-25 08:58:48,2019-01-25 09:11:03,4641.108832274975,-735.0
C51654,1a516c64-e0c1-41ab-9975-71487d6bd5a6,19,-22.8835,-43.32058,-22.884171,-43.277119,2019-01-25 08:58:48,2019-01-25 09:11:31,4452.915402414766,-763.0
C51654,1a516c64-e0c1-41ab-9975-71487d6bd5a6,20,-22.88445,-43.31751,-22.884171,-43.277119,2019-01-25 08:58:48,2019-01-25 09:12:18,4137.891020216749,-810.0
C51654,1a516c64-e0c1-41ab-9975-71487d6bd5a6,21,-22.884744,-43.316116,-22.884171,-43.277119,2019-01-25 08:58:48,2019-01-25 09:12:39,3995.4729233725884,-831.0
C51654,1a516c64-e0c1-41ab-9975-71487d6bd5a6,22,-22.88498,-43.31429,-22.884171,-43.277119,2019-01-25 08:58:48,2019-01-25 09:13:05,3808.9632750157566,-857.0
C51654,1a516c64-e0c1-41ab-9975-71487d6bd5a6,23,-22.885103,-43.311568,-22.884171,-43.277119,2019-01-25 08:58:48,2019-01-25 09:13:44,3530.5713214044417,-896.0
C51654,1a516c64-e0c1-41ab-9975-71487d6bd5a6,24,-22.88562,-43.30967,-22.884171,-43.277119,2019-01-25 08:58:48,2019-01-25 09:14:14,3338.4975903009404,-926.0
C51654,1a516c64-e0c1-41ab-9975-71487d6bd5a6,25,-22.88672,-43.306443,-22.884171,-43.277119,2019-01-25 08:58:48,2019-01-25 09:15:03,3017.354861190783,-975.0
C51654,1a516c64-e0c1-41ab-9975-71487d6bd5a6,26,-22.88646,-43.30281,-22.884171,-43.277119,2019-01-25 08:58:48,2019-01-25 09:15:57,2644.1222221771122,-1029.0
C51654,1a516c64-e0c1-41ab-9975-71487d6bd5a6,27,-22.88548,-43.30031,-22.884171,-43.277119,2019-01-25 08:58:48,2019-01-25 09:16:38,2380.2009578377574,-1070.0
C51654,1a516c64-e0c1-41ab-9975-71487d6bd5a6,28,-22.884601,-43.297845,-22.884171,-43.277119,2019-01-25 08:58:48,2019-01-25 09:17:17,2123.770489598147,-1109.0
C51654,1a516c64-e0c1-41ab-9975-71487d6bd5a6,29,-22.88341,-43.29648,-22.884171,-43.277119,2019-01-25 08:58:48,2019-01-25 09:17:44,1985.2105540492737,-1136.0
C51654,1a516c64-e0c1-41ab-9975-71487d6bd5a6,30,-22.88182,-43.29431,-22.884171,-43.277119,2019-01-25 08:58:48,2019-01-25 09:18:25,1780.4112464271786,-1177.0
C51654,1a516c64-e0c1-41ab-9975-71487d6bd5a6,31,-22.8842,-43.29133,-22.884171,-43.277119,2019-01-25 08:58:48,2019-01-25 09:19:29,1455.822215947554,-1241.0
C51654,1a516c64-e0c1-41ab-9975-71487d6bd5a6,32,-22.885668,-43.290084,-22.884171,-43.277119,2019-01-25 08:58:48,2019-01-25 09:20:03,1338.5578539698572,-1275.0
C51654,1a516c64-e0c1-41ab-9975-71487d6bd5a6,33,-22.88744,-43.2864,-22.884171,-43.277119,2019-01-25 08:58:48,2019-01-25 09:20:58,1017.8799498285083,-1330.0
C51654,1a516c64-e0c1-41ab-9975-71487d6bd5a6,34,-22.887738,-43.283511,-22.884171,-43.277119,2019-01-25 08:58:48,2019-01-25 09:21:34,765.5653084034268,-1366.0
C51654,1a516c64-e0c1-41ab-9975-71487d6bd5a6,35,-22.887155,-43.280679,-22.884171,-43.277119,2019-01-25 08:58:48,2019-01-25 09:22:20,493.0479445007655,-1412.0
C51654,1a516c64-e0c1-41ab-9975-71487d6bd5a6,36,-22.88591,-43.27898,-22.884171,-43.277119,2019-01-25 08:58:48,2019-01-25 09:22:53,271.54527054125685,-1445.0
C51654,1a516c64-e0c1-41ab-9975-71487d6bd5a6,37,-22.88441,-43.27719,-22.884171,-43.277119,2019-01-25 08:58:48,2019-01-25 09:23:28,27.552948502256072,-1480.0
C51654,1a516c64-e0c1-41ab-9975-71487d6bd5a6,38,-22.8822,-43.2754,-22.884171,-43.277119,2019-01-25 08:58:48,2019-01-25 09:24:11,281.1493051700197,-1523.0
C51654,1a516c64-e0c1-41ab-9975-71487d6bd5a6,39,-22.881083,-43.272751,-22.884171,-43.277119,2019-01-25 08:58:48,2019-01-25 09:24:55,564.037364525009,-1567.0
C51654,1a516c64-e0c1-41ab-9975-71487d6bd5a6,40,-22.878863,-43.265859,-22.884171,-43.277119,2019-01-25 08:58:48,2019-01-25 09:26:41,1295.7616968818386,-1673.0
C51654,1a516c64-e0c1-41ab-9975-71487d6bd5a6,41,-22.87833,-43.26397,-22.884171,-43.277119,2019-01-25 08:58:48,2019-01-25 09:27:13,1495.4561368490881,-1705.0
C51654,1a516c64-e0c1-41ab-9975-71487d6bd5a6,42,-22.878337,-43.261822,-22.884171,-43.277119,2019-01-25 08:58:48,2019-01-25 09:27:44,1696.0679259050585,-1736.0
C51654,1a516c64-e0c1-41ab-9975-71487d6bd5a6,43,-22.880394,-43.259223,-22.884171,-43.277119,2019-01-25 08:58:48,2019-01-25 09:28:39,1880.8369203203235,-1791.0
C51654,1a516c64-e0c1-41ab-9975-71487d6bd5a6,44,-22.882581,-43.254845,-22.884171,-43.277119,2019-01-25 08:58:48,2019-01-25 09:29:51,2288.6699472481732,-1863.0
C51654,1a516c64-e0c1-41ab-9975-71487d6bd5a6,45,-22.88517,-43.25266,-22.884171,-43.277119,2019-01-25 08:58:48,2019-01-25 09:30:42,2508.1075479254887,-1914.0
C51654,1a516c64-e0c1-41ab-9975-71487d6bd5a6,46,-22.886927,-43.250822,-22.884171,-43.277119,2019-01-25 08:58:48,2019-01-25 09:31:20,2711.293308416521,-1952.0
C51654,1a516c64-e0c1-41ab-9975-71487d6bd5a6,47,-22.890046,-43.244457,-22.884171,-43.277119,2019-01-25 08:58:48,2019-01-25 09:33:20,3409.100858627014,-2072.0
C51654,1a516c64-e0c1-41ab-9975-71487d6bd5a6,48,-22.890765,-43.242335,-22.884171,-43.277119,2019-01-25 08:58:48,2019-01-25 09:33:51,3637.949244460885,-2103.0
C51654,1a516c64-e0c1-41ab-9975-71487d6bd5a6,49,-22.891768,-43.240794,-22.884171,-43.277119,2019-01-25 08:58:48,2019-01-25 09:34:15,3815.821128608748,-2127.0
C51654,1a516c64-e0c1-41ab-9975-71487d6bd5a6,50,-22.89495,-43.24279,-22.884171,-43.277119,2019-01-25 08:58:48,2019-01-25 09:35:31,3715.272790614997,-2203.0
C51654,1a516c64-e0c1-41ab-9975-71487d6bd5a6,51,-22.897995,-43.241305,-22.884171,-43.277119,2019-01-25 08:58:48,2019-01-25 09:36:42,3977.724274941314,-2274.0
C51654,1a516c64-e0c1-41ab-9975-71487d6bd5a6,52,-22.90138,-43.241176,-22.884171,-43.277119,2019-01-25 08:58:48,2019-01-25 09:37:42,4149.4478226083265,-2334.0
C51654,1a516c64-e0c1-41ab-9975-71487d6bd5a6,53,-22.90591,-43.23964,-22.884171,-43.277119,2019-01-25 08:58:48,2019-01-25 09:38:55,4536.77252443921,-2407.0
C51654,1a516c64-e0c1-41ab-9975-71487d6bd5a6,54,-22.907884,-43.236917,-22.884171,-43.277119,2019-01-25 08:58:48,2019-01-25 09:39:45,4889.880135123488,-2457.0
C51654,1a516c64-e0c1-41ab-9975-71487d6bd5a6,55,-22.908756,-43.234655,-22.884171,-43.277119,2019-01-25 08:58:48,2019-01-25 09:40:17,5137.468712567763,-2489.0
C51654,1a516c64-e0c1-41ab-9975-71487d6bd5a6,56,-22.908374,-43.231002,-22.884171,-43.277119,2019-01-25 08:58:48,2019-01-25 09:41:14,5436.773319007153,-2546.0
C51654,1a516c64-e0c1-41ab-9975-71487d6bd5a6,57,-22.90931,-43.22631,-22.884171,-43.277119,2019-01-25 08:58:48,2019-01-25 09:42:35,5907.7233671163995,-2627.0
C51654,1a516c64-e0c1-41ab-9975-71487d6bd5a6,58,-22.909238,-43.222916,-22.884171,-43.277119,2019-01-25 08:58:48,2019-01-25 09:43:25,6212.584594767374,-2677.0
C51654,1a516c64-e0c1-41ab-9975-71487d6bd5a6,59,-22.906357,-43.220639,-22.884171,-43.277119,2019-01-25 08:58:48,2019-01-25 09:44:22,6289.523309519955,-2734.0
C51654,1a516c64-e0c1-41ab-9975-71487d6bd5a6,60,-22.904907,-43.218901,-22.884171,-43.277119,2019-01-25 08:58:48,2019-01-25 09:45:08,6393.799335989238,-2780.0
C51654,1a516c64-e0c1-41ab-9975-71487d6bd5a6,61,-22.90411,-43.21611,-22.884171,-43.277119,2019-01-25 08:58:48,2019-01-25 09:45:53,6631.119475376833,-2825.0
C51654,1a516c64-e0c1-41ab-9975-71487d6bd5a6,62,-22.90341,-43.21449,-22.884171,-43.277119,2019-01-25 08:58:48,2019-01-25 09:46:19,6762.733245289118,-2851.0
C51654,1a516c64-e0c1-41ab-9975-71487d6bd5a6,63,-22.902025,-43.210979,-22.884171,-43.277119,2019-01-25 08:58:48,2019-01-25 09:47:14,7060.0171064984725,-2906.0
C51654,1a516c64-e0c1-41ab-9975-71487d6bd5a6,64,-22.908498,-43.209965,-22.884171,-43.277119,2019-01-25 08:58:48,2019-01-25 09:49:00,7391.6012169073665,-3012.0
C51654,1a516c64-e0c1-41ab-9975-71487d6bd5a6,65,-22.91013,-43.205583,-22.884171,-43.277119,2019-01-25 08:58:48,2019-01-25 09:50:34,7875.700211091165,-3106.0
C51654,1a516c64-e0c1-41ab-9975-71487d6bd5a6,66,-22.908619,-43.201048,-22.884171,-43.277119,2019-01-25 08:58:48,2019-01-25 09:51:43,8252.836584225017,-3175.0
C51654,1a516c64-e0c1-41ab-9975-71487d6bd5a6,67,-22.90623,-43.193405,-22.884171,-43.277119,2019-01-25 08:58:48,2019-01-25 09:53:40,8919.13299754421,-3292.0
C51654,1a516c64-e0c1-41ab-9975-71487d6bd5a6,68,-22.905052,-43.189782,-22.884171,-43.277119,2019-01-25 08:58:48,2019-01-25 09:54:35,9242.771518602183,-3347.0
C51654,1a516c64-e0c1-41ab-9975-71487d6bd5a6,69,-22.903332,-43.184461,-22.884171,-43.277119,2019-01-25 08:58:48,2019-01-25 09:55:56,9727.697018437582,-3428.0
C51654,1a516c64-e0c1-41ab-9975-71487d6bd5a6,70,-22.905593,-43.182786,-22.884171,-43.277119,2019-01-25 08:58:48,2019-01-25 09:56:49,9952.266275604745,-3481.0
C51654,1a516c64-e0c1-41ab-9975-71487d6bd5a6,71,-22.90723,-43.18272,-22.884171,-43.277119,2019-01-25 08:58:48,2019-01-25 09:57:25,10003.87379988971,-3517.0
C51654,1a516c64-e0c1-41ab-9975-71487d6bd5a6,72,-22.90879,-43.18819,-22.884171,-43.277119,2019-01-25 08:58:48,2019-01-25 09:58:48,9511.778934037024,-3600.0
C51612,1a516c64-e0c1-41ab-9975-71487d6bd5a6,0,-22.901318,-43.347259,-22.901211,-43.347111,2019-01-25 08:57:40,2019-01-25 08:57:40,19.271080307748573,0.0
C51612,1a516c64-e0c1-41ab-9975-71487d6bd5a6,1,-22.90189,-43.34779,-22.901211,-43.347111,2019-01-25 08:57:40,2019-01-25 08:57:51,102.65305830795981,-11.0
C51612,1a516c64-e0c1-41ab-9975-71487d6bd5a6,2,-22.900466,-43.349828,-22.901211,-43.347111,2019-01-25 08:57:40,2019-01-25 08:58:31,290.3712273710687,-51.0
C51612,1a516c64-e0c1-41ab-9975-71487d6bd5a6,3,-22.89911,-43.35167,-22.901211,-43.347111,2019-01-25 08:57:40,2019-01-25 08:59:05,522.1606155043586,-85.0
C51612,1a516c64-e0c1-41ab-9975-71487d6bd5a6,4,-22.898012,-43.352228,-22.901211,-43.347111,2019-01-25 08:57:40,2019-01-25 08:59:32,633.4476422665616,-112.0
C51612,1a516c64-e0c1-41ab-9975-71487d6bd5a6,5,-22.89818,-43.350146,-22.901211,-43.347111,2019-01-25 08:57:40,2019-01-25 09:00:16,458.5153629698614,-156.0
C51612,1a516c64-e0c1-41ab-9975-71487d6bd5a6,6,-22.896967,-43.348397,-22.901211,-43.347111,2019-01-25 08:57:40,2019-01-25 09:00:52,489.9513612388287,-192.0
C51612,1a516c64-e0c1-41ab-9975-71487d6bd5a6,7,-22.8954,-43.34742,-22.901211,-43.347111,2019-01-25 08:57:40,2019-01-25 09:01:20,646.928476108535,-220.0
C51612,1a516c64-e0c1-41ab-9975-71487d6bd5a6,8,-22.89369,-43.34688,-22.901211,-43.347111,2019-01-25 08:57:40,2019-01-25 09:01:48,836.6317210729281,-248.0
C51612,1a516c64-e0c1-41ab-9975-71487d6bd5a6,9,-22.890381,-43.34553,-22.901211,-43.347111,2019-01-25 08:57:40,2019-01-25 09:02:49,1215.0818438493018,-309.0
C51612,1a516c64-e0c1-41ab-9975-71487d6bd5a6,10,-22.88842,-43.34439,-22.901211,-43.347111,2019-01-25 08:57:40,2019-01-25 09:03:24,1449.3478404454177,-344.0
C51612,1a516c64-e0c1-41ab-9975-71487d6bd5a6,11,-22.88717,-43.34339,-22.901211,-43.347111,2019-01-25 08:57:40,2019-01-25 09:03:48,1607.1418862286696,-368.0
C51612,1a516c64-e0c1-41ab-9975-71487d6bd5a6,12,-22.88579,-43.34209,-22.901211,-43.347111,2019-01-25 08:57:40,2019-01-25 09:04:17,1790.2121815925243,-397.0
C51612,1a516c64-e0c1-41ab-9975-71487d6bd5a6,13,-22.88283,-43.34025,-22.901211,-43.347111,2019-01-25 08:57:40,2019-01-25 09:05:34,2161.337234789391,-474.0
C51612,1a516c64-e0c1-41ab-9975-71487d6bd5a6,14,-22.882534,-43.33687,-22.901211,-43.347111,2019-01-25 08:57:40,2019-01-25 09:06:23,2326.7088738549787,-523.0
C51612,1a516c64-e0c1-41ab-9975-71487d6bd5a6,15,-22.882382,-43.333901,-22.901211,-43.347111,2019-01-25 08:57:40,2019-01-25 09:07:06,2492.9254889444637,-566.0
C51612,1a516c64-e0c1-41ab-9975-71487d6bd5a6,16,-22.882138,-43.331007,-22.901211,-43.347111,2019-01-25 08:57:40,2019-01-25 09:07:54,2686.863211070756,-614.0
C51612,1a516c64-e0c1-41ab-9975-71487d6bd5a6,17,-22.88256,-43.32373,-22.901211,-43.347111,2019-01-25 08:57:40,2019-01-25 09:09:35,3168.1987014144834,-715.0
C51612,1a516c64-e0c1-41ab-9975-71487d6bd5a6,18,-22.88284,-43.3224,-22.901211,-43.347111,2019-01-25 08:57:40,2019-01-25 09:09:55,3252.7652260231307,-735.0
C51612,1a516c64-e0c1-41ab-9975-71487d6bd5a6,19,-22.8835,-43.32058,-22.901211,-43.347111,2019-01-25 08:57:40,2019-01-25 09:10:23,3356.280237539996,-763.0
C51612,1a516c64-e0c1-41ab-9975-71487d6bd5a6,20,-22.88445,-43.31751,-22.901211,-43.347111,2019-01-25 08:57:40,2019-01-25 09:11:10,3559.2001054418884,-810.0
C51612,1a516c64-e0c1-41ab-9975-71487d6bd5a6,21,-22.884744,-43.316116,-22.901211,-43.347111,2019-01-25 08:57:40,2019-01-25 09:11:31,3665.169778142312,-831.0
C51612,1a516c64-e0c1-41ab-9975-71487d6bd5a6,22,-22.88498,-43.31429,-22.901211,-43.347111,2019-01-25 08:57:40,2019-01-25 09:11:57,3815.860655188377,-857.0
C51612,1a516c64-e0c1-41ab-9975-71487d6bd5a6,23,-22.885103,-43.311568,-22.901211,-43.347111,2019-01-25 08:57:40,2019-01-25 09:12:36,4057.6158568237884,-896.0
C51612,1a516c64-e0c1-41ab-9975-71487d6bd5a6,24,-22.88562,-43.30967,-22.901211,-43.347111,2019-01-25 08:57:40,2019-01-25 09:13:06,4208.932781130702,-926.0
C51612,1a516c64-e0c1-41ab-9975-71487d6bd5a6,25,-22.88672,-43.306443,-22.901211,-43.347111,2019-01-25 08:57:40,2019-01-25 09:13:55,4466.622721207588,-975.0
C51612,1a516c64-e0c1-41ab-9975-71487d6bd5a6,26,-22.88646,-43.30281,-22.901211,-43.347111,2019-01-25 08:57:40,2019-01-25 09:14:49,4825.338779385594,-1029.0
C51612,1a516c64-e0c1-41ab-9975-71487d6bd5a6,27,-22.88548,-43.30031,-22.901211,-43.347111,2019-01-25 08:57:40,2019-01-25 09:15:30,5103.26030812863,-1070.0
C51612,1a516c64-e0c1-41ab-9975-71487d6bd5a6,28,-22.884601,-43.297845,-22.901211,-43.347111,2019-01-25 08:57:40,2019-01-25 09:16:09,5373.988881993415,-1109.0
C51612,1a516c64-e0c1-41ab-9975-71487d6bd5a6,29,-22.88341,-43.29648,-22.901211,-43.347111,2019-01-25 08:57:40,2019-01-25 09:16:36,5551.358104384173,-1136.0
C51612,1a516c64-e0c1-41ab-9975-71487d6bd5a6,30,-22.88182,-43.29431,-22.901211,-43.347111,2019-01-25 08:57:40,2019-01-25 09:17:17,5822.738809928505,-1177.0
C51612,1a516c64-e0c1-41ab-9975-71487d6bd5a6,31,-22.8842,-43.29133,-22.901211,-43.347111,2019-01-25 08:57:40,2019-01-25 09:18:21,6018.963576029497,-1241.0
C51612,1a516c64-e0c1-41ab-9975-71487d6bd5a6,32,-22.885668,-43.290084,-22.901211,-43.347111,2019-01-25 08:57:40,2019-01-25 09:18:55,6091.928482842022,-1275.0
C51612,1a516c64-e0c1-41ab-9975-71487d6bd5a6,33,-22.88744,-43.2864,-22.901211,-43.347111,2019-01-25 08:57:40,2019-01-25 09:19:50,6404.701592076084,-1330.0
C51612,1a516c64-e0c1-41ab-9975-71487d6bd5a6,34,-22.887738,-43.283511,-22.901211,-43.347111,2019-01-25 08:57:40,2019-01-25 09:20:26,6684.91817709306,-1366.0
C51612,1a516c64-e0c1-41ab-9975-71487d6bd5a6,35,-22.887155,-43.280679,-22.901211,-43.347111,2019-01-25 08:57:40,2019-01-25 09:21:12,6982.178834295069,-1412.0
C51612,1a516c64-e0c1-41ab-9975-71487d6bd5a6,36,-22.88591,-43.27898,-22.901211,-43.347111,2019-01-25 08:57:40,2019-01-25 09:21:45,7183.461716016299,-1445.0
C51612,1a516c64-e0c1-41ab-9975-71487d6bd5a6,37,-22.88441,-43.27719,-22.901211,-43.347111,2019-01-25 08:57:40,2019-01-25 09:22:20,7402.0982724884225,-1480.0
C51612,1a516c64-e0c1-41ab-9975-71487d6bd5a6,38,-22.8822,-43.2754,-22.901211,-43.347111,2019-01-25 08:57:40,2019-01-25 09:23:03,7644.002056688864,-1523.0
C51612,1a516c64-e0c1-41ab-9975-71487d6bd5a6,39,-22.881083,-43.272751,-22.901211,-43.347111,2019-01-25 08:57:40,2019-01-25 09:23:47,7939.278152820258,-1567.0
C51612,1a516c64-e0c1-41ab-9975-71487d6bd5a6,40,-22.878863,-43.265859,-22.901211,-43.347111,2019-01-25 08:57:40,2019-01-25 09:25:33,8686.38245376344,-1673.0
C51612,1a516c64-e0c1-41ab-9975-71487d6bd5a6,41,-22.87833,-43.26397,-22.901211,-43.347111,2019-01-25 08:57:40,2019-01-25 09:26:05,8888.772825270753,-1705.0
C51612,1a516c64-e0c1-41ab-9975-71487d6bd5a6,42,-22.878337,-43.261822,-22.901211,-43.347111,2019-01-25 08:57:40,2019-01-25 09:26:36,9099.605307198424,-1736.0
C51612,1a516c64-e0c1-41ab-9975-71487d6bd5a6,43,-22.880394,-43.259223,-22.901211,-43.347111,2019-01-25 08:57:40,2019-01-25 09:27:31,9295.88432660407,-1791.0
C51612,1a516c64-e0c1-41ab-9975-71487d6bd5a6,44,-22.882581,-43.254845,-22.901211,-43.347111,2019-01-25 08:57:40,2019-01-25 09:28:43,9675.834343619006,-1863.0
C51612,1a516c64-e0c1-41ab-9975-71487d6bd5a6,45,-22.88517,-43.25266,-22.901211,-43.347111,2019-01-25 08:57:40,2019-01-25 09:29:34,9838.251004710391,-1914.0
C51612,1a516c64-e0c1-41ab-9975-71487d6bd5a6,46,-22.886927,-43.250822,-22.901211,-43.347111,2019-01-25 08:57:40,2019-01-25 09:30:12,9990.487695973381,-1952.0
C51612,1a516c64-e0c1-41ab-9975-71487d6bd5a6,47,-22.890046,-43.244457,-22.901211,-43.347111,2019-01-25 08:57:40,2019-01-25 09:32:12,10588.34004725411,-2072.0
C51612,1a516c64-e0c1-41ab-9975-71487d6bd5a6,48,-22.890765,-43.242335,-22.901211,-43.347111,2019-01-25 08:57:40,2019-01-25 09:32:43,10795.313754979154,-2103.0
C51612,1a516c64-e0c1-41ab-9975-71487d6bd5a6,49,-22.891768,-43.240794,-22.901211,-43.347111,2019-01-25 08:57:40,2019-01-25 09:33:07,10940.955422139243,-2127.0
C51612,1a516c64-e0c1-41ab-9975-71487d6bd5a6,50,-22.89495,-43.24279,-22.901211,-43.347111,2019-01-25 08:57:40,2019-01-25 09:34:23,10708.52496296149,-2203.0
C51612,1a516c64-e0c1-41ab-9975-71487d6bd5a6,51,-22.897995,-43.241305,-22.901211,-43.347111,2019-01-25 08:57:40,2019-01-25 09:35:34,10843.75914024698,-2274.0
C51612,1a516c64-e0c1-41ab-9975-71487d6bd5a6,52,-22.90138,-43.241176,-22.901211,-43.347111,2019-01-25 08:57:40,2019-01-25 09:36:34,10850.955592443299,-2334.0
C51612,1a516c64-e0c1-41ab-9975-71487d6bd5a6,53,-22.90591,-43.23964,-22.901211,-43.347111,2019-01-25 08:57:40,2019-01-25 09:37:47,11020.481709313319,-2407.0
C51612,1a516c64-e0c1-41ab-9975-71487d6bd5a6,54,-22.907884,-43.236917,-22.901211,-43.347111,2019-01-25 08:57:40,2019-01-25 09:38:37,11311.282127231685,-2457.0
C51612,1a516c64-e0c1-41ab-9975-71487d6bd5a6,55,-22.908756,-43.234655,-22.901211,-43.347111,2019-01-25 08:57:40,2019-01-25 09:39:09,11549.086126634142,-2489.0
C51612,1a516c64-e0c1-41ab-9975-71487d6bd5a6,56,-22.908374,-43.231002,-22.901211,-43.347111,2019-01-25 08:57:40,2019-01-25 09:40:06,11919.398719577377,-2546.0
C51612,1a516c64-e0c1-41ab-9975-71487d6bd5a6,57,-22.90931,-43.22631,-22.901211,-43.347111,2019-01-25 08:57:40,2019-01-25 09:41:27,12406.034042224017,-2627.0
C51612,1a516c64-e0c1-41ab-9975-71487d6bd5a6,58,-22.909238,-43.222916,-22.901211,-43.347111,2019-01-25 08:57:40,2019-01-25 09:42:17,12752.220158379736,-2677.0
C51612,1a516c64-e0c1-41ab-9975-71487d6bd5a6,59,-22.906357,-43.220639,-22.901211,-43.347111,2019-01-25 08:57:40,2019-01-25 09:43:14,12966.941213484857,-2734.0
C51612,1a516c64-e0c1-41ab-9975-71487d6bd5a6,60,-22.904907,-43.218901,-22.901211,-43.347111,2019-01-25 08:57:40,2019-01-25 09:44:00,13138.82945492396,-2780.0
C51612,1a516c64-e0c1-41ab-9975-71487d6bd5a6,61,-22.90411,-43.21611,-22.901211,-43.347111,2019-01-25 08:57:40,2019-01-25 09:44:45,13422.190049415321,-2825.0
C51612,1a516c64-e0c1-41ab-9975-71487d6bd5a6,62,-22.90341,-43.21449,-22.901211,-43.347111,2019-01-25 08:57:40,2019-01-25 09:45:11,13586.489305300303,-2851.0
C51612,1a516c64-e0c1-41ab-9975-71487d6bd5a6,63,-22.902025,-43.210979,-22.901211,-43.347111,2019-01-25 08:57:40,2019-01-25 09:46:06,13944.283363800236,-2906.0
C51612,1a516c64-e0c1-41ab-9975-71487d6bd5a6,64,-22.908498,-43.209965,-22.901211,-43.347111,2019-01-25 08:57:40,2019-01-25 09:47:52,14070.86774066228,-3012.0
C51612,1a516c64-e0c1-41ab-9975-71487d6bd5a6,65,-22.91013,-43.205583,-22.901211,-43.347111,2019-01-25 08:57:40,2019-01-25 09:49:26,14530.153281945682,-3106.0
C51612,1a516c64-e0c1-41ab-9975-71487d6bd5a6,66,-22.908619,-43.201048,-22.901211,-43.347111,2019-01-25 08:57:40,2019-01-25 09:50:35,14983.517129431639,-3175.0
C51612,1a516c64-e0c1-41ab-9975-71487d6bd5a6,67,-22.90623,-43.193405,-22.901211,-43.347111,2019-01-25 08:57:40,2019-01-25 09:52:32,15753.737166136681,-3292.0
C51612,1a516c64-e0c1-41ab-9975-71487d6bd5a6,68,-22.905052,-43.189782,-22.901211,-43.347111,2019-01-25 08:57:40,2019-01-25 09:53:27,16120.675300655423,-3347.0
C51612,1a516c64-e0c1-41ab-9975-71487d6bd5a6,69,-22.903332,-43.184461,-22.901211,-43.347111,2019-01-25 08:57:40,2019-01-25 09:54:48,16661.814883661034,-3428.0
C51612,1a516c64-e0c1-41ab-9975-71487d6bd5a6,70,-22.905593,-43.182786,-22.901211,-43.347111,2019-01-25 08:57:40,2019-01-25 09:55:41,16838.625887884056,-3481.0
C51612,1a516c64-e0c1-41ab-9975-71487d6bd5a6,71,-22.90723,-43.18272,-22.901211,-43.347111,2019-01-25 08:57:40,2019-01-25 09:56:17,16851.5292320042,-3517.0
C51612,1a516c64-e0c1-41ab-9975-71487d6bd5a6,72,-22.90879,-43.18819,-22.901211,-43.347111,2019-01-25 08:57:40,2019-01-25 09:57:40,16299.65973860577,-3600.0
C51605,1a516c64-e0c1-41ab-9975-71487d6bd5a6,0,-22.901318,-43.347259,-22.879801,-43.259861,2019-01-25 08:57:35,2019-01-25 08:57:35,9267.084789637656,0.0
C51605,1a516c64-e0c1-41ab-9975-71487d6bd5a6,1,-22.90189,-43.34779,-22.879801,-43.259861,2019-01-25 08:57:35,2019-01-25 08:57:46,9336.158559313766,-11.0
C51605,1a516c64-e0c1-41ab-9975-71487d6bd5a6,2,-22.900466,-43.349828,-22.879801,-43.259861,2019-01-25 08:57:35,2019-01-25 08:58:26,9498.233915040677,-51.0
C51605,1a516c64-e0c1-41ab-9975-71487d6bd5a6,3,-22.89911,-43.35167,-22.879801,-43.259861,2019-01-25 08:57:35,2019-01-25 08:59:00,9646.799233490898,-85.0
C51605,1a516c64-e0c1-41ab-9975-71487d6bd5a6,4,-22.898012,-43.352228,-22.879801,-43.259861,2019-01-25 08:57:35,2019-01-25 08:59:27,9676.28724087504,-112.0
C51605,1a516c64-e0c1-41ab-9975-71487d6bd5a6,5,-22.89818,-43.350146,-22.879801,-43.259861,2019-01-25 08:57:35,2019-01-25 09:00:11,9471.843299388813,-156.0
C51605,1a516c64-e0c1-41ab-9975-71487d6bd5a6,6,-22.896967,-43.348397,-22.879801,-43.259861,2019-01-25 08:57:35,2019-01-25 09:00:47,9268.30178871937,-192.0
C51605,1a516c64-e0c1-41ab-9975-71487d6bd5a6,7,-22.8954,-43.34742,-22.879801,-43.259861,2019-01-25 08:57:35,2019-01-25 09:01:15,9135.759528435108,-220.0
C51605,1a516c64-e0c1-41ab-9975-71487d6bd5a6,8,-22.89369,-43.34688,-22.879801,-43.259861,2019-01-25 08:57:35,2019-01-25 09:01:43,9047.117915699282,-248.0
C51605,1a516c64-e0c1-41ab-9975-71487d6bd5a6,9,-22.890381,-43.34553,-22.879801,-43.259861,2019-01-25 08:57:35,2019-01-25 09:02:44,8854.637783643862,-309.0
C51605,1a516c64-e0c1-41ab-9975-71487d6bd5a6,10,-22.88842,-43.34439,-22.879801,-43.259861,2019-01-25 08:57:35,2019-01-25 09:03:19,8712.289859770317,-344.0
C51605,1a516c64-e0c1-41ab-9975-71487d6bd5a6,11,-22.88717,-43.34339,-22.879801,-43.259861,2019-01-25 08:57:35,2019-01-25 09:03:43,8596.154216263552,-368.0
C51605,1a516c64-e0c1-41ab-9975-71487d6bd5a6,12,-22.88579,-43.34209,-22.879801,-43.259861,2019-01-25 08:57:35,2019-01-25 09:04:12,8450.16043894873,-397.0
C51605,1a516c64-e0c1-41ab-9975-71487d6bd5a6,13,-22.88283,-43.34025,-22.879801,-43.259861,2019-01-25 08:57:35,2019-01-25 09:05:29,8242.355401697827,-474.0
C51605,1a516c64-e0c1-41ab-9975-71487d6bd5a6,14,-22.882534,-43.33687,-22.879801,-43.259861,2019-01-25 08:57:35,2019-01-25 09:06:18,7895.065559838268,-523.0
C51605,1a516c64-e0c1-41ab-9975-71487d6bd5a6,15,-22.882382,-43.333901,-22.879801,-43.259861,2019-01-25 08:57:35,2019-01-25 09:07:01,7590.486141607334,-566.0
C51605,1a516c64-e0c1-41ab-9975-71487d6bd5a6,16,-22.882138,-43.331007,-22.879801,-43.259861,2019-01-25 08:57:35,2019-01-25 09:07:49,7293.219152991011,-614.0
C51605,1a516c64-e0c1-41ab-9975-71487d6bd5a6,17,-22.88256,-43.32373,-22.879801,-43.259861,2019-01-25 08:57:35,2019-01-25 09:09:30,6550.270256981718,-715.0
C51605,1a516c64-e0c1-41ab-9975-71487d6bd5a6,18,-22.88284,-43.3224,-22.879801,-43.259861,2019-01-25 08:57:35,2019-01-25 09:09:50,6415.728569497855,-735.0
C51605,1a516c64-e0c1-41ab-9975-71487d6bd5a6,19,-22.8835,-43.32058,-22.879801,-43.259861,2019-01-25 08:57:35,2019-01-25 09:10:18,6233.941375701679,-763.0
C51605,1a516c64-e0c1-41ab-9975-71487d6bd5a6,20,-22.88445,-43.31751,-22.879801,-43.259861,2019-01-25 08:57:35,2019-01-25 09:11:05,5928.41212246684,-810.0
C51605,1a516c64-e0c1-41ab-9975-71487d6bd5a6,21,-22.884744,-43.316116,-22.879801,-43.259861,2019-01-25 08:57:35,2019-01-25 09:11:26,5789.16770513533,-831.0
C51605,1a516c64-e0c1-41ab-9975-71487d6bd5a6,22,-22.88498,-43.31429,-22.879801,-43.259861,2019-01-25 08:57:35,2019-01-25 09:11:52,5605.607439247464,-857.0
C51605,1a516c64-e0c1-41ab-9975-71487d6bd5a6,23,-22.885103,-43.311568,-22.879801,-43.259861,2019-01-25 08:57:35,2019-01-25 09:12:31,5329.7992630115905,-896.0
C51605,1a516c64-e0c1-41ab-9975-71487d6bd5a6,24,-22.88562,-43.30967,-22.879801,-43.259861,2019-01-25 08:57:35,2019-01-25 09:13:01,5143.503639308003,-926.0
C51605,1a516c64-e0c1-41ab-9975-71487d6bd5a6,25,-22.88672,-43.306443,-22.879801,-43.259861,2019-01-25 08:57:35,2019-01-25 09:13:50,4833.6570414032285,-975.0
C51605,1a516c64-e0c1-41ab-9975-71487d6bd5a6,26,-22.88646,-43.30281,-22.879801,-43.259861,2019-01-25 08:57:35,2019-01-25 09:14:44,4461.7315591203305,-1029.0
C51605,1a516c64-e0c1-41ab-9975-71487d6bd5a6,27,-22.88548,-43.30031,-22.879801,-43.259861,2019-01-25 08:57:35,2019-01-25 09:15:25,4191.607102520061,-1070.0
C51605,1a516c64-e0c1-41ab-9975-71487d6bd5a6,28,-22.884601,-43.297845,-22.879801,-43.259861,2019-01-25 08:57:35,2019-01-25 09:16:04,3927.6887068909678,-1109.0
C51605,1a516c64-e0c1-41ab-9975-71487d6bd5a6,29,-22.88341,-43.29648,-22.879801,-43.259861,2019-01-25 08:57:35,2019-01-25 09:16:31,3772.8377481287475,-1136.0
C51605,1a516c64-e0c1-41ab-9975-71487d6bd5a6,30,-22.88182,-43.29431,-22.879801,-43.259861,2019-01-25 08:57:35,2019-01-25 09:17:12,3536.282997145104,-1177.0
C51605,1a516c64-e0c1-41ab-9975-71487d6bd5a6,31,-22.8842,-43.29133,-22.879801,-43.259861,2019-01-25 08:57:35,2019-01-25 09:18:16,3260.7307575576947,-1241.0
C51605,1a516c64-e0c1-41ab-9975-71487d6bd5a6,32,-22.885668,-43.290084,-22.879801,-43.259861,2019-01-25 08:57:35,2019-01-25 09:18:50,3164.1541440283963,-1275.0
C51605,1a516c64-e0c1-41ab-9975-71487d6bd5a6,33,-22.88744,-43.2864,-22.879801,-43.259861,2019-01-25 08:57:35,2019-01-25 09:19:45,2848.3509613896963,-1330.0
C51605,1a516c64-e0c1-41ab-9975-71487d6bd5a6,34,-22.887738,-43.283511,-22.879801,-43.259861,2019-01-25 08:57:35,2019-01-25 09:20:21,2578.525809423026,-1366.0
C51605,1a516c64-e0c1-41ab-9975-71487d6bd5a6,35,-22.887155,-43.280679,-22.879801,-43.259861,2019-01-25 08:57:35,2019-01-25 09:21:07,2284.067579352098,-1412.0
C51605,1a516c64-e0c1-41ab-9975-71487d6bd5a6,36,-22.88591,-43.27898,-22.879801,-43.259861,2019-01-25 08:57:35,2019-01-25 09:21:40,2073.0798751109232,-1445.0
C51605,1a516c64-e0c1-41ab-9975-71487d6bd5a6,37,-22.88441,-43.27719,-22.879801,-43.259861,2019-01-25 08:57:35,2019-01-25 09:22:15,1847.759090118088,-1480.0
C51605,1a516c64-e0c1-41ab-9975-71487d6bd5a6,38,-22.8822,-43.2754,-22.879801,-43.259861,2019-01-25 08:57:35,2019-01-25 09:22:58,1614.0960324561972,-1523.0
C51605,1a516c64-e0c1-41ab-9975-71487d6bd5a6,39,-22.881083,-43.272751,-22.879801,-43.259861,2019-01-25 08:57:35,2019-01-25 09:23:42,1328.1997485173042,-1567.0
C51605,1a516c64-e0c1-41ab-9975-71487d6bd5a6,40,-22.878863,-43.265859,-22.879801,-43.259861,2019-01-25 08:57:35,2019-01-25 09:25:28,623.2647105688586,-1673.0
C51605,1a516c64-e0c1-41ab-9975-71487d6bd5a6,41,-22.87833,-43.26397,-22.879801,-43.259861,2019-01-25 08:57:35,2019-01-25 09:26:00,451.61609453168546,-1705.0
C51605,1a516c64-e0c1-41ab-9975-71487d6bd5a6,42,-22.878337,-43.261822,-22.879801,-43.259861,2019-01-25 08:57:35,2019-01-25 09:26:31,258.5741082918141,-1736.0
C51605,1a516c64-e0c1-41ab-9975-71487d6bd5a6,43,-22.880394,-43.259223,-22.879801,-43.259861,2019-01-25 08:57:35,2019-01-25 09:27:26,92.8434868124415,-1791.0
C51605,1a516c64-e0c1-41ab-9975-71487d6bd5a6,44,-22.882581,-43.254845,-22.879801,-43.259861,2019-01-25 08:57:35,2019-01-25 09:28:38,599.6786178412875,-1863.0
C51605,1a516c64-e0c1-41ab-9975-71487d6bd5a6,45,-22.88517,-43.25266,-22.879801,-43.259861,2019-01-25 08:57:35,2019-01-25 09:29:29,949.0098503926391,-1914.0
C51605,1a516c64-e0c1-41ab-9975-71487d6bd5a6,46,-22.886927,-43.250822,-22.879801,-43.259861,2019-01-25 08:57:35,2019-01-25 09:30:07,1218.734240868933,-1952.0
C51605,1a516c64-e0c1-41ab-9975-71487d6bd5a6,47,-22.890046,-43.244457,-22.879801,-43.259861,2019-01-25 08:57:35,2019-01-25 09:32:07,1946.2580227701112,-2072.0
C51605,1a516c64-e0c1-41ab-9975-71487d6bd5a6,48,-22.890765,-43.242335,-22.879801,-43.259861,2019-01-25 08:57:35,2019-01-25 09:32:38,2170.202048162262,-2103.0
C51605,1a516c64-e0c1-41ab-9975-71487d6bd5a6,49,-22.891768,-43.240794,-22.879801,-43.259861,2019-01-25 08:57:35,2019-01-25 09:33:02,2363.4515996773926,-2127.0
C51605,1a516c64-e0c1-41ab-9975-71487d6bd5a6,50,-22.89495,-43.24279,-22.879801,-43.259861,2019-01-25 08:57:35,2019-01-25 09:34:18,2428.104459549639,-2203.0
C51605,1a516c64-e0c1-41ab-9975-71487d6bd5a6,51,-22.897995,-43.241305,-22.879801,-43.259861,2019-01-25 08:57:35,2019-01-25 09:35:29,2775.9958895653376,-2274.0
C51605,1a516c64-e0c1-41ab-9975-71487d6bd5a6,52,-22.90138,-43.241176,-22.879801,-43.259861,2019-01-25 08:57:35,2019-01-25 09:36:29,3069.3814237234355,-2334.0
C51605,1a516c64-e0c1-41ab-9975-71487d6bd5a6,53,-22.90591,-43.23964,-22.879801,-43.259861,2019-01-25 08:57:35,2019-01-25 09:37:42,3566.3809300231965,-2407.0
C51605,1a516c64-e0c1-41ab-9975-71487d6bd5a6,54,-22.907884,-43.236917,-22.879801,-43.259861,2019-01-25 08:57:35,2019-01-25 09:38:32,3908.3273797186093,-2457.0
C51605,1a516c64-e0c1-41ab-9975-71487d6bd5a6,55,-22.908756,-43.234655,-22.879801,-43.259861,2019-01-25 08:57:35,2019-01-25 09:39:04,4127.081740143749,-2489.0
C51605,1a516c64-e0c1-41ab-9975-71487d6bd5a6,56,-22.908374,-43.231002,-22.879801,-43.259861,2019-01-25 08:57:35,2019-01-25 09:40:01,4339.755791969288,-2546.0
C51605,1a516c64-e0c1-41ab-9975-71487d6bd5a6,57,-22.90931,-43.22631,-22.879801,-43.259861,2019-01-25 08:57:35,2019-01-25 09:41:22,4751.656391267306,-2627.0
C51605,1a516c64-e0c1-41ab-9975-71487d6bd5a6,58,-22.909238,-43.222916,-22.879801,-43.259861,2019-01-25 08:57:35,2019-01-25 09:42:12,5003.634388149503,-2677.0
C51605,1a516c64-e0c1-41ab-9975-71487d6bd5a6,59,-22.906357,-43.220639,-22.879801,-43.259861,2019-01-25 08:57:35,2019-01-25 09:43:09,4986.177199468595,-2734.0
C51605,1a516c64-e0c1-41ab-9975-71487d6bd5a6,60,-22.904907,-43.218901,-22.879801,-43.259861,2019-01-25 08:57:35,2019-01-25 09:43:55,5039.666347549017,-2780.0
C51605,1a516c64-e0c1-41ab-9975-71487d6bd5a6,61,-22.90411,-43.21611,-22.879801,-43.259861,2019-01-25 08:57:35,2019-01-25 09:44:40,5233.767391480245,-2825.0
C51605,1a516c64-e0c1-41ab-9975-71487d6bd5a6,62,-22.90341,-43.21449,-22.879801,-43.259861,2019-01-25 08:57:35,2019-01-25 09:45:06,5337.856433373963,-2851.0
C51605,1a516c64-e0c1-41ab-9975-71487d6bd5a6,63,-22.902025,-43.210979,-22.879801,-43.259861,2019-01-25 08:57:35,2019-01-25 09:46:01,5583.959975641766,-2906.0
C51605,1a516c64-e0c1-41ab-9975-71487d6bd5a6,64,-22.908498,-43.209965,-22.879801,-43.259861,2019-01-25 08:57:35,2019-01-25 09:47:47,6025.431615500975,-3012.0
C51605,1a516c64-e0c1-41ab-9975-71487d6bd5a6,65,-22.91013,-43.205583,-22.879801,-43.259861,2019-01-25 08:57:35,2019-01-25 09:49:21,6502.806169712561,-3106.0
C51605,1a516c64-e0c1-41ab-9975-71487d6bd5a6,66,-22.908619,-43.201048,-22.879801,-43.259861,2019-01-25 08:57:35,2019-01-25 09:50:30,6823.734923584427,-3175.0
C51605,1a516c64-e0c1-41ab-9975-71487d6bd5a6,67,-22.90623,-43.193405,-22.879801,-43.259861,2019-01-25 08:57:35,2019-01-25 09:52:27,7414.757290617009,-3292.0
C51605,1a516c64-e0c1-41ab-9975-71487d6bd5a6,68,-22.905052,-43.189782,-22.879801,-43.259861,2019-01-25 08:57:35,2019-01-25 09:53:22,7708.2415386043685,-3347.0
C51605,1a516c64-e0c1-41ab-9975-71487d6bd5a6,69,-22.903332,-43.184461,-22.879801,-43.259861,2019-01-25 08:57:35,2019-01-25 09:54:43,8154.944619038687,-3428.0
C51605,1a516c64-e0c1-41ab-9975-71487d6bd5a6,70,-22.905593,-43.182786,-22.879801,-43.259861,2019-01-25 08:57:35,2019-01-25 09:55:36,8400.054858366719,-3481.0
C51605,1a516c64-e0c1-41ab-9975-71487d6bd5a6,71,-22.90723,-43.18272,-22.879801,-43.259861,2019-01-25 08:57:35,2019-01-25 09:56:12,8470.19388192063,-3517.0
C51605,1a516c64-e0c1-41ab-9975-71487d6bd5a6,72,-22.90879,-43.18819,-22.879801,-43.259861,2019-01-25 08:57:35,2019-01-25 09:57:35,8018.125645585705,-3600.0
C51610,1a516c64-e0c1-41ab-9975-71487d6bd5a6,0,-22.901318,-43.347259,-22.88254,-43.323441,2019-01-25 08:57:31,2019-01-25 08:57:31,3211.3375873221235,0.0
C51610,1a516c64-e0c1-41ab-9975-71487d6bd5a6,1,-22.90189,-43.34779,-22.88254,-43.323441,2019-01-25 08:57:31,2019-01-25 08:57:42,3294.040800532128,-11.0
C51610,1a516c64-e0c1-41ab-9975-71487d6bd5a6,2,-22.900466,-43.349828,-22.88254,-43.323441,2019-01-25 08:57:31,2019-01-25 08:58:22,3358.494083867512,-51.0
C51610,1a516c64-e0c1-41ab-9975-71487d6bd5a6,3,-22.89911,-43.35167,-22.88254,-43.323441,2019-01-25 08:57:31,2019-01-25 08:58:56,3428.8300288153773,-85.0
C51610,1a516c64-e0c1-41ab-9975-71487d6bd5a6,4,-22.898012,-43.352228,-22.88254,-43.323441,2019-01-25 08:57:31,2019-01-25 08:59:23,3414.0584193738478,-112.0
C51610,1a516c64-e0c1-41ab-9975-71487d6bd5a6,5,-22.89818,-43.350146,-22.88254,-43.323441,2019-01-25 08:57:31,2019-01-25 09:00:07,3241.610005762183,-156.0
C51610,1a516c64-e0c1-41ab-9975-71487d6bd5a6,6,-22.896967,-43.348397,-22.88254,-43.323441,2019-01-25 08:57:31,2019-01-25 09:00:43,3018.111794832694,-192.0
C51610,1a516c64-e0c1-41ab-9975-71487d6bd5a6,7,-22.8954,-43.34742,-22.88254,-43.323441,2019-01-25 08:57:31,2019-01-25 09:01:11,2842.3030432768905,-220.0
C51610,1a516c64-e0c1-41ab-9975-71487d6bd5a6,8,-22.89369,-43.34688,-22.88254,-43.323441,2019-01-25 08:57:31,2019-01-25 09:01:39,2702.297910556586,-248.0
C51610,1a516c64-e0c1-41ab-9975-71487d6bd5a6,9,-22.890381,-43.34553,-22.88254,-43.323441,2019-01-25 08:57:31,2019-01-25 09:02:40,2424.986843626735,-309.0
C51610,1a516c64-e0c1-41ab-9975-71487d6bd5a6,10,-22.88842,-43.34439,-22.88254,-43.323441,2019-01-25 08:57:31,2019-01-25 09:03:15,2243.448404933139,-344.0
C51610,1a516c64-e0c1-41ab-9975-71487d6bd5a6,11,-22.88717,-43.34339,-22.88254,-43.323441,2019-01-25 08:57:31,2019-01-25 09:03:39,2107.47804451943,-368.0
C51610,1a516c64-e0c1-41ab-9975-71487d6bd5a6,12,-22.88579,-43.34209,-22.88254,-43.323441,2019-01-25 08:57:31,2019-01-25 09:04:08,1944.340645043712,-397.0
C51610,1a516c64-e0c1-41ab-9975-71487d6bd5a6,13,-22.88283,-43.34025,-22.88254,-43.323441,2019-01-25 08:57:31,2019-01-25 09:05:25,1722.2867103765354,-474.0
C51610,1a516c64-e0c1-41ab-9975-71487d6bd5a6,14,-22.882534,-43.33687,-22.88254,-43.323441,2019-01-25 08:57:31,2019-01-25 09:06:14,1375.7250224441011,-523.0
C51610,1a516c64-e0c1-41ab-9975-71487d6bd5a6,15,-22.882382,-43.333901,-22.88254,-43.323441,2019-01-25 08:57:31,2019-01-25 09:06:57,1071.7122694464142,-566.0
C51610,1a516c64-e0c1-41ab-9975-71487d6bd5a6,16,-22.882138,-43.331007,-22.88254,-43.323441,2019-01-25 08:57:31,2019-01-25 09:07:45,776.3827883379811,-614.0
C51610,1a516c64-e0c1-41ab-9975-71487d6bd5a6,17,-22.88256,-43.32373,-22.88254,-43.323441,2019-01-25 08:57:31,2019-01-25 09:09:26,29.689814614533226,-715.0
C51610,1a516c64-e0c1-41ab-9975-71487d6bd5a6,18,-22.88284,-43.3224,-22.88254,-43.323441,2019-01-25 08:57:31,2019-01-25 09:09:46,111.7399712204719,-735.0
C51610,1a516c64-e0c1-41ab-9975-71487d6bd5a6,19,-22.8835,-43.32058,-22.88254,-43.323441,2019-01-25 08:57:31,2019-01-25 09:10:14,311.926230003767,-763.0
C51610,1a516c64-e0c1-41ab-9975-71487d6bd5a6,20,-22.88445,-43.31751,-22.88254,-43.323441,2019-01-25 08:57:31,2019-01-25 09:11:01,643.6423811078183,-810.0
C51610,1a516c64-e0c1-41ab-9975-71487d6bd5a6,21,-22.884744,-43.316116,-22.88254,-43.323441,2019-01-25 08:57:31,2019-01-25 09:11:22,789.4042770120103,-831.0
C51610,1a516c64-e0c1-41ab-9975-71487d6bd5a6,22,-22.88498,-43.31429,-22.88254,-43.323441,2019-01-25 08:57:31,2019-01-25 09:11:48,975.9316788431793,-857.0
C51610,1a516c64-e0c1-41ab-9975-71487d6bd5a6,23,-22.885103,-43.311568,-22.88254,-43.323441,2019-01-25 08:57:31,2019-01-25 09:12:27,1249.2520747925685,-896.0
C51610,1a516c64-e0c1-41ab-9975-71487d6bd5a6,24,-22.88562,-43.30967,-22.88254,-43.323441,2019-01-25 08:57:31,2019-01-25 09:12:57,1451.7209283468578,-926.0
C51610,1a516c64-e0c1-41ab-9975-71487d6bd5a6,25,-22.88672,-43.306443,-22.88254,-43.323441,2019-01-25 08:57:31,2019-01-25 09:13:46,1802.2862852879844,-975.0
C51610,1a516c64-e0c1-41ab-9975-71487d6bd5a6,26,-22.88646,-43.30281,-22.88254,-43.323441,2019-01-25 08:57:31,2019-01-25 09:14:40,2157.9782608126893,-1029.0
C51610,1a516c64-e0c1-41ab-9975-71487d6bd5a6,27,-22.88548,-43.30031,-22.88254,-43.323441,2019-01-25 08:57:31,2019-01-25 09:15:21,2392.058252229424,-1070.0
C51610,1a516c64-e0c1-41ab-9975-71487d6bd5a6,28,-22.884601,-43.297845,-22.88254,-43.323441,2019-01-25 08:57:31,2019-01-25 09:16:00,2632.140693252309,-1109.0
C51610,1a516c64-e0c1-41ab-9975-71487d6bd5a6,29,-22.88341,-43.29648,-22.88254,-43.323441,2019-01-25 08:57:31,2019-01-25 09:16:27,2763.686219209807,-1136.0
C51610,1a516c64-e0c1-41ab-9975-71487d6bd5a6,30,-22.88182,-43.29431,-22.88254,-43.323441,2019-01-25 08:57:31,2019-01-25 09:17:08,2985.387218179055,-1177.0
C51610,1a516c64-e0c1-41ab-9975-71487d6bd5a6,31,-22.8842,-43.29133,-22.88254,-43.323441,2019-01-25 08:57:31,2019-01-25 09:18:12,3294.7441632147334,-1241.0
C51610,1a516c64-e0c1-41ab-9975-71487d6bd5a6,32,-22.885668,-43.290084,-22.88254,-43.323441,2019-01-25 08:57:31,2019-01-25 09:18:46,3434.851570061428,-1275.0
C51610,1a516c64-e0c1-41ab-9975-71487d6bd5a6,33,-22.88744,-43.2864,-22.88254,-43.323441,2019-01-25 08:57:31,2019-01-25 09:19:41,3833.4894859813617,-1330.0
C51610,1a516c64-e0c1-41ab-9975-71487d6bd5a6,34,-22.887738,-43.283511,-22.88254,-43.323441,2019-01-25 08:57:31,2019-01-25 09:20:17,4131.156817542511,-1366.0
C51610,1a516c64-e0c1-41ab-9975-71487d6bd5a6,35,-22.887155,-43.280679,-22.88254,-43.323441,2019-01-25 08:57:31,2019-01-25 09:21:03,4410.6042431722835,-1412.0
C51610,1a516c64-e0c1-41ab-9975-71487d6bd5a6,36,-22.88591,-43.27898,-22.88254,-43.323441,2019-01-25 08:57:31,2019-01-25 09:21:36,4570.109354290972,-1445.0
C51610,1a516c64-e0c1-41ab-9975-71487d6bd5a6,37,-22.88441,-43.27719,-22.88254,-43.323441,2019-01-25 08:57:31,2019-01-25 09:22:11,4742.680242849679,-1480.0
C51610,1a516c64-e0c1-41ab-9975-71487d6bd5a6,38,-22.8822,-43.2754,-22.88254,-43.323441,2019-01-25 08:57:31,2019-01-25 09:22:54,4921.679132059166,-1523.0
C51610,1a516c64-e0c1-41ab-9975-71487d6bd5a6,39,-22.881083,-43.272751,-22.88254,-43.323441,2019-01-25 08:57:31,2019-01-25 09:23:38,5195.457263965197,-1567.0
C51610,1a516c64-e0c1-41ab-9975-71487d6bd5a6,40,-22.878863,-43.265859,-22.88254,-43.323441,2019-01-25 08:57:31,2019-01-25 09:25:24,5913.181195470243,-1673.0
C51610,1a516c64-e0c1-41ab-9975-71487d6bd5a6,41,-22.87833,-43.26397,-22.88254,-43.323441,2019-01-25 08:57:31,2019-01-25 09:25:56,6110.51910930963,-1705.0
C51610,1a516c64-e0c1-41ab-9975-71487d6bd5a6,42,-22.878337,-43.261822,-22.88254,-43.323441,2019-01-25 08:57:31,2019-01-25 09:26:27,6329.890977250471,-1736.0
C51610,1a516c64-e0c1-41ab-9975-71487d6bd5a6,43,-22.880394,-43.259223,-22.88254,-43.323441,2019-01-25 08:57:31,2019-01-25 09:27:22,6583.147780608556,-1791.0
C51610,1a516c64-e0c1-41ab-9975-71487d6bd5a6,44,-22.882581,-43.254845,-22.88254,-43.323441,2019-01-25 08:57:31,2019-01-25 09:28:34,7027.271222448956,-1863.0
C51610,1a516c64-e0c1-41ab-9975-71487d6bd5a6,45,-22.88517,-43.25266,-22.88254,-43.323441,2019-01-25 08:57:31,2019-01-25 09:29:25,7256.936279527449,-1914.0
C51610,1a516c64-e0c1-41ab-9975-71487d6bd5a6,46,-22.886927,-43.250822,-22.88254,-43.323441,2019-01-25 08:57:31,2019-01-25 09:30:03,7455.2604611123315,-1952.0
C51610,1a516c64-e0c1-41ab-9975-71487d6bd5a6,47,-22.890046,-43.244457,-22.88254,-43.323441,2019-01-25 08:57:31,2019-01-25 09:32:03,8134.171705315813,-2072.0
C51610,1a516c64-e0c1-41ab-9975-71487d6bd5a6,48,-22.890765,-43.242335,-22.88254,-43.323441,2019-01-25 08:57:31,2019-01-25 09:32:34,8358.782577119446,-2103.0
C51610,1a516c64-e0c1-41ab-9975-71487d6bd5a6,49,-22.891768,-43.240794,-22.88254,-43.323441,2019-01-25 08:57:31,2019-01-25 09:32:58,8528.382069837258,-2127.0
C51610,1a516c64-e0c1-41ab-9975-71487d6bd5a6,50,-22.89495,-43.24279,-22.88254,-43.323441,2019-01-25 08:57:31,2019-01-25 09:34:14,8376.307327003755,-2203.0
C51610,1a516c64-e0c1-41ab-9975-71487d6bd5a6,51,-22.897995,-43.241305,-22.88254,-43.323441,2019-01-25 08:57:31,2019-01-25 09:35:25,8587.596346529292,-2274.0
C51610,1a516c64-e0c1-41ab-9975-71487d6bd5a6,52,-22.90138,-43.241176,-22.88254,-43.323441,2019-01-25 08:57:31,2019-01-25 09:36:25,8683.48667752647,-2334.0
C51610,1a516c64-e0c1-41ab-9975-71487d6bd5a6,53,-22.90591,-43.23964,-22.88254,-43.323441,2019-01-25 08:57:31,2019-01-25 09:37:38,8968.907435922667,-2407.0
C51610,1a516c64-e0c1-41ab-9975-71487d6bd5a6,54,-22.907884,-43.236917,-22.88254,-43.323441,2019-01-25 08:57:31,2019-01-25 09:38:28,9300.308742725958,-2457.0
C51610,1a516c64-e0c1-41ab-9975-71487d6bd5a6,55,-22.908756,-43.234655,-22.88254,-43.323441,2019-01-25 08:57:31,2019-01-25 09:39:00,9550.501468121656,-2489.0
C51610,1a516c64-e0c1-41ab-9975-71487d6bd5a6,56,-22.908374,-43.231002,-22.88254,-43.323441,2019-01-25 08:57:31,2019-01-25 09:39:57,9895.094126682932,-2546.0
C51610,1a516c64-e0c1-41ab-9975-71487d6bd5a6,57,-22.90931,-43.22631,-22.88254,-43.323441,2019-01-25 08:57:31,2019-01-25 09:41:18,10385.27700150679,-2627.0
C51610,1a516c64-e0c1-41ab-9975-71487d6bd5a6,58,-22.909238,-43.222916,-22.88254,-43.323441,2019-01-25 08:57:31,2019-01-25 09:42:08,10716.597011116999,-2677.0
C51610,1a516c64-e0c1-41ab-9975-71487d6bd5a6,59,-22.906357,-43.220639,-22.88254,-43.323441,2019-01-25 08:57:31,2019-01-25 09:43:05,10858.465860982955,-2734.0
C51610,1a516c64-e0c1-41ab-9975-71487d6bd5a6,60,-22.904907,-43.218901,-22.88254,-43.323441,2019-01-25 08:57:31,2019-01-25 09:43:51,10993.669487915027,-2780.0
C51610,1a516c64-e0c1-41ab-9975-71487d6bd5a6,61,-22.90411,-43.21611,-22.88254,-43.323441,2019-01-25 08:57:31,2019-01-25 09:44:36,11253.151509356076,-2825.0
C51610,1a516c64-e0c1-41ab-9975-71487d6bd5a6,62,-22.90341,-43.21449,-22.88254,-43.323441,2019-01-25 08:57:31,2019-01-25 09:45:02,11399.267810862762,-2851.0
C51610,1a516c64-e0c1-41ab-9975-71487d6bd5a6,63,-22.902025,-43.210979,-22.88254,-43.323441,2019-01-25 08:57:31,2019-01-25 09:45:57,11722.236709002289,-2906.0
C51610,1a516c64-e0c1-41ab-9975-71487d6bd5a6,64,-22.908498,-43.209965,-22.88254,-43.323441,2019-01-25 08:57:31,2019-01-25 09:47:43,11976.8699397598,-3012.0
C51610,1a516c64-e0c1-41ab-9975-71487d6bd5a6,65,-22.91013,-43.205583,-22.88254,-43.323441,2019-01-25 08:57:31,2019-01-25 09:49:17,12456.356711758559,-3106.0
C51610,1a516c64-e0c1-41ab-9975-71487d6bd5a6,66,-22.908619,-43.201048,-22.88254,-43.323441,2019-01-25 08:57:31,2019-01-25 09:50:26,12868.259687509348,-3175.0
C51610,1a516c64-e0c1-41ab-9975-71487d6bd5a6,67,-22.90623,-43.193405,-22.88254,-43.323441,2019-01-25 08:57:31,2019-01-25 09:52:23,13578.258173764016,-3292.0
C51610,1a516c64-e0c1-41ab-9975-71487d6bd5a6,68,-22.905052,-43.189782,-22.88254,-43.323441,2019-01-25 08:57:31,2019-01-25 09:53:18,13918.42143183657,-3347.0
C51610,1a516c64-e0c1-41ab-9975-71487d6bd5a6,69,-22.903332,-43.184461,-22.88254,-43.323441,2019-01-25 08:57:31,2019-01-25 09:54:39,14423.125831723863,-3428.0
C51610,1a516c64-e0c1-41ab-9975-71487d6bd5a6,70,-22.905593,-43.182786,-22.88254,-43.323441,2019-01-25 08:57:31,2019-01-25 09:55:32,14634.333817264742,-3481.0
C51610,1a516c64-e0c1-41ab-9975-71487d6bd5a6,71,-22.90723,-43.18272,-22.88254,-43.323441,2019-01-25 08:57:31,2019-01-25 09:56:08,14673.868595020913,-3517.0
C51610,1a516c64-e0c1-41ab-9975-71487d6bd5a6,72,-22.90879,-43.18819,-22.88254,-43.323441,2019-01-25 08:57:31,2019-01-25 09:57:31,14158.495049094017,-3600.0
C51581,1a516c64-e0c1-41ab-9975-71487d6bd5a6,0,-22.901318,-43.347259,-22.902399,-43.21207,2019-01-25 09:02:00,2019-01-25 09:02:00,13847.89533373779,0.0
C51581,1a516c64-e0c1-41ab-9975-71487d6bd5a6,1,-22.90189,-43.34779,-22.902399,-43.21207,2019-01-25 09:02:00,2019-01-25 09:02:11,13901.849724736452,-11.0
C51581,1a516c64-e0c1-41ab-9975-71487d6bd5a6,2,-22.900466,-43.349828,-22.902399,-43.21207,2019-01-25 09:02:00,2019-01-25 09:02:51,14112.19687922614,-51.0
C51581,1a516c64-e0c1-41ab-9975-71487d6bd5a6,3,-22.89911,-43.35167,-22.902399,-43.21207,2019-01-25 09:02:00,2019-01-25 09:03:25,14303.98364203868,-85.0
C51581,1a516c64-e0c1-41ab-9975-71487d6bd5a6,4,-22.898012,-43.352228,-22.902399,-43.21207,2019-01-25 09:02:00,2019-01-25 09:03:52,14364.807081715282,-112.0
C51581,1a516c64-e0c1-41ab-9975-71487d6bd5a6,5,-22.89818,-43.350146,-22.902399,-43.21207,2019-01-25 09:02:00,2019-01-25 09:04:36,14151.030274097351,-156.0
C51581,1a516c64-e0c1-41ab-9975-71487d6bd5a6,6,-22.896967,-43.348397,-22.902399,-43.21207,2019-01-25 09:02:00,2019-01-25 09:05:12,13977.219587068415,-192.0
C51581,1a516c64-e0c1-41ab-9975-71487d6bd5a6,7,-22.8954,-43.34742,-22.902399,-43.21207,2019-01-25 09:02:00,2019-01-25 09:05:40,13885.993382719369,-220.0
C51581,1a516c64-e0c1-41ab-9975-71487d6bd5a6,8,-22.89369,-43.34688,-22.902399,-43.21207,2019-01-25 09:02:00,2019-01-25 09:06:08,13842.85536380651,-248.0
C51581,1a516c64-e0c1-41ab-9975-71487d6bd5a6,9,-22.890381,-43.34553,-22.902399,-43.21207,2019-01-25 09:02:00,2019-01-25 09:07:09,13735.982954323918,-309.0
C51581,1a516c64-e0c1-41ab-9975-71487d6bd5a6,10,-22.88842,-43.34439,-22.902399,-43.21207,2019-01-25 09:02:00,2019-01-25 09:07:44,13642.985132513662,-344.0
C51581,1a516c64-e0c1-41ab-9975-71487d6bd5a6,11,-22.88717,-43.34339,-22.902399,-43.21207,2019-01-25 09:02:00,2019-01-25 09:08:08,13557.942206154126,-368.0
C51581,1a516c64-e0c1-41ab-9975-71487d6bd5a6,12,-22.88579,-43.34209,-22.902399,-43.21207,2019-01-25 09:02:00,2019-01-25 09:08:37,13446.112847558421,-397.0
C51581,1a516c64-e0c1-41ab-9975-71487d6bd5a6,13,-22.88283,-43.34025,-22.902399,-43.21207,2019-01-25 09:02:00,2019-01-25 09:09:54,13309.419368790797,-474.0
C51581,1a516c64-e0c1-41ab-9975-71487d6bd5a6,14,-22.882534,-43.33687,-22.902399,-43.21207,2019-01-25 09:02:00,2019-01-25 09:10:43,12973.542619523992,-523.0
C51581,1a516c64-e0c1-41ab-9975-71487d6bd5a6,15,-22.882382,-43.333901,-22.902399,-43.21207,2019-01-25 09:02:00,2019-01-25 09:11:26,12676.917663219976,-566.0
C51581,1a516c64-e0c1-41ab-9975-71487d6bd5a6,16,-22.882138,-43.331007,-22.902399,-43.21207,2019-01-25 09:02:00,2019-01-25 09:12:14,12390.095379121625,-614.0
C51581,1a516c64-e0c1-41ab-9975-71487d6bd5a6,17,-22.88256,-43.32373,-22.902399,-43.21207,2019-01-25 09:02:00,2019-01-25 09:13:55,11648.881514517581,-715.0
C51581,1a516c64-e0c1-41ab-9975-71487d6bd5a6,18,-22.88284,-43.3224,-22.902399,-43.21207,2019-01-25 09:02:00,2019-01-25 09:14:15,11509.19928798439,-735.0
C51581,1a516c64-e0c1-41ab-9975-71487d6bd5a6,19,-22.8835,-43.32058,-22.902399,-43.21207,2019-01-25 09:02:00,2019-01-25 09:14:43,11312.28876831642,-763.0
C51581,1a516c64-e0c1-41ab-9975-71487d6bd5a6,20,-22.88445,-43.31751,-22.902399,-43.21207,2019-01-25 09:02:00,2019-01-25 09:15:30,10983.715658830513,-810.0
C51581,1a516c64-e0c1-41ab-9975-71487d6bd5a6,21,-22.884744,-43.316116,-22.902399,-43.21207,2019-01-25 09:02:00,2019-01-25 09:15:51,10837.347065990596,-831.0
C51581,1a516c64-e0c1-41ab-9975-71487d6bd5a6,22,-22.88498,-43.31429,-22.902399,-43.21207,2019-01-25 09:02:00,2019-01-25 09:16:17,10648.63390917484,-857.0
C51581,1a516c64-e0c1-41ab-9975-71487d6bd5a6,23,-22.885103,-43.311568,-22.902399,-43.21207,2019-01-25 09:02:00,2019-01-25 09:16:56,10372.02938679151,-896.0
C51581,1a516c64-e0c1-41ab-9975-71487d6bd5a6,24,-22.88562,-43.30967,-22.902399,-43.21207,2019-01-25 09:02:00,2019-01-25 09:17:26,10170.319898680278,-926.0
C51581,1a516c64-e0c1-41ab-9975-71487d6bd5a6,25,-22.88672,-43.306443,-22.902399,-43.21207,2019-01-25 09:02:00,2019-01-25 09:18:15,9823.073624948602,-975.0
C51581,1a516c64-e0c1-41ab-9975-71487d6bd5a6,26,-22.88646,-43.30281,-22.902399,-43.21207,2019-01-25 09:02:00,2019-01-25 09:19:09,9462.446408619879,-1029.0
C51581,1a516c64-e0c1-41ab-9975-71487d6bd5a6,27,-22.88548,-43.30031,-22.902399,-43.21207,2019-01-25 09:02:00,2019-01-25 09:19:50,9232.633989212018,-1070.0
C51581,1a516c64-e0c1-41ab-9975-71487d6bd5a6,28,-22.884601,-43.297845,-22.902399,-43.21207,2019-01-25 09:02:00,2019-01-25 09:20:29,9006.573687328348,-1109.0
C51581,1a516c64-e0c1-41ab-9975-71487d6bd5a6,29,-22.88341,-43.29648,-22.902399,-43.21207,2019-01-25 09:02:00,2019-01-25 09:20:56,8900.739486067003,-1136.0
C51581,1a516c64-e0c1-41ab-9975-71487d6bd5a6,30,-22.88182,-43.29431,-22.902399,-43.21207,2019-01-25 09:02:00,2019-01-25 09:21:37,8729.673423721411,-1177.0
C51581,1a516c64-e0c1-41ab-9975-71487d6bd5a6,31,-22.8842,-43.29133,-22.902399,-43.21207,2019-01-25 09:02:00,2019-01-25 09:22:41,8367.483524955062,-1241.0
C51581,1a516c64-e0c1-41ab-9975-71487d6bd5a6,32,-22.885668,-43.290084,-22.902399,-43.21207,2019-01-25 09:02:00,2019-01-25 09:23:15,8205.10838542018,-1275.0
C51581,1a516c64-e0c1-41ab-9975-71487d6bd5a6,33,-22.88744,-43.2864,-22.902399,-43.21207,2019-01-25 09:02:00,2019-01-25 09:24:10,7793.5650438078665,-1330.0
C51581,1a516c64-e0c1-41ab-9975-71487d6bd5a6,34,-22.887738,-43.283511,-22.902399,-43.21207,2019-01-25 09:02:00,2019-01-25 09:24:46,7497.43229082024,-1366.0
C51581,1a516c64-e0c1-41ab-9975-71487d6bd5a6,35,-22.887155,-43.280679,-22.902399,-43.21207,2019-01-25 09:02:00,2019-01-25 09:25:32,7229.492289993877,-1412.0
C51581,1a516c64-e0c1-41ab-9975-71487d6bd5a6,36,-22.88591,-43.27898,-22.902399,-43.21207,2019-01-25 09:02:00,2019-01-25 09:26:05,7094.963472247392,-1445.0
C51581,1a516c64-e0c1-41ab-9975-71487d6bd5a6,37,-22.88441,-43.27719,-22.902399,-43.21207,2019-01-25 09:02:00,2019-01-25 09:26:40,6964.0924721293,-1480.0
C51581,1a516c64-e0c1-41ab-9975-71487d6bd5a6,38,-22.8822,-43.2754,-22.902399,-43.21207,2019-01-25 09:02:00,2019-01-25 09:27:23,6865.137761866082,-1523.0
C51581,1a516c64-e0c1-41ab-9975-71487d6bd5a6,39,-22.881083,-43.272751,-22.902399,-43.21207,2019-01-25 09:02:00,2019-01-25 09:28:07,6652.569632618158,-1567.0
C51581,1a516c64-e0c1-41ab-9975-71487d6bd5a6,40,-22.878863,-43.265859,-22.902399,-43.21207,2019-01-25 09:02:00,2019-01-25 09:29:53,6099.981120788988,-1673.0
C51581,1a516c64-e0c1-41ab-9975-71487d6bd5a6,41,-22.87833,-43.26397,-22.902399,-43.21207,2019-01-25 09:02:00,2019-01-25 09:30:25,5952.1926858387105,-1705.0
C51581,1a516c64-e0c1-41ab-9975-71487d6bd5a6,42,-22.878337,-43.261822,-22.902399,-43.21207,2019-01-25 09:02:00,2019-01-25 09:30:56,5756.141288624776,-1736.0
C51581,1a516c64-e0c1-41ab-9975-71487d6bd5a6,43,-22.880394,-43.259223,-22.902399,-43.21207,2019-01-25 09:02:00,2019-01-25 09:31:51,5414.636153367164,-1791.0
C51581,1a516c64-e0c1-41ab-9975-71487d6bd5a6,44,-22.882581,-43.254845,-22.902399,-43.21207,2019-01-25 09:02:00,2019-01-25 09:33:03,4904.6631701334445,-1863.0
C51581,1a516c64-e0c1-41ab-9975-71487d6bd5a6,45,-22.88517,-43.25266,-22.902399,-43.21207,2019-01-25 09:02:00,2019-01-25 09:33:54,4578.000738861521,-1914.0
C51581,1a516c64-e0c1-41ab-9975-71487d6bd5a6,46,-22.886927,-43.250822,-22.902399,-43.21207,2019-01-25 09:02:00,2019-01-25 09:34:32,4326.346264505585,-1952.0
C51581,1a516c64-e0c1-41ab-9975-71487d6bd5a6,47,-22.890046,-43.244457,-22.902399,-43.21207,2019-01-25 09:02:00,2019-01-25 09:36:32,3590.6484243048913,-2072.0
C51581,1a516c64-e0c1-41ab-9975-71487d6bd5a6,48,-22.890765,-43.242335,-22.902399,-43.21207,2019-01-25 09:02:00,2019-01-25 09:37:03,3359.2380646493743,-2103.0
C51581,1a516c64-e0c1-41ab-9975-71487d6bd5a6,49,-22.891768,-43.240794,-22.902399,-43.21207,2019-01-25 09:02:00,2019-01-25 09:37:27,3170.8822269933535,-2127.0
C51581,1a516c64-e0c1-41ab-9975-71487d6bd5a6,50,-22.89495,-43.24279,-22.902399,-43.21207,2019-01-25 09:02:00,2019-01-25 09:38:43,3253.9029265522063,-2203.0
C51581,1a516c64-e0c1-41ab-9975-71487d6bd5a6,51,-22.897995,-43.241305,-22.902399,-43.21207,2019-01-25 09:02:00,2019-01-25 09:39:54,3034.346510557729,-2274.0
C51581,1a516c64-e0c1-41ab-9975-71487d6bd5a6,52,-22.90138,-43.241176,-22.902399,-43.21207,2019-01-25 09:02:00,2019-01-25 09:40:54,2983.4717277944515,-2334.0
C51581,1a516c64-e0c1-41ab-9975-71487d6bd5a6,53,-22.90591,-43.23964,-22.902399,-43.21207,2019-01-25 09:02:00,2019-01-25 09:42:07,2850.798863685706,-2407.0
C51581,1a516c64-e0c1-41ab-9975-71487d6bd5a6,54,-22.907884,-43.236917,-22.902399,-43.21207,2019-01-25 09:02:00,2019-01-25 09:42:57,2617.0708223020465,-2457.0
C51581,1a516c64-e0c1-41ab-9975-71487d6bd5a6,55,-22.908756,-43.234655,-22.902399,-43.21207,2019-01-25 09:02:00,2019-01-25 09:43:29,2418.899180953212,-2489.0
C51581,1a516c64-e0c1-41ab-9975-71487d6bd5a6,56,-22.908374,-43.231002,-22.902399,-43.21207,2019-01-25 09:02:00,2019-01-25 09:44:26,2049.808285087999,-2546.0
C51581,1a516c64-e0c1-41ab-9975-71487d6bd5a6,57,-22.90931,-43.22631,-22.902399,-43.21207,2019-01-25 09:02:00,2019-01-25 09:45:47,1648.614689268272,-2627.0
C51581,1a516c64-e0c1-41ab-9975-71487d6bd5a6,58,-22.909238,-43.222916,-22.902399,-43.21207,2019-01-25 09:02:00,2019-01-25 09:46:37,1346.2715216986987,-2677.0
C51581,1a516c64-e0c1-41ab-9975-71487d6bd5a6,59,-22.906357,-43.220639,-22.902399,-43.21207,2019-01-25 09:02:00,2019-01-25 09:47:34,981.8660496655303,-2734.0
C51581,1a516c64-e0c1-41ab-9975-71487d6bd5a6,60,-22.904907,-43.218901,-22.902399,-43.21207,2019-01-25 09:02:00,2019-01-25 09:48:20,753.2171156771923,-2780.0
C51581,1a516c64-e0c1-41ab-9975-71487d6bd5a6,61,-22.90411,-43.21611,-22.902399,-43.21207,2019-01-25 09:02:00,2019-01-25 09:49:05,455.4525910033045,-2825.0
C51581,1a516c64-e0c1-41ab-9975-71487d6bd5a6,62,-22.90341,-43.21449,-22.902399,-43.21207,2019-01-25 09:02:00,2019-01-25 09:49:31,272.1789022629075,-2851.0
C51581,1a516c64-e0c1-41ab-9975-71487d6bd5a6,63,-22.902025,-43.210979,-22.902399,-43.21207,2019-01-25 09:02:00,2019-01-25 09:50:26,119.2378171250907,-2906.0
C51581,1a516c64-e0c1-41ab-9975-71487d6bd5a6,64,-22.908498,-43.209965,-22.902399,-43.21207,2019-01-25 09:02:00,2019-01-25 09:52:12,711.6265889585122,-3012.0
C51581,1a516c64-e0c1-41ab-9975-71487d6bd5a6,65,-22.91013,-43.205583,-22.902399,-43.21207,2019-01-25 09:02:00,2019-01-25 09:53:46,1086.4968194682772,-3106.0
C51581,1a516c64-e0c1-41ab-9975-71487d6bd5a6,66,-22.908619,-43.201048,-22.902399,-43.21207,2019-01-25 09:02:00,2019-01-25 09:54:55,1323.9652562465435,-3175.0
C51581,1a516c64-e0c1-41ab-9975-71487d6bd5a6,67,-22.90623,-43.193405,-22.902399,-43.21207,2019-01-25 09:02:00,2019-01-25 09:56:52,1958.700539274887,-3292.0
C51581,1a516c64-e0c1-41ab-9975-71487d6bd5a6,68,-22.905052,-43.189782,-22.902399,-43.21207,2019-01-25 09:02:00,2019-01-25 09:57:47,2301.903723408025,-3347.0
C51581,1a516c64-e0c1-41ab-9975-71487d6bd5a6,69,-22.903332,-43.184461,-22.902399,-43.21207,2019-01-25 09:02:00,2019-01-25 09:59:08,2829.8640113049064,-3428.0
C51581,1a516c64-e0c1-41ab-9975-71487d6bd5a6,70,-22.905593,-43.182786,-22.902399,-43.21207,2019-01-25 09:02:00,2019-01-25 10:00:01,3020.4582116557763,-3481.0
C51581,1a516c64-e0c1-41ab-9975-71487d6bd5a6,71,-22.90723,-43.18272,-22.902399,-43.21207,2019-01-25 09:02:00,2019-01-25 10:00:37,3053.864484802971,-3517.0
C51581,1a516c64-e0c1-41ab-9975-71487d6bd5a6,72,-22.90879,-43.18819,-22.902399,-43.21207,2019-01-25 09:02:00,2019-01-25 10:02:00,2547.099083370245,-3600.0
C51590,1a516c64-e0c1-41ab-9975-71487d6bd5a6,0,-22.901318,-43.347259,-22.886681,-43.251068,2019-01-25 08:57:40,2019-01-25 08:57:40,9986.903501845924,0.0
C51590,1a516c64-e0c1-41ab-9975-71487d6bd5a6,1,-22.90189,-43.34779,-22.886681,-43.251068,2019-01-25 08:57:40,2019-01-25 08:57:51,10051.058962860498,-11.0
C51590,1a516c64-e0c1-41ab-9975-71487d6bd5a6,2,-22.900466,-43.349828,-22.886681,-43.251068,2019-01-25 08:57:40,2019-01-25 08:58:31,10232.043250124292,-51.0
C51590,1a516c64-e0c1-41ab-9975-71487d6bd5a6,3,-22.89911,-43.35167,-22.886681,-43.251068,2019-01-25 08:57:40,2019-01-25 08:59:05,10397.576879239039,-85.0
C51590,1a516c64-e0c1-41ab-9975-71487d6bd5a6,4,-22.898012,-43.352228,-22.886681,-43.251068,2019-01-25 08:57:40,2019-01-25 08:59:32,10438.834710229166,-112.0
C51590,1a516c64-e0c1-41ab-9975-71487d6bd5a6,5,-22.89818,-43.350146,-22.886681,-43.251068,2019-01-25 08:57:40,2019-01-25 09:00:16,10229.464607188127,-156.0
C51590,1a516c64-e0c1-41ab-9975-71487d6bd5a6,6,-22.896967,-43.348397,-22.886681,-43.251068,2019-01-25 08:57:40,2019-01-25 09:00:52,10035.511318101542,-192.0
C51590,1a516c64-e0c1-41ab-9975-71487d6bd5a6,7,-22.8954,-43.34742,-22.886681,-43.251068,2019-01-25 08:57:40,2019-01-25 09:01:20,9917.598739406712,-220.0
C51590,1a516c64-e0c1-41ab-9975-71487d6bd5a6,8,-22.89369,-43.34688,-22.886681,-43.251068,2019-01-25 08:57:40,2019-01-25 09:01:48,9845.737360041092,-248.0
C51590,1a516c64-e0c1-41ab-9975-71487d6bd5a6,9,-22.890381,-43.34553,-22.886681,-43.251068,2019-01-25 08:57:40,2019-01-25 09:02:49,9685.410687801927,-309.0
C51590,1a516c64-e0c1-41ab-9975-71487d6bd5a6,10,-22.88842,-43.34439,-22.886681,-43.251068,2019-01-25 08:57:40,2019-01-25 09:03:24,9561.911588138164,-344.0
C51590,1a516c64-e0c1-41ab-9975-71487d6bd5a6,11,-22.88717,-43.34339,-22.886681,-43.251068,2019-01-25 08:57:40,2019-01-25 09:03:48,9457.71549420958,-368.0
C51590,1a516c64-e0c1-41ab-9975-71487d6bd5a6,12,-22.88579,-43.34209,-22.886681,-43.251068,2019-01-25 08:57:40,2019-01-25 09:04:17,9324.959611870054,-397.0
C51590,1a516c64-e0c1-41ab-9975-71487d6bd5a6,13,-22.88283,-43.34025,-22.886681,-43.251068,2019-01-25 08:57:40,2019-01-25 09:05:34,9146.07023857688,-474.0
C51590,1a516c64-e0c1-41ab-9975-71487d6bd5a6,14,-22.882534,-43.33687,-22.886681,-43.251068,2019-01-25 08:57:40,2019-01-25 09:06:23,8801.88125223724,-523.0
C51590,1a516c64-e0c1-41ab-9975-71487d6bd5a6,15,-22.882382,-43.333901,-22.886681,-43.251068,2019-01-25 08:57:40,2019-01-25 09:07:06,8499.099932176381,-566.0
C51590,1a516c64-e0c1-41ab-9975-71487d6bd5a6,16,-22.882138,-43.331007,-22.886681,-43.251068,2019-01-25 08:57:40,2019-01-25 09:07:54,8204.749781908307,-614.0
C51590,1a516c64-e0c1-41ab-9975-71487d6bd5a6,17,-22.88256,-43.32373,-22.886681,-43.251068,2019-01-25 08:57:40,2019-01-25 09:09:35,7457.786453974135,-715.0
C51590,1a516c64-e0c1-41ab-9975-71487d6bd5a6,18,-22.88284,-43.3224,-22.886681,-43.251068,2019-01-25 08:57:40,2019-01-25 09:09:55,7319.909692608511,-735.0
C51590,1a516c64-e0c1-41ab-9975-71487d6bd5a6,19,-22.8835,-43.32058,-22.886681,-43.251068,2019-01-25 08:57:40,2019-01-25 09:10:23,7129.755310191007,-763.0
C51590,1a516c64-e0c1-41ab-9975-71487d6bd5a6,20,-22.88445,-43.31751,-22.886681,-43.251068,2019-01-25 08:57:40,2019-01-25 09:11:10,6810.973358636411,-810.0
C51590,1a516c64-e0c1-41ab-9975-71487d6bd5a6,21,-22.884744,-43.316116,-22.886681,-43.251068,2019-01-25 08:57:40,2019-01-25 09:11:31,6667.122569671498,-831.0
C51590,1a516c64-e0c1-41ab-9975-71487d6bd5a6,22,-22.88498,-43.31429,-22.886681,-43.251068,2019-01-25 08:57:40,2019-01-25 09:11:57,6479.3393003701,-857.0
C51590,1a516c64-e0c1-41ab-9975-71487d6bd5a6,23,-22.885103,-43.311568,-22.886681,-43.251068,2019-01-25 08:57:40,2019-01-25 09:12:36,6200.2118572950185,-896.0
C51590,1a516c64-e0c1-41ab-9975-71487d6bd5a6,24,-22.88562,-43.30967,-22.886681,-43.251068,2019-01-25 08:57:40,2019-01-25 09:13:06,6004.441723205045,-926.0
C51590,1a516c64-e0c1-41ab-9975-71487d6bd5a6,25,-22.88672,-43.306443,-22.886681,-43.251068,2019-01-25 08:57:40,2019-01-25 09:13:55,5672.682207628386,-975.0
C51590,1a516c64-e0c1-41ab-9975-71487d6bd5a6,26,-22.88646,-43.30281,-22.886681,-43.251068,2019-01-25 08:57:40,2019-01-25 09:14:49,5300.57377476044,-1029.0
C51590,1a516c64-e0c1-41ab-9975-71487d6bd5a6,27,-22.88548,-43.30031,-22.886681,-43.251068,2019-01-25 08:57:40,2019-01-25 09:15:30,5046.199230197564,-1070.0
C51590,1a516c64-e0c1-41ab-9975-71487d6bd5a6,28,-22.884601,-43.297845,-22.886681,-43.251068,2019-01-25 08:57:40,2019-01-25 09:16:09,4797.506987158443,-1109.0
C51590,1a516c64-e0c1-41ab-9975-71487d6bd5a6,29,-22.88341,-43.29648,-22.886681,-43.251068,2019-01-25 08:57:40,2019-01-25 09:16:36,4666.312499602546,-1136.0
C51590,1a516c64-e0c1-41ab-9975-71487d6bd5a6,30,-22.88182,-43.29431,-22.886681,-43.251068,2019-01-25 08:57:40,2019-01-25 09:17:17,4462.696179410916,-1177.0
C51590,1a516c64-e0c1-41ab-9975-71487d6bd5a6,31,-22.8842,-43.29133,-22.886681,-43.251068,2019-01-25 08:57:40,2019-01-25 09:18:21,4133.741072171481,-1241.0
C51590,1a516c64-e0c1-41ab-9975-71487d6bd5a6,32,-22.885668,-43.290084,-22.886681,-43.251068,2019-01-25 08:57:40,2019-01-25 09:18:55,3998.447641117982,-1275.0
C51590,1a516c64-e0c1-41ab-9975-71487d6bd5a6,33,-22.88744,-43.2864,-22.886681,-43.251068,2019-01-25 08:57:40,2019-01-25 09:19:50,3620.4261526976925,-1330.0
C51590,1a516c64-e0c1-41ab-9975-71487d6bd5a6,34,-22.887738,-43.283511,-22.886681,-43.251068,2019-01-25 08:57:40,2019-01-25 09:20:26,3325.5644650252425,-1366.0
C51590,1a516c64-e0c1-41ab-9975-71487d6bd5a6,35,-22.887155,-43.280679,-22.886681,-43.251068,2019-01-25 08:57:40,2019-01-25 09:21:12,3033.8389080974866,-1412.0
C51590,1a516c64-e0c1-41ab-9975-71487d6bd5a6,36,-22.88591,-43.27898,-22.886681,-43.251068,2019-01-25 08:57:40,2019-01-25 09:21:45,2860.631809615401,-1445.0
C51590,1a516c64-e0c1-41ab-9975-71487d6bd5a6,37,-22.88441,-43.27719,-22.886681,-43.251068,2019-01-25 08:57:40,2019-01-25 09:22:20,2687.8798525923858,-1480.0
C51590,1a516c64-e0c1-41ab-9975-71487d6bd5a6,38,-22.8822,-43.2754,-22.886681,-43.251068,2019-01-25 08:57:40,2019-01-25 09:23:03,2541.9527189270852,-1523.0
C51590,1a516c64-e0c1-41ab-9975-71487d6bd5a6,39,-22.881083,-43.272751,-22.886681,-43.251068,2019-01-25 08:57:40,2019-01-25 09:23:47,2306.847476875373,-1567.0
C51590,1a516c64-e0c1-41ab-9975-71487d6bd5a6,40,-22.878863,-43.265859,-22.886681,-43.251068,2019-01-25 08:57:40,2019-01-25 09:25:33,1746.9136956400478,-1673.0
C51590,1a516c64-e0c1-41ab-9975-71487d6bd5a6,41,-22.87833,-43.26397,-22.886681,-43.251068,2019-01-25 08:57:40,2019-01-25 09:26:05,1615.3222376575295,-1705.0
C51590,1a516c64-e0c1-41ab-9975-71487d6bd5a6,42,-22.878337,-43.261822,-22.886681,-43.251068,2019-01-25 08:57:40,2019-01-25 09:26:36,1440.328239537799,-1736.0
C51590,1a516c64-e0c1-41ab-9975-71487d6bd5a6,43,-22.880394,-43.259223,-22.886681,-43.251068,2019-01-25 08:57:40,2019-01-25 09:27:31,1089.3370288507308,-1791.0
C51590,1a516c64-e0c1-41ab-9975-71487d6bd5a6,44,-22.882581,-43.254845,-22.886681,-43.251068,2019-01-25 08:57:40,2019-01-25 09:28:43,597.9598688554731,-1863.0
C51590,1a516c64-e0c1-41ab-9975-71487d6bd5a6,45,-22.88517,-43.25266,-22.886681,-43.251068,2019-01-25 08:57:40,2019-01-25 09:29:34,234.15098987896306,-1914.0
C51590,1a516c64-e0c1-41ab-9975-71487d6bd5a6,46,-22.886927,-43.250822,-22.886681,-43.251068,2019-01-25 08:57:40,2019-01-25 09:30:12,37.192801713473855,-1952.0
C51590,1a516c64-e0c1-41ab-9975-71487d6bd5a6,47,-22.890046,-43.244457,-22.886681,-43.251068,2019-01-25 08:57:40,2019-01-25 09:32:12,773.7214351996233,-2072.0
C51590,1a516c64-e0c1-41ab-9975-71487d6bd5a6,48,-22.890765,-43.242335,-22.886681,-43.251068,2019-01-25 08:57:40,2019-01-25 09:32:43,1003.2667159868728,-2103.0
C51590,1a516c64-e0c1-41ab-9975-71487d6bd5a6,49,-22.891768,-43.240794,-22.886681,-43.251068,2019-01-25 08:57:40,2019-01-25 09:33:07,1194.8358925652155,-2127.0
C51590,1a516c64-e0c1-41ab-9975-71487d6bd5a6,50,-22.89495,-43.24279,-22.886681,-43.251068,2019-01-25 08:57:40,2019-01-25 09:34:23,1250.8000676987165,-2203.0
C51590,1a516c64-e0c1-41ab-9975-71487d6bd5a6,51,-22.897995,-43.241305,-22.886681,-43.251068,2019-01-25 08:57:40,2019-01-25 09:35:34,1607.139362415411,-2274.0
C51590,1a516c64-e0c1-41ab-9975-71487d6bd5a6,52,-22.90138,-43.241176,-22.886681,-43.251068,2019-01-25 08:57:40,2019-01-25 09:36:34,1923.0715658825154,-2334.0
C51590,1a516c64-e0c1-41ab-9975-71487d6bd5a6,53,-22.90591,-43.23964,-22.886681,-43.251068,2019-01-25 08:57:40,2019-01-25 09:37:47,2437.6420581433,-2407.0
C51590,1a516c64-e0c1-41ab-9975-71487d6bd5a6,54,-22.907884,-43.236917,-22.886681,-43.251068,2019-01-25 08:57:40,2019-01-25 09:38:37,2767.6221795857136,-2457.0
C51590,1a516c64-e0c1-41ab-9975-71487d6bd5a6,55,-22.908756,-43.234655,-22.886681,-43.251068,2019-01-25 08:57:40,2019-01-25 09:39:09,2975.1865563524493,-2489.0
C51590,1a516c64-e0c1-41ab-9975-71487d6bd5a6,56,-22.908374,-43.231002,-22.886681,-43.251068,2019-01-25 08:57:40,2019-01-25 09:40:06,3169.1054920213196,-2546.0
C51590,1a516c64-e0c1-41ab-9975-71487d6bd5a6,57,-22.90931,-43.22631,-22.886681,-43.251068,2019-01-25 08:57:40,2019-01-25 09:41:27,3572.5131053657815,-2627.0
C51590,1a516c64-e0c1-41ab-9975-71487d6bd5a6,58,-22.909238,-43.222916,-22.886681,-43.251068,2019-01-25 08:57:40,2019-01-25 09:42:17,3821.887758690481,-2677.0
C51590,1a516c64-e0c1-41ab-9975-71487d6bd5a6,59,-22.906357,-43.220639,-22.886681,-43.251068,2019-01-25 08:57:40,2019-01-25 09:43:14,3808.17587600909,-2734.0
C51590,1a516c64-e0c1-41ab-9975-71487d6bd5a6,60,-22.904907,-43.218901,-22.886681,-43.251068,2019-01-25 08:57:40,2019-01-25 09:44:00,3868.374430059623,-2780.0
C51590,1a516c64-e0c1-41ab-9975-71487d6bd5a6,61,-22.90411,-43.21611,-22.886681,-43.251068,2019-01-25 08:57:40,2019-01-25 09:44:45,4071.7096958023117,-2825.0
C51590,1a516c64-e0c1-41ab-9975-71487d6bd5a6,62,-22.90341,-43.21449,-22.886681,-43.251068,2019-01-25 08:57:40,2019-01-25 09:45:11,4183.2108585065225,-2851.0
C51590,1a516c64-e0c1-41ab-9975-71487d6bd5a6,63,-22.902025,-43.210979,-22.886681,-43.251068,2019-01-25 08:57:40,2019-01-25 09:46:06,4446.869286411066,-2906.0
C51590,1a516c64-e0c1-41ab-9975-71487d6bd5a6,64,-22.908498,-43.209965,-22.886681,-43.251068,2019-01-25 08:57:40,2019-01-25 09:47:52,4859.200237178046,-3012.0
C51590,1a516c64-e0c1-41ab-9975-71487d6bd5a6,65,-22.91013,-43.205583,-22.886681,-43.251068,2019-01-25 08:57:40,2019-01-25 09:49:26,5339.112985986753,-3106.0
C51590,1a516c64-e0c1-41ab-9975-71487d6bd5a6,66,-22.908619,-43.201048,-22.886681,-43.251068,2019-01-25 08:57:40,2019-01-25 09:50:35,5674.759010859934,-3175.0
C51590,1a516c64-e0c1-41ab-9975-71487d6bd5a6,67,-22.90623,-43.193405,-22.886681,-43.251068,2019-01-25 08:57:40,2019-01-25 09:52:32,6293.933486247367,-3292.0
C51590,1a516c64-e0c1-41ab-9975-71487d6bd5a6,68,-22.905052,-43.189782,-22.886681,-43.251068,2019-01-25 08:57:40,2019-01-25 09:53:27,6601.778323315259,-3347.0
C51590,1a516c64-e0c1-41ab-9975-71487d6bd5a6,69,-22.903332,-43.184461,-22.886681,-43.251068,2019-01-25 08:57:40,2019-01-25 09:54:48,7069.639251080188,-3428.0
C51590,1a516c64-e0c1-41ab-9975-71487d6bd5a6,70,-22.905593,-43.182786,-22.886681,-43.251068,2019-01-25 08:57:40,2019-01-25 09:55:41,7303.692982166323,-3481.0
C51590,1a516c64-e0c1-41ab-9975-71487d6bd5a6,71,-22.90723,-43.18272,-22.886681,-43.251068,2019-01-25 08:57:40,2019-01-25 09:56:17,7364.554585393983,-3517.0
C51590,1a516c64-e0c1-41ab-9975-71487d6bd5a6,72,-22.90879,-43.18819,-22.886681,-43.251068,2019-01-25 08:57:40,2019-01-25 09:57:40,6894.006675302804,-3600.0
C51555,1a516c64-e0c1-41ab-9975-71487d6bd5a6,0,-22.901318,-43.347259,-22.879869,-43.3326,2019-01-25 08:57:30,2019-01-25 08:57:30,2818.3771400460128,0.0
C51555,1a516c64-e0c1-41ab-9975-71487d6bd5a6,1,-22.90189,-43.34779,-22.879869,-43.3326,2019-01-25 08:57:30,2019-01-25 08:57:41,2901.2062479457923,-11.0
C51555,1a516c64-e0c1-41ab-9975-71487d6bd5a6,2,-22.900466,-43.349828,-22.879869,-43.3326,2019-01-25 08:57:30,2019-01-25 08:58:21,2891.358031545017,-51.0
C51555,1a516c64-e0c1-41ab-9975-71487d6bd5a6,3,-22.89911,-43.35167,-22.879869,-43.3326,2019-01-25 08:57:30,2019-01-25 08:58:55,2897.185003622183,-85.0
C51555,1a516c64-e0c1-41ab-9975-71487d6bd5a6,4,-22.898012,-43.352228,-22.879869,-43.3326,2019-01-25 08:57:30,2019-01-25 08:59:22,2848.295084068197,-112.0
C51555,1a516c64-e0c1-41ab-9975-71487d6bd5a6,5,-22.89818,-43.350146,-22.879869,-43.3326,2019-01-25 08:57:30,2019-01-25 09:00:06,2715.9378658537853,-156.0
C51555,1a516c64-e0c1-41ab-9975-71487d6bd5a6,6,-22.896967,-43.348397,-22.879869,-43.3326,2019-01-25 08:57:30,2019-01-25 09:00:42,2496.6603300638326,-192.0
C51555,1a516c64-e0c1-41ab-9975-71487d6bd5a6,7,-22.8954,-43.34742,-22.879869,-43.3326,2019-01-25 08:57:30,2019-01-25 09:01:10,2299.402887062934,-220.0
C51555,1a516c64-e0c1-41ab-9975-71487d6bd5a6,8,-22.89369,-43.34688,-22.879869,-43.3326,2019-01-25 08:57:30,2019-01-25 09:01:38,2121.741862276296,-248.0
C51555,1a516c64-e0c1-41ab-9975-71487d6bd5a6,9,-22.890381,-43.34553,-22.879869,-43.3326,2019-01-25 08:57:30,2019-01-25 09:02:39,1766.5771497108299,-309.0
C51555,1a516c64-e0c1-41ab-9975-71487d6bd5a6,10,-22.88842,-43.34439,-22.879869,-43.3326,2019-01-25 08:57:30,2019-01-25 09:03:14,1537.1612728665964,-344.0
C51555,1a516c64-e0c1-41ab-9975-71487d6bd5a6,11,-22.88717,-43.34339,-22.879869,-43.3326,2019-01-25 08:57:30,2019-01-25 09:03:38,1371.4624746670604,-368.0
C51555,1a516c64-e0c1-41ab-9975-71487d6bd5a6,12,-22.88579,-43.34209,-22.879869,-43.3326,2019-01-25 08:57:30,2019-01-25 09:04:07,1174.1521573965451,-397.0
C51555,1a516c64-e0c1-41ab-9975-71487d6bd5a6,13,-22.88283,-43.34025,-22.879869,-43.3326,2019-01-25 08:57:30,2019-01-25 09:05:24,850.0584588277601,-474.0
C51555,1a516c64-e0c1-41ab-9975-71487d6bd5a6,14,-22.882534,-43.33687,-22.879869,-43.3326,2019-01-25 08:57:30,2019-01-25 09:06:13,528.3647012070621,-523.0
C51555,1a516c64-e0c1-41ab-9975-71487d6bd5a6,15,-22.882382,-43.333901,-22.879869,-43.3326,2019-01-25 08:57:30,2019-01-25 09:06:56,309.5911241551297,-566.0
C51555,1a516c64-e0c1-41ab-9975-71487d6bd5a6,16,-22.882138,-43.331007,-22.879869,-43.3326,2019-01-25 08:57:30,2019-01-25 09:07:44,300.4808849281255,-614.0
C51555,1a516c64-e0c1-41ab-9975-71487d6bd5a6,17,-22.88256,-43.32373,-22.879869,-43.3326,2019-01-25 08:57:30,2019-01-25 09:09:25,956.6888186552872,-715.0
C51555,1a516c64-e0c1-41ab-9975-71487d6bd5a6,18,-22.88284,-43.3224,-22.879869,-43.3326,2019-01-25 08:57:30,2019-01-25 09:09:45,1095.9197015337631,-735.0
C51555,1a516c64-e0c1-41ab-9975-71487d6bd5a6,19,-22.8835,-43.32058,-22.879869,-43.3326,2019-01-25 08:57:30,2019-01-25 09:10:13,1295.8899665466072,-763.0
C51555,1a516c64-e0c1-41ab-9975-71487d6bd5a6,20,-22.88445,-43.31751,-22.879869,-43.3326,2019-01-25 08:57:30,2019-01-25 09:11:00,1627.6502664254824,-810.0
C51555,1a516c64-e0c1-41ab-9975-71487d6bd5a6,21,-22.884744,-43.316116,-22.879869,-43.3326,2019-01-25 08:57:30,2019-01-25 09:11:21,1773.5661493269226,-831.0
C51555,1a516c64-e0c1-41ab-9975-71487d6bd5a6,22,-22.88498,-43.31429,-22.879869,-43.3326,2019-01-25 08:57:30,2019-01-25 09:11:47,1959.961602971145,-857.0
C51555,1a516c64-e0c1-41ab-9975-71487d6bd5a6,23,-22.885103,-43.311568,-22.879869,-43.3326,2019-01-25 08:57:30,2019-01-25 09:12:26,2231.8290811414627,-896.0
C51555,1a516c64-e0c1-41ab-9975-71487d6bd5a6,24,-22.88562,-43.30967,-22.879869,-43.3326,2019-01-25 08:57:30,2019-01-25 09:12:56,2434.5325613614905,-926.0
C51555,1a516c64-e0c1-41ab-9975-71487d6bd5a6,25,-22.88672,-43.306443,-22.879869,-43.3326,2019-01-25 08:57:30,2019-01-25 09:13:45,2785.804027993442,-975.0
C51555,1a516c64-e0c1-41ab-9975-71487d6bd5a6,26,-22.88646,-43.30281,-22.879869,-43.3326,2019-01-25 08:57:30,2019-01-25 09:14:39,3138.569620778439,-1029.0
C51555,1a516c64-e0c1-41ab-9975-71487d6bd5a6,27,-22.88548,-43.30031,-22.879869,-43.3326,2019-01-25 08:57:30,2019-01-25 09:15:20,3366.24871630358,-1070.0
C51555,1a516c64-e0c1-41ab-9975-71487d6bd5a6,28,-22.884601,-43.297845,-22.879869,-43.3326,2019-01-25 08:57:30,2019-01-25 09:15:59,3599.1302171425023,-1109.0
C51555,1a516c64-e0c1-41ab-9975-71487d6bd5a6,29,-22.88341,-43.29648,-22.879869,-43.3326,2019-01-25 08:57:30,2019-01-25 09:16:26,3721.203080071503,-1136.0
C51555,1a516c64-e0c1-41ab-9975-71487d6bd5a6,30,-22.88182,-43.29431,-22.879869,-43.3326,2019-01-25 08:57:30,2019-01-25 09:17:07,3928.636532541841,-1177.0
C51555,1a516c64-e0c1-41ab-9975-71487d6bd5a6,31,-22.8842,-43.29133,-22.879869,-43.3326,2019-01-25 08:57:30,2019-01-25 09:18:11,4255.232481492845,-1241.0
C51555,1a516c64-e0c1-41ab-9975-71487d6bd5a6,32,-22.885668,-43.290084,-22.879869,-43.3326,2019-01-25 08:57:30,2019-01-25 09:18:45,4402.988492784461,-1275.0
C51555,1a516c64-e0c1-41ab-9975-71487d6bd5a6,33,-22.88744,-43.2864,-22.879869,-43.3326,2019-01-25 08:57:30,2019-01-25 09:19:40,4807.177986561953,-1330.0
C51555,1a516c64-e0c1-41ab-9975-71487d6bd5a6,34,-22.887738,-43.283511,-22.879869,-43.3326,2019-01-25 08:57:30,2019-01-25 09:20:16,5104.397164914293,-1366.0
C51555,1a516c64-e0c1-41ab-9975-71487d6bd5a6,35,-22.887155,-43.280679,-22.879869,-43.3326,2019-01-25 08:57:30,2019-01-25 09:21:02,5380.320617019483,-1412.0
C51555,1a516c64-e0c1-41ab-9975-71487d6bd5a6,36,-22.88591,-43.27898,-22.879869,-43.3326,2019-01-25 08:57:30,2019-01-25 09:21:35,5533.969908652582,-1445.0
C51555,1a516c64-e0c1-41ab-9975-71487d6bd5a6,37,-22.88441,-43.27719,-22.879869,-43.3326,2019-01-25 08:57:30,2019-01-25 09:22:10,5698.870187249818,-1480.0
C51555,1a516c64-e0c1-41ab-9975-71487d6bd5a6,38,-22.8822,-43.2754,-22.879869,-43.3326,2019-01-25 08:57:30,2019-01-25 09:22:53,5865.609883613534,-1523.0
C51555,1a516c64-e0c1-41ab-9975-71487d6bd5a6,39,-22.881083,-43.272751,-22.879869,-43.3326,2019-01-25 08:57:30,2019-01-25 09:23:37,6132.769380577226,-1567.0
C51555,1a516c64-e0c1-41ab-9975-71487d6bd5a6,40,-22.878863,-43.265859,-22.879869,-43.3326,2019-01-25 08:57:30,2019-01-25 09:25:23,6838.31142589498,-1673.0
C51555,1a516c64-e0c1-41ab-9975-71487d6bd5a6,41,-22.87833,-43.26397,-22.879869,-43.3326,2019-01-25 08:57:30,2019-01-25 09:25:55,7033.014368357046,-1705.0
C51555,1a516c64-e0c1-41ab-9975-71487d6bd5a6,42,-22.878337,-43.261822,-22.879869,-43.3326,2019-01-25 08:57:30,2019-01-25 09:26:26,7252.988661081127,-1736.0
C51555,1a516c64-e0c1-41ab-9975-71487d6bd5a6,43,-22.880394,-43.259223,-22.879869,-43.3326,2019-01-25 08:57:30,2019-01-25 09:27:21,7517.417135036747,-1791.0
C51555,1a516c64-e0c1-41ab-9975-71487d6bd5a6,44,-22.882581,-43.254845,-22.879869,-43.3326,2019-01-25 08:57:30,2019-01-25 09:28:33,7971.34165083347,-1863.0
C51555,1a516c64-e0c1-41ab-9975-71487d6bd5a6,45,-22.88517,-43.25266,-22.879869,-43.3326,2019-01-25 08:57:30,2019-01-25 09:29:24,8210.586077813225,-1914.0
C51555,1a516c64-e0c1-41ab-9975-71487d6bd5a6,46,-22.886927,-43.250822,-22.879869,-43.3326,2019-01-25 08:57:30,2019-01-25 09:30:02,8414.319103477917,-1952.0
C51555,1a516c64-e0c1-41ab-9975-71487d6bd5a6,47,-22.890046,-43.244457,-22.879869,-43.3326,2019-01-25 08:57:30,2019-01-25 09:32:02,9100.223498899732,-2072.0
C51555,1a516c64-e0c1-41ab-9975-71487d6bd5a6,48,-22.890765,-43.242335,-22.879869,-43.3326,2019-01-25 08:57:30,2019-01-25 09:32:33,9325.983363227184,-2103.0
C51555,1a516c64-e0c1-41ab-9975-71487d6bd5a6,49,-22.891768,-43.240794,-22.879869,-43.3326,2019-01-25 08:57:30,2019-01-25 09:32:57,9497.390868207649,-2127.0
C51555,1a516c64-e0c1-41ab-9975-71487d6bd5a6,50,-22.89495,-43.24279,-22.879869,-43.3326,2019-01-25 08:57:30,2019-01-25 09:34:13,9351.773938194336,-2203.0
C51555,1a516c64-e0c1-41ab-9975-71487d6bd5a6,51,-22.897995,-43.241305,-22.879869,-43.3326,2019-01-25 08:57:30,2019-01-25 09:35:24,9566.933859394445,-2274.0
C51555,1a516c64-e0c1-41ab-9975-71487d6bd5a6,52,-22.90138,-43.241176,-22.879869,-43.3326,2019-01-25 08:57:30,2019-01-25 09:36:24,9665.935972546635,-2334.0
C51555,1a516c64-e0c1-41ab-9975-71487d6bd5a6,53,-22.90591,-43.23964,-22.879869,-43.3326,2019-01-25 08:57:30,2019-01-25 09:37:37,9953.020789703301,-2407.0
C51555,1a516c64-e0c1-41ab-9975-71487d6bd5a6,54,-22.907884,-43.236917,-22.879869,-43.3326,2019-01-25 08:57:30,2019-01-25 09:38:27,10284.487866174051,-2457.0
C51555,1a516c64-e0c1-41ab-9975-71487d6bd5a6,55,-22.908756,-43.234655,-22.879869,-43.3326,2019-01-25 08:57:30,2019-01-25 09:38:59,10534.674782290884,-2489.0
C51555,1a516c64-e0c1-41ab-9975-71487d6bd5a6,56,-22.908374,-43.231002,-22.879869,-43.3326,2019-01-25 08:57:30,2019-01-25 09:39:56,10879.213546269273,-2546.0
C51555,1a516c64-e0c1-41ab-9975-71487d6bd5a6,57,-22.90931,-43.22631,-22.879869,-43.3326,2019-01-25 08:57:30,2019-01-25 09:41:17,11369.349437328669,-2627.0
C51555,1a516c64-e0c1-41ab-9975-71487d6bd5a6,58,-22.909238,-43.222916,-22.879869,-43.3326,2019-01-25 08:57:30,2019-01-25 09:42:07,11700.484395249423,-2677.0
C51555,1a516c64-e0c1-41ab-9975-71487d6bd5a6,59,-22.906357,-43.220639,-22.879869,-43.3326,2019-01-25 08:57:30,2019-01-25 09:43:04,11841.03335698407,-2734.0
C51555,1a516c64-e0c1-41ab-9975-71487d6bd5a6,60,-22.904907,-43.218901,-22.879869,-43.3326,2019-01-25 08:57:30,2019-01-25 09:43:50,11975.105575053376,-2780.0
C51555,1a516c64-e0c1-41ab-9975-71487d6bd5a6,61,-22.90411,-43.21611,-22.879869,-43.3326,2019-01-25 08:57:30,2019-01-25 09:44:35,12233.555755701278,-2825.0
C51555,1a516c64-e0c1-41ab-9975-71487d6bd5a6,62,-22.90341,-43.21449,-22.879869,-43.3326,2019-01-25 08:57:30,2019-01-25 09:45:01,12378.817253062376,-2851.0
C51555,1a516c64-e0c1-41ab-9975-71487d6bd5a6,63,-22.902025,-43.210979,-22.879869,-43.3326,2019-01-25 08:57:30,2019-01-25 09:45:56,12699.859596623548,-2906.0
C51555,1a516c64-e0c1-41ab-9975-71487d6bd5a6,64,-22.908498,-43.209965,-22.879869,-43.3326,2019-01-25 08:57:30,2019-01-25 09:47:42,12959.260502888632,-3012.0
C51555,1a516c64-e0c1-41ab-9975-71487d6bd5a6,65,-22.91013,-43.205583,-22.879869,-43.3326,2019-01-25 08:57:30,2019-01-25 09:49:16,13439.041343914256,-3106.0
C51555,1a516c64-e0c1-41ab-9975-71487d6bd5a6,66,-22.908619,-43.201048,-22.879869,-43.3326,2019-01-25 08:57:30,2019-01-25 09:50:25,13849.602176670098,-3175.0
C51555,1a516c64-e0c1-41ab-9975-71487d6bd5a6,67,-22.90623,-43.193405,-22.879869,-43.3326,2019-01-25 08:57:30,2019-01-25 09:52:22,14556.805929025495,-3292.0
C51555,1a516c64-e0c1-41ab-9975-71487d6bd5a6,68,-22.905052,-43.189782,-22.879869,-43.3326,2019-01-25 08:57:30,2019-01-25 09:53:17,14895.401084185214,-3347.0
C51555,1a516c64-e0c1-41ab-9975-71487d6bd5a6,69,-22.903332,-43.184461,-22.879869,-43.3326,2019-01-25 08:57:30,2019-01-25 09:54:38,15397.626538808065,-3428.0
C51555,1a516c64-e0c1-41ab-9975-71487d6bd5a6,70,-22.905593,-43.182786,-22.879869,-43.3326,2019-01-25 08:57:30,2019-01-25 09:55:31,15610.73373583901,-3481.0
C51555,1a516c64-e0c1-41ab-9975-71487d6bd5a6,71,-22.90723,-43.18272,-22.879869,-43.3326,2019-01-25 08:57:30,2019-01-25 09:56:07,15651.650973295033,-3517.0
C51555,1a516c64-e0c1-41ab-9975-71487d6bd5a6,72,-22.90879,-43.18819,-22.879869,-43.3326,2019-01-25 08:57:30,2019-01-25 09:57:30,15138.221559043775,-3600.0
C51649,1a516c64-e0c1-41ab-9975-71487d6bd5a6,0,-22.901318,-43.347259,-22.88163,-43.29324,2019-01-25 08:57:24,2019-01-25 08:57:24,5950.889079024342,0.0
C51649,1a516c64-e0c1-41ab-9975-71487d6bd5a6,1,-22.90189,-43.34779,-22.88163,-43.29324,2019-01-25 08:57:24,2019-01-25 08:57:35,6024.983498330194,-11.0
C51649,1a516c64-e0c1-41ab-9975-71487d6bd5a6,2,-22.900466,-43.349828,-22.88163,-43.29324,2019-01-25 08:57:24,2019-01-25 08:58:15,6163.53586706615,-51.0
C51649,1a516c64-e0c1-41ab-9975-71487d6bd5a6,3,-22.89911,-43.35167,-22.88163,-43.29324,2019-01-25 08:57:24,2019-01-25 08:58:49,6293.15891711947,-85.0
C51649,1a516c64-e0c1-41ab-9975-71487d6bd5a6,4,-22.898012,-43.352228,-22.88163,-43.29324,2019-01-25 08:57:24,2019-01-25 08:59:16,6311.257263767683,-112.0
C51649,1a516c64-e0c1-41ab-9975-71487d6bd5a6,5,-22.89818,-43.350146,-22.88163,-43.29324,2019-01-25 08:57:24,2019-01-25 09:00:00,6112.960891455716,-156.0
C51649,1a516c64-e0c1-41ab-9975-71487d6bd5a6,6,-22.896967,-43.348397,-22.88163,-43.29324,2019-01-25 08:57:24,2019-01-25 09:00:36,5901.998955414757,-192.0
C51649,1a516c64-e0c1-41ab-9975-71487d6bd5a6,7,-22.8954,-43.34742,-22.88163,-43.29324,2019-01-25 08:57:24,2019-01-25 09:01:04,5757.519621279522,-220.0
C51649,1a516c64-e0c1-41ab-9975-71487d6bd5a6,8,-22.89369,-43.34688,-22.88163,-43.29324,2019-01-25 08:57:24,2019-01-25 09:01:32,5656.174020385868,-248.0
C51649,1a516c64-e0c1-41ab-9975-71487d6bd5a6,9,-22.890381,-43.34553,-22.88163,-43.29324,2019-01-25 08:57:24,2019-01-25 09:02:33,5444.340791632412,-309.0
C51649,1a516c64-e0c1-41ab-9975-71487d6bd5a6,10,-22.88842,-43.34439,-22.88163,-43.29324,2019-01-25 08:57:24,2019-01-25 09:03:08,5294.046162346568,-344.0
C51649,1a516c64-e0c1-41ab-9975-71487d6bd5a6,11,-22.88717,-43.34339,-22.88163,-43.29324,2019-01-25 08:57:24,2019-01-25 09:03:32,5174.312957768254,-368.0
C51649,1a516c64-e0c1-41ab-9975-71487d6bd5a6,12,-22.88579,-43.34209,-22.88163,-43.29324,2019-01-25 08:57:24,2019-01-25 09:04:01,5025.695146603388,-397.0
C51649,1a516c64-e0c1-41ab-9975-71487d6bd5a6,13,-22.88283,-43.34025,-22.88163,-43.29324,2019-01-25 08:57:24,2019-01-25 09:05:18,4817.766822833278,-474.0
C51649,1a516c64-e0c1-41ab-9975-71487d6bd5a6,14,-22.882534,-43.33687,-22.88163,-43.29324,2019-01-25 08:57:24,2019-01-25 09:06:07,4470.791110523861,-523.0
C51649,1a516c64-e0c1-41ab-9975-71487d6bd5a6,15,-22.882382,-43.333901,-22.88163,-43.29324,2019-01-25 08:57:24,2019-01-25 09:06:50,4166.344239014071,-566.0
C51649,1a516c64-e0c1-41ab-9975-71487d6bd5a6,16,-22.882138,-43.331007,-22.88163,-43.29324,2019-01-25 08:57:24,2019-01-25 09:07:38,3869.4458073517967,-614.0
C51649,1a516c64-e0c1-41ab-9975-71487d6bd5a6,17,-22.88256,-43.32373,-22.88163,-43.29324,2019-01-25 08:57:24,2019-01-25 09:09:19,3125.249035603445,-715.0
C51649,1a516c64-e0c1-41ab-9975-71487d6bd5a6,18,-22.88284,-43.3224,-22.88163,-43.29324,2019-01-25 08:57:24,2019-01-25 09:09:39,2990.3116093482513,-735.0
C51649,1a516c64-e0c1-41ab-9975-71487d6bd5a6,19,-22.8835,-43.32058,-22.88163,-43.29324,2019-01-25 08:57:24,2019-01-25 09:10:07,2808.535269224203,-763.0
C51649,1a516c64-e0c1-41ab-9975-71487d6bd5a6,20,-22.88445,-43.31751,-22.88163,-43.29324,2019-01-25 08:57:24,2019-01-25 09:10:54,2506.0100139985316,-810.0
C51649,1a516c64-e0c1-41ab-9975-71487d6bd5a6,21,-22.884744,-43.316116,-22.88163,-43.29324,2019-01-25 08:57:24,2019-01-25 09:11:15,2368.9477109387876,-831.0
C51649,1a516c64-e0c1-41ab-9975-71487d6bd5a6,22,-22.88498,-43.31429,-22.88163,-43.29324,2019-01-25 08:57:24,2019-01-25 09:11:41,2188.377417283008,-857.0
C51649,1a516c64-e0c1-41ab-9975-71487d6bd5a6,23,-22.885103,-43.311568,-22.88163,-43.29324,2019-01-25 08:57:24,2019-01-25 09:12:20,1916.8912877623457,-896.0
C51649,1a516c64-e0c1-41ab-9975-71487d6bd5a6,24,-22.88562,-43.30967,-22.88163,-43.29324,2019-01-25 08:57:24,2019-01-25 09:12:50,1740.63902286804,-926.0
C51649,1a516c64-e0c1-41ab-9975-71487d6bd5a6,25,-22.88672,-43.306443,-22.88163,-43.29324,2019-01-25 08:57:24,2019-01-25 09:13:39,1466.2004931690212,-975.0
C51649,1a516c64-e0c1-41ab-9975-71487d6bd5a6,26,-22.88646,-43.30281,-22.88163,-43.29324,2019-01-25 08:57:24,2019-01-25 09:14:33,1117.852097261062,-1029.0
C51649,1a516c64-e0c1-41ab-9975-71487d6bd5a6,27,-22.88548,-43.30031,-22.88163,-43.29324,2019-01-25 08:57:24,2019-01-25 09:15:14,841.3356477525559,-1070.0
C51649,1a516c64-e0c1-41ab-9975-71487d6bd5a6,28,-22.884601,-43.297845,-22.88163,-43.29324,2019-01-25 08:57:24,2019-01-25 09:15:53,575.9251313618139,-1109.0
C51649,1a516c64-e0c1-41ab-9975-71487d6bd5a6,29,-22.88341,-43.29648,-22.88163,-43.29324,2019-01-25 08:57:24,2019-01-25 09:16:20,386.4527728125355,-1136.0
C51649,1a516c64-e0c1-41ab-9975-71487d6bd5a6,30,-22.88182,-43.29431,-22.88163,-43.29324,2019-01-25 08:57:24,2019-01-25 09:17:01,111.63349745422727,-1177.0
C51649,1a516c64-e0c1-41ab-9975-71487d6bd5a6,31,-22.8842,-43.29133,-22.88163,-43.29324,2019-01-25 08:57:24,2019-01-25 09:18:05,346.33950850470507,-1241.0
C51649,1a516c64-e0c1-41ab-9975-71487d6bd5a6,32,-22.885668,-43.290084,-22.88163,-43.29324,2019-01-25 08:57:24,2019-01-25 09:18:39,553.2955924897988,-1275.0
C51649,1a516c64-e0c1-41ab-9975-71487d6bd5a6,33,-22.88744,-43.2864,-22.88163,-43.29324,2019-01-25 08:57:24,2019-01-25 09:19:34,953.0812538329842,-1330.0
C51649,1a516c64-e0c1-41ab-9975-71487d6bd5a6,34,-22.887738,-43.283511,-22.88163,-43.29324,2019-01-25 08:57:24,2019-01-25 09:20:10,1206.0783081350958,-1366.0
C51649,1a516c64-e0c1-41ab-9975-71487d6bd5a6,35,-22.887155,-43.280679,-22.88163,-43.29324,2019-01-25 08:57:24,2019-01-25 09:20:56,1425.919181394191,-1412.0
C51649,1a516c64-e0c1-41ab-9975-71487d6bd5a6,36,-22.88591,-43.27898,-22.88163,-43.29324,2019-01-25 08:57:24,2019-01-25 09:21:29,1536.4101574195363,-1445.0
C51649,1a516c64-e0c1-41ab-9975-71487d6bd5a6,37,-22.88441,-43.27719,-22.88163,-43.29324,2019-01-25 08:57:24,2019-01-25 09:22:04,1673.03142139103,-1480.0
C51649,1a516c64-e0c1-41ab-9975-71487d6bd5a6,38,-22.8822,-43.2754,-22.88163,-43.29324,2019-01-25 08:57:24,2019-01-25 09:22:47,1828.7138461015554,-1523.0
C51649,1a516c64-e0c1-41ab-9975-71487d6bd5a6,39,-22.881083,-43.272751,-22.88163,-43.29324,2019-01-25 08:57:24,2019-01-25 09:23:31,2099.8811281553735,-1567.0
C51649,1a516c64-e0c1-41ab-9975-71487d6bd5a6,40,-22.878863,-43.265859,-22.88163,-43.29324,2019-01-25 08:57:24,2019-01-25 09:25:17,2821.8988093764806,-1673.0
C51649,1a516c64-e0c1-41ab-9975-71487d6bd5a6,41,-22.87833,-43.26397,-22.88163,-43.29324,2019-01-25 08:57:24,2019-01-25 09:25:49,3020.970168988468,-1705.0
C51649,1a516c64-e0c1-41ab-9975-71487d6bd5a6,42,-22.878337,-43.261822,-22.88163,-43.29324,2019-01-25 08:57:24,2019-01-25 09:26:20,3239.417484412593,-1736.0
C51649,1a516c64-e0c1-41ab-9975-71487d6bd5a6,43,-22.880394,-43.259223,-22.88163,-43.29324,2019-01-25 08:57:24,2019-01-25 09:27:15,3487.5968586550816,-1791.0
C51649,1a516c64-e0c1-41ab-9975-71487d6bd5a6,44,-22.882581,-43.254845,-22.88163,-43.29324,2019-01-25 08:57:24,2019-01-25 09:28:27,3934.7836197018564,-1863.0
C51649,1a516c64-e0c1-41ab-9975-71487d6bd5a6,45,-22.88517,-43.25266,-22.88163,-43.29324,2019-01-25 08:57:24,2019-01-25 09:29:18,4175.7585975563425,-1914.0
C51649,1a516c64-e0c1-41ab-9975-71487d6bd5a6,46,-22.886927,-43.250822,-22.88163,-43.29324,2019-01-25 08:57:24,2019-01-25 09:29:56,4385.163868056547,-1952.0
C51649,1a516c64-e0c1-41ab-9975-71487d6bd5a6,47,-22.890046,-43.244457,-22.88163,-43.29324,2019-01-25 08:57:24,2019-01-25 09:31:56,5084.285535999166,-2072.0
C51649,1a516c64-e0c1-41ab-9975-71487d6bd5a6,48,-22.890765,-43.242335,-22.88163,-43.29324,2019-01-25 08:57:24,2019-01-25 09:32:27,5312.795070679811,-2103.0
C51649,1a516c64-e0c1-41ab-9975-71487d6bd5a6,49,-22.891768,-43.240794,-22.88163,-43.29324,2019-01-25 08:57:24,2019-01-25 09:32:51,5489.62196154046,-2127.0
C51649,1a516c64-e0c1-41ab-9975-71487d6bd5a6,50,-22.89495,-43.24279,-22.88163,-43.29324,2019-01-25 08:57:24,2019-01-25 09:34:07,5376.1449316670505,-2203.0
C51649,1a516c64-e0c1-41ab-9975-71487d6bd5a6,51,-22.897995,-43.241305,-22.88163,-43.29324,2019-01-25 08:57:24,2019-01-25 09:35:18,5622.760689173197,-2274.0
C51649,1a516c64-e0c1-41ab-9975-71487d6bd5a6,52,-22.90138,-43.241176,-22.88163,-43.29324,2019-01-25 08:57:24,2019-01-25 09:36:18,5767.7585381772715,-2334.0
C51649,1a516c64-e0c1-41ab-9975-71487d6bd5a6,53,-22.90591,-43.23964,-22.88163,-43.29324,2019-01-25 08:57:24,2019-01-25 09:37:31,6118.43551562393,-2407.0
C51649,1a516c64-e0c1-41ab-9975-71487d6bd5a6,54,-22.907884,-43.236917,-22.88163,-43.29324,2019-01-25 08:57:24,2019-01-25 09:38:21,6465.9847340620345,-2457.0
C51649,1a516c64-e0c1-41ab-9975-71487d6bd5a6,55,-22.908756,-43.234655,-22.88163,-43.29324,2019-01-25 08:57:24,2019-01-25 09:38:53,6716.516991055489,-2489.0
C51649,1a516c64-e0c1-41ab-9975-71487d6bd5a6,56,-22.908374,-43.231002,-22.88163,-43.29324,2019-01-25 08:57:24,2019-01-25 09:39:50,7034.805171312607,-2546.0
C51649,1a516c64-e0c1-41ab-9975-71487d6bd5a6,57,-22.90931,-43.22631,-22.88163,-43.29324,2019-01-25 08:57:24,2019-01-25 09:41:11,7515.138250696264,-2627.0
C51649,1a516c64-e0c1-41ab-9975-71487d6bd5a6,58,-22.909238,-43.222916,-22.88163,-43.29324,2019-01-25 08:57:24,2019-01-25 09:42:01,7830.459530019695,-2677.0
C51649,1a516c64-e0c1-41ab-9975-71487d6bd5a6,59,-22.906357,-43.220639,-22.88163,-43.29324,2019-01-25 08:57:24,2019-01-25 09:42:58,7928.92234147614,-2734.0
C51649,1a516c64-e0c1-41ab-9975-71487d6bd5a6,60,-22.904907,-43.218901,-22.88163,-43.29324,2019-01-25 08:57:24,2019-01-25 09:43:44,8042.856409459494,-2780.0
C51649,1a516c64-e0c1-41ab-9975-71487d6bd5a6,61,-22.90411,-43.21611,-22.88163,-43.29324,2019-01-25 08:57:24,2019-01-25 09:44:29,8286.916901917966,-2825.0
C51649,1a516c64-e0c1-41ab-9975-71487d6bd5a6,62,-22.90341,-43.21449,-22.88163,-43.29324,2019-01-25 08:57:24,2019-01-25 09:44:55,8422.592742989616,-2851.0
C51649,1a516c64-e0c1-41ab-9975-71487d6bd5a6,63,-22.902025,-43.210979,-22.88163,-43.29324,2019-01-25 08:57:24,2019-01-25 09:45:50,8726.426849522999,-2906.0
C51649,1a516c64-e0c1-41ab-9975-71487d6bd5a6,64,-22.908498,-43.209965,-22.88163,-43.29324,2019-01-25 08:57:24,2019-01-25 09:47:36,9038.310875027126,-3012.0
C51649,1a516c64-e0c1-41ab-9975-71487d6bd5a6,65,-22.91013,-43.205583,-22.88163,-43.29324,2019-01-25 08:57:24,2019-01-25 09:49:10,9521.910272560379,-3106.0
C51649,1a516c64-e0c1-41ab-9975-71487d6bd5a6,66,-22.908619,-43.201048,-22.88163,-43.29324,2019-01-25 08:57:24,2019-01-25 09:50:19,9909.044571863637,-3175.0
C51649,1a516c64-e0c1-41ab-9975-71487d6bd5a6,67,-22.90623,-43.193405,-22.88163,-43.29324,2019-01-25 08:57:24,2019-01-25 09:52:16,10586.17854021842,-3292.0
C51649,1a516c64-e0c1-41ab-9975-71487d6bd5a6,68,-22.905052,-43.189782,-22.88163,-43.29324,2019-01-25 08:57:24,2019-01-25 09:53:11,10913.165219260067,-3347.0
C51649,1a516c64-e0c1-41ab-9975-71487d6bd5a6,69,-22.903332,-43.184461,-22.88163,-43.29324,2019-01-25 08:57:24,2019-01-25 09:54:32,11401.280044313997,-3428.0
C51649,1a516c64-e0c1-41ab-9975-71487d6bd5a6,70,-22.905593,-43.182786,-22.88163,-43.29324,2019-01-25 08:57:24,2019-01-25 09:55:25,11623.981709073321,-3481.0
C51649,1a516c64-e0c1-41ab-9975-71487d6bd5a6,71,-22.90723,-43.18272,-22.88163,-43.29324,2019-01-25 08:57:24,2019-01-25 09:56:01,11673.543273504421,-3517.0
C51649,1a516c64-e0c1-41ab-9975-71487d6bd5a6,72,-22.90879,-43.18819,-22.88163,-43.29324,2019-01-25 08:57:24,2019-01-25 09:57:24,11176.534548646383,-3600.0
C51603,1a516c64-e0c1-41ab-9975-71487d6bd5a6,0,-22.901318,-43.347259,-22.885571,-43.278751,2019-01-25 08:57:31,2019-01-25 08:57:31,7232.838441003556,0.0
C51603,1a516c64-e0c1-41ab-9975-71487d6bd5a6,1,-22.90189,-43.34779,-22.885571,-43.278751,2019-01-25 08:57:31,2019-01-25 08:57:42,7301.158631451915,-11.0
C51603,1a516c64-e0c1-41ab-9975-71487d6bd5a6,2,-22.900466,-43.349828,-22.885571,-43.278751,2019-01-25 08:57:31,2019-01-25 08:58:22,7466.878206973529,-51.0
C51603,1a516c64-e0c1-41ab-9975-71487d6bd5a6,3,-22.89911,-43.35167,-22.885571,-43.278751,2019-01-25 08:57:31,2019-01-25 08:58:56,7619.798628622698,-85.0
C51603,1a516c64-e0c1-41ab-9975-71487d6bd5a6,4,-22.898012,-43.352228,-22.885571,-43.278751,2019-01-25 08:57:31,2019-01-25 08:59:23,7652.860481444683,-112.0
C51603,1a516c64-e0c1-41ab-9975-71487d6bd5a6,5,-22.89818,-43.350146,-22.885571,-43.278751,2019-01-25 08:57:31,2019-01-25 09:00:07,7446.689376186396,-156.0
C51603,1a516c64-e0c1-41ab-9975-71487d6bd5a6,6,-22.896967,-43.348397,-22.885571,-43.278751,2019-01-25 08:57:31,2019-01-25 09:00:43,7246.039929380517,-192.0
C51603,1a516c64-e0c1-41ab-9975-71487d6bd5a6,7,-22.8954,-43.34742,-22.885571,-43.278751,2019-01-25 08:57:31,2019-01-25 09:01:11,7118.736528041067,-220.0
C51603,1a516c64-e0c1-41ab-9975-71487d6bd5a6,8,-22.89369,-43.34688,-22.885571,-43.278751,2019-01-25 08:57:31,2019-01-25 09:01:39,7037.213712047287,-248.0
C51603,1a516c64-e0c1-41ab-9975-71487d6bd5a6,9,-22.890381,-43.34553,-22.885571,-43.278751,2019-01-25 08:57:31,2019-01-25 09:02:40,6861.73198967273,-309.0
C51603,1a516c64-e0c1-41ab-9975-71487d6bd5a6,10,-22.88842,-43.34439,-22.885571,-43.278751,2019-01-25 08:57:31,2019-01-25 09:03:15,6731.580675728399,-344.0
C51603,1a516c64-e0c1-41ab-9975-71487d6bd5a6,11,-22.88717,-43.34339,-22.885571,-43.278751,2019-01-25 08:57:31,2019-01-25 09:03:39,6624.098409342021,-368.0
C51603,1a516c64-e0c1-41ab-9975-71487d6bd5a6,12,-22.88579,-43.34209,-22.885571,-43.278751,2019-01-25 08:57:31,2019-01-25 09:04:08,6488.61658268305,-397.0
C51603,1a516c64-e0c1-41ab-9975-71487d6bd5a6,13,-22.88283,-43.34025,-22.885571,-43.278751,2019-01-25 08:57:31,2019-01-25 09:05:25,6307.514452771521,-474.0
C51603,1a516c64-e0c1-41ab-9975-71487d6bd5a6,14,-22.882534,-43.33687,-22.885571,-43.278751,2019-01-25 08:57:31,2019-01-25 09:06:14,5963.46458953391,-523.0
C51603,1a516c64-e0c1-41ab-9975-71487d6bd5a6,15,-22.882382,-43.333901,-22.885571,-43.278751,2019-01-25 08:57:31,2019-01-25 09:06:57,5660.861804127887,-566.0
C51603,1a516c64-e0c1-41ab-9975-71487d6bd5a6,16,-22.882138,-43.331007,-22.885571,-43.278751,2019-01-25 08:57:31,2019-01-25 09:07:45,5366.871784886761,-614.0
C51603,1a516c64-e0c1-41ab-9975-71487d6bd5a6,17,-22.88256,-43.32373,-22.885571,-43.278751,2019-01-25 08:57:31,2019-01-25 09:09:26,4619.9392313521,-715.0
C51603,1a516c64-e0c1-41ab-9975-71487d6bd5a6,18,-22.88284,-43.3224,-22.885571,-43.278751,2019-01-25 08:57:31,2019-01-25 09:09:46,4481.837179346559,-735.0
C51603,1a516c64-e0c1-41ab-9975-71487d6bd5a6,19,-22.8835,-43.32058,-22.885571,-43.278751,2019-01-25 08:57:31,2019-01-25 09:10:14,4291.264041909379,-763.0
C51603,1a516c64-e0c1-41ab-9975-71487d6bd5a6,20,-22.88445,-43.31751,-22.885571,-43.278751,2019-01-25 08:57:31,2019-01-25 09:11:01,3972.5233927934346,-810.0
C51603,1a516c64-e0c1-41ab-9975-71487d6bd5a6,21,-22.884744,-43.316116,-22.885571,-43.278751,2019-01-25 08:57:31,2019-01-25 09:11:22,3828.8628011831934,-831.0
C51603,1a516c64-e0c1-41ab-9975-71487d6bd5a6,22,-22.88498,-43.31429,-22.885571,-43.278751,2019-01-25 08:57:31,2019-01-25 09:11:48,3641.2885195604563,-857.0
C51603,1a516c64-e0c1-41ab-9975-71487d6bd5a6,23,-22.885103,-43.311568,-22.885571,-43.278751,2019-01-25 08:57:31,2019-01-25 09:12:27,3362.2488544307,-896.0
C51603,1a516c64-e0c1-41ab-9975-71487d6bd5a6,24,-22.88562,-43.30967,-22.885571,-43.278751,2019-01-25 08:57:31,2019-01-25 09:12:57,3167.4094457248852,-926.0
C51603,1a516c64-e0c1-41ab-9975-71487d6bd5a6,25,-22.88672,-43.306443,-22.885571,-43.278751,2019-01-25 08:57:31,2019-01-25 09:13:46,2839.6884778598514,-975.0
C51603,1a516c64-e0c1-41ab-9975-71487d6bd5a6,26,-22.88646,-43.30281,-22.885571,-43.278751,2019-01-25 08:57:31,2019-01-25 09:14:40,2466.626483653737,-1029.0
C51603,1a516c64-e0c1-41ab-9975-71487d6bd5a6,27,-22.88548,-43.30031,-22.885571,-43.278751,2019-01-25 08:57:31,2019-01-25 09:15:21,2208.5717905508805,-1070.0
C51603,1a516c64-e0c1-41ab-9975-71487d6bd5a6,28,-22.884601,-43.297845,-22.885571,-43.278751,2019-01-25 08:57:31,2019-01-25 09:16:00,1959.0067477284151,-1109.0
C51603,1a516c64-e0c1-41ab-9975-71487d6bd5a6,29,-22.88341,-43.29648,-22.885571,-43.278751,2019-01-25 08:57:31,2019-01-25 09:16:27,1832.036211236348,-1136.0
C51603,1a516c64-e0c1-41ab-9975-71487d6bd5a6,30,-22.88182,-43.29431,-22.885571,-43.278751,2019-01-25 08:57:31,2019-01-25 09:17:08,1647.585938834277,-1177.0
C51603,1a516c64-e0c1-41ab-9975-71487d6bd5a6,31,-22.8842,-43.29133,-22.885571,-43.278751,2019-01-25 08:57:31,2019-01-25 09:18:12,1297.6111017112814,-1241.0
C51603,1a516c64-e0c1-41ab-9975-71487d6bd5a6,32,-22.885668,-43.290084,-22.885571,-43.278751,2019-01-25 08:57:31,2019-01-25 09:18:46,1161.0252898983524,-1275.0
C51603,1a516c64-e0c1-41ab-9975-71487d6bd5a6,33,-22.88744,-43.2864,-22.885571,-43.278751,2019-01-25 08:57:31,2019-01-25 09:19:41,810.665371707135,-1330.0
C51603,1a516c64-e0c1-41ab-9975-71487d6bd5a6,34,-22.887738,-43.283511,-22.885571,-43.278751,2019-01-25 08:57:31,2019-01-25 09:20:17,543.9070669197215,-1366.0
C51603,1a516c64-e0c1-41ab-9975-71487d6bd5a6,35,-22.887155,-43.280679,-22.885571,-43.278751,2019-01-25 08:57:31,2019-01-25 09:21:03,264.63522607318157,-1412.0
C51603,1a516c64-e0c1-41ab-9975-71487d6bd5a6,36,-22.88591,-43.27898,-22.885571,-43.278751,2019-01-25 08:57:31,2019-01-25 09:21:36,44.398794991090085,-1445.0
C51603,1a516c64-e0c1-41ab-9975-71487d6bd5a6,37,-22.88441,-43.27719,-22.885571,-43.278751,2019-01-25 08:57:31,2019-01-25 09:22:11,205.51931323827057,-1480.0
C51603,1a516c64-e0c1-41ab-9975-71487d6bd5a6,38,-22.8822,-43.2754,-22.885571,-43.278751,2019-01-25 08:57:31,2019-01-25 09:22:54,508.2813456992806,-1523.0
C51603,1a516c64-e0c1-41ab-9975-71487d6bd5a6,39,-22.881083,-43.272751,-22.885571,-43.278751,2019-01-25 08:57:31,2019-01-25 09:23:38,791.7408608470563,-1567.0
C51603,1a516c64-e0c1-41ab-9975-71487d6bd5a6,40,-22.878863,-43.265859,-22.885571,-43.278751,2019-01-25 08:57:31,2019-01-25 09:25:24,1516.7891367006114,-1673.0
C51603,1a516c64-e0c1-41ab-9975-71487d6bd5a6,41,-22.87833,-43.26397,-22.885571,-43.278751,2019-01-25 08:57:31,2019-01-25 09:25:56,1714.992026688098,-1705.0
C51603,1a516c64-e0c1-41ab-9975-71487d6bd5a6,42,-22.878337,-43.261822,-22.885571,-43.278751,2019-01-25 08:57:31,2019-01-25 09:26:27,1911.7496529824634,-1736.0
C51603,1a516c64-e0c1-41ab-9975-71487d6bd5a6,43,-22.880394,-43.259223,-22.885571,-43.278751,2019-01-25 08:57:31,2019-01-25 09:27:22,2081.7024828642498,-1791.0
C51603,1a516c64-e0c1-41ab-9975-71487d6bd5a6,44,-22.882581,-43.254845,-22.885571,-43.278751,2019-01-25 08:57:31,2019-01-25 09:28:34,2471.471232269918,-1863.0
C51603,1a516c64-e0c1-41ab-9975-71487d6bd5a6,45,-22.88517,-43.25266,-22.885571,-43.278751,2019-01-25 08:57:31,2019-01-25 09:29:25,2673.1910301248195,-1914.0
C51603,1a516c64-e0c1-41ab-9975-71487d6bd5a6,46,-22.886927,-43.250822,-22.885571,-43.278751,2019-01-25 08:57:31,2019-01-25 09:30:03,2865.0596814530745,-1952.0
C51603,1a516c64-e0c1-41ab-9975-71487d6bd5a6,47,-22.890046,-43.244457,-22.885571,-43.278751,2019-01-25 08:57:31,2019-01-25 09:32:03,3548.154366251494,-2072.0
C51603,1a516c64-e0c1-41ab-9975-71487d6bd5a6,48,-22.890765,-43.242335,-22.885571,-43.278751,2019-01-25 08:57:31,2019-01-25 09:32:34,3774.900721848064,-2103.0
C51603,1a516c64-e0c1-41ab-9975-71487d6bd5a6,49,-22.891768,-43.240794,-22.885571,-43.278751,2019-01-25 08:57:31,2019-01-25 09:32:58,3948.889623609492,-2127.0
C51603,1a516c64-e0c1-41ab-9975-71487d6bd5a6,50,-22.89495,-43.24279,-22.885571,-43.278751,2019-01-25 08:57:31,2019-01-25 09:34:14,3828.5701157026288,-2203.0
C51603,1a516c64-e0c1-41ab-9975-71487d6bd5a6,51,-22.897995,-43.241305,-22.885571,-43.278751,2019-01-25 08:57:31,2019-01-25 09:35:25,4077.0569278090024,-2274.0
C51603,1a516c64-e0c1-41ab-9975-71487d6bd5a6,52,-22.90138,-43.241176,-22.885571,-43.278751,2019-01-25 08:57:31,2019-01-25 09:36:25,4231.455655716004,-2334.0
C51603,1a516c64-e0c1-41ab-9975-71487d6bd5a6,53,-22.90591,-43.23964,-22.885571,-43.278751,2019-01-25 08:57:31,2019-01-25 09:37:38,4600.579003695722,-2407.0
C51603,1a516c64-e0c1-41ab-9975-71487d6bd5a6,54,-22.907884,-43.236917,-22.885571,-43.278751,2019-01-25 08:57:31,2019-01-25 09:38:28,4951.648739393088,-2457.0
C51603,1a516c64-e0c1-41ab-9975-71487d6bd5a6,55,-22.908756,-43.234655,-22.885571,-43.278751,2019-01-25 08:57:31,2019-01-25 09:39:00,5200.839620383022,-2489.0
C51603,1a516c64-e0c1-41ab-9975-71487d6bd5a6,56,-22.908374,-43.231002,-22.885571,-43.278751,2019-01-25 08:57:31,2019-01-25 09:39:57,5509.260711190047,-2546.0
C51603,1a516c64-e0c1-41ab-9975-71487d6bd5a6,57,-22.90931,-43.22631,-22.885571,-43.278751,2019-01-25 08:57:31,2019-01-25 09:41:18,5985.220966521225,-2627.0
C51603,1a516c64-e0c1-41ab-9975-71487d6bd5a6,58,-22.909238,-43.222916,-22.885571,-43.278751,2019-01-25 08:57:31,2019-01-25 09:42:08,6295.75837422575,-2677.0
C51603,1a516c64-e0c1-41ab-9975-71487d6bd5a6,59,-22.906357,-43.220639,-22.885571,-43.278751,2019-01-25 08:57:31,2019-01-25 09:43:05,6385.62497754018,-2734.0
C51603,1a516c64-e0c1-41ab-9975-71487d6bd5a6,60,-22.904907,-43.218901,-22.885571,-43.278751,2019-01-25 08:57:31,2019-01-25 09:43:51,6496.806574267068,-2780.0
C51603,1a516c64-e0c1-41ab-9975-71487d6bd5a6,61,-22.90411,-43.21611,-22.885571,-43.278751,2019-01-25 08:57:31,2019-01-25 09:44:36,6739.638571259554,-2825.0
C51603,1a516c64-e0c1-41ab-9975-71487d6bd5a6,62,-22.90341,-43.21449,-22.885571,-43.278751,2019-01-25 08:57:31,2019-01-25 09:45:02,6874.972755888878,-2851.0
C51603,1a516c64-e0c1-41ab-9975-71487d6bd5a6,63,-22.902025,-43.210979,-22.885571,-43.278751,2019-01-25 08:57:31,2019-01-25 09:45:57,7179.324684770486,-2906.0
C51603,1a516c64-e0c1-41ab-9975-71487d6bd5a6,64,-22.908498,-43.209965,-22.885571,-43.278751,2019-01-25 08:57:31,2019-01-25 09:47:43,7493.005900429579,-3012.0
C51603,1a516c64-e0c1-41ab-9975-71487d6bd5a6,65,-22.91013,-43.205583,-22.885571,-43.278751,2019-01-25 08:57:31,2019-01-25 09:49:17,7976.810210134407,-3106.0
C51603,1a516c64-e0c1-41ab-9975-71487d6bd5a6,66,-22.908619,-43.201048,-22.885571,-43.278751,2019-01-25 08:57:31,2019-01-25 09:50:26,8361.802369496882,-3175.0
C51603,1a516c64-e0c1-41ab-9975-71487d6bd5a6,67,-22.90623,-43.193405,-22.885571,-43.278751,2019-01-25 08:57:31,2019-01-25 09:52:23,9039.122895532353,-3292.0
C51603,1a516c64-e0c1-41ab-9975-71487d6bd5a6,68,-22.905052,-43.189782,-22.885571,-43.278751,2019-01-25 08:57:31,2019-01-25 09:53:18,9367.41470188594,-3347.0
C51603,1a516c64-e0c1-41ab-9975-71487d6bd5a6,69,-22.903332,-43.184461,-22.885571,-43.278751,2019-01-25 08:57:31,2019-01-25 09:54:39,9858.470618205945,-3428.0
C51603,1a516c64-e0c1-41ab-9975-71487d6bd5a6,70,-22.905593,-43.182786,-22.885571,-43.278751,2019-01-25 08:57:31,2019-01-25 09:55:32,10079.085313075853,-3481.0
C51603,1a516c64-e0c1-41ab-9975-71487d6bd5a6,71,-22.90723,-43.18272,-22.885571,-43.278751,2019-01-25 08:57:31,2019-01-25 09:56:08,10127.358706114597,-3517.0
C51603,1a516c64-e0c1-41ab-9975-71487d6bd5a6,72,-22.90879,-43.18819,-22.885571,-43.278751,2019-01-25 08:57:31,2019-01-25 09:57:31,9629.048257153703,-3600.0
C51575,1a516c64-e0c1-41ab-9975-71487d6bd5a6,0,-22.901318,-43.347259,-22.9067,-43.209389,2019-01-25 08:57:44,2019-01-25 08:57:44,14134.438676421607,0.0
C51575,1a516c64-e0c1-41ab-9975-71487d6bd5a6,1,-22.90189,-43.34779,-22.9067,-43.209389,2019-01-25 08:57:44,2019-01-25 08:57:55,14186.209214839677,-11.0
C51575,1a516c64-e0c1-41ab-9975-71487d6bd5a6,2,-22.900466,-43.349828,-22.9067,-43.209389,2019-01-25 08:57:44,2019-01-25 08:58:35,14401.638982647873,-51.0
C51575,1a516c64-e0c1-41ab-9975-71487d6bd5a6,3,-22.89911,-43.35167,-22.9067,-43.209389,2019-01-25 08:57:44,2019-01-25 08:59:09,14598.109687981098,-85.0
C51575,1a516c64-e0c1-41ab-9975-71487d6bd5a6,4,-22.898012,-43.352228,-22.9067,-43.209389,2019-01-25 08:57:44,2019-01-25 08:59:36,14662.766636090446,-112.0
C51575,1a516c64-e0c1-41ab-9975-71487d6bd5a6,5,-22.89818,-43.350146,-22.9067,-43.209389,2019-01-25 08:57:44,2019-01-25 09:00:20,14448.73312301085,-156.0
C51575,1a516c64-e0c1-41ab-9975-71487d6bd5a6,6,-22.896967,-43.348397,-22.9067,-43.209389,2019-01-25 08:57:44,2019-01-25 09:00:56,14279.626966579895,-192.0
C51575,1a516c64-e0c1-41ab-9975-71487d6bd5a6,7,-22.8954,-43.34742,-22.9067,-43.209389,2019-01-25 08:57:44,2019-01-25 09:01:24,14194.286444185671,-220.0
C51575,1a516c64-e0c1-41ab-9975-71487d6bd5a6,8,-22.89369,-43.34688,-22.9067,-43.209389,2019-01-25 08:57:44,2019-01-25 09:01:52,14157.444606256086,-248.0
C51575,1a516c64-e0c1-41ab-9975-71487d6bd5a6,9,-22.890381,-43.34553,-22.9067,-43.209389,2019-01-25 08:57:44,2019-01-25 09:02:53,14062.791873513905,-309.0
C51575,1a516c64-e0c1-41ab-9975-71487d6bd5a6,10,-22.88842,-43.34439,-22.9067,-43.209389,2019-01-25 08:57:44,2019-01-25 09:03:28,13977.144618132244,-344.0
C51575,1a516c64-e0c1-41ab-9975-71487d6bd5a6,11,-22.88717,-43.34339,-22.9067,-43.209389,2019-01-25 08:57:44,2019-01-25 09:03:52,13896.912180397489,-368.0
C51575,1a516c64-e0c1-41ab-9975-71487d6bd5a6,12,-22.88579,-43.34209,-22.9067,-43.209389,2019-01-25 08:57:44,2019-01-25 09:04:21,13790.509208908827,-397.0
C51575,1a516c64-e0c1-41ab-9975-71487d6bd5a6,13,-22.88283,-43.34025,-22.9067,-43.209389,2019-01-25 08:57:44,2019-01-25 09:05:38,13665.008296107233,-474.0
C51575,1a516c64-e0c1-41ab-9975-71487d6bd5a6,14,-22.882534,-43.33687,-22.9067,-43.209389,2019-01-25 08:57:44,2019-01-25 09:06:27,13332.150174360006,-523.0
C51575,1a516c64-e0c1-41ab-9975-71487d6bd5a6,15,-22.882382,-43.333901,-22.9067,-43.209389,2019-01-25 08:57:44,2019-01-25 09:07:10,13037.907564752006,-566.0
C51575,1a516c64-e0c1-41ab-9975-71487d6bd5a6,16,-22.882138,-43.331007,-22.9067,-43.209389,2019-01-25 08:57:44,2019-01-25 09:07:58,12753.84745381631,-614.0
C51575,1a516c64-e0c1-41ab-9975-71487d6bd5a6,17,-22.88256,-43.32373,-22.9067,-43.209389,2019-01-25 08:57:44,2019-01-25 09:09:39,12016.190254203677,-715.0
C51575,1a516c64-e0c1-41ab-9975-71487d6bd5a6,18,-22.88284,-43.3224,-22.9067,-43.209389,2019-01-25 08:57:44,2019-01-25 09:09:59,11876.427528404445,-735.0
C51575,1a516c64-e0c1-41ab-9975-71487d6bd5a6,19,-22.8835,-43.32058,-22.9067,-43.209389,2019-01-25 08:57:44,2019-01-25 09:10:27,11678.32381276963,-763.0
C51575,1a516c64-e0c1-41ab-9975-71487d6bd5a6,20,-22.88445,-43.31751,-22.9067,-43.209389,2019-01-25 08:57:44,2019-01-25 09:11:14,11348.294541680567,-810.0
C51575,1a516c64-e0c1-41ab-9975-71487d6bd5a6,21,-22.884744,-43.316116,-22.9067,-43.209389,2019-01-25 08:57:44,2019-01-25 09:11:35,11201.7969958822,-831.0
C51575,1a516c64-e0c1-41ab-9975-71487d6bd5a6,22,-22.88498,-43.31429,-22.9067,-43.209389,2019-01-25 08:57:44,2019-01-25 09:12:01,11013.530235928878,-857.0
C51575,1a516c64-e0c1-41ab-9975-71487d6bd5a6,23,-22.885103,-43.311568,-22.9067,-43.209389,2019-01-25 08:57:44,2019-01-25 09:12:40,10738.593358074117,-896.0
C51575,1a516c64-e0c1-41ab-9975-71487d6bd5a6,24,-22.88562,-43.30967,-22.9067,-43.209389,2019-01-25 08:57:44,2019-01-25 09:13:10,10536.229452909054,-926.0
C51575,1a516c64-e0c1-41ab-9975-71487d6bd5a6,25,-22.88672,-43.306443,-22.9067,-43.209389,2019-01-25 08:57:44,2019-01-25 09:13:59,10186.810638549812,-975.0
C51575,1a516c64-e0c1-41ab-9975-71487d6bd5a6,26,-22.88646,-43.30281,-22.9067,-43.209389,2019-01-25 08:57:44,2019-01-25 09:14:53,9830.55013841125,-1029.0
C51575,1a516c64-e0c1-41ab-9975-71487d6bd5a6,27,-22.88548,-43.30031,-22.9067,-43.209389,2019-01-25 08:57:44,2019-01-25 09:15:34,9607.659242448877,-1070.0
C51575,1a516c64-e0c1-41ab-9975-71487d6bd5a6,28,-22.884601,-43.297845,-22.9067,-43.209389,2019-01-25 08:57:44,2019-01-25 09:16:13,9388.233714850914,-1109.0
C51575,1a516c64-e0c1-41ab-9975-71487d6bd5a6,29,-22.88341,-43.29648,-22.9067,-43.209389,2019-01-25 08:57:44,2019-01-25 09:16:40,9289.441299608665,-1136.0
C51575,1a516c64-e0c1-41ab-9975-71487d6bd5a6,30,-22.88182,-43.29431,-22.9067,-43.209389,2019-01-25 08:57:44,2019-01-25 09:17:21,9128.25000283499,-1177.0
C51575,1a516c64-e0c1-41ab-9975-71487d6bd5a6,31,-22.8842,-43.29133,-22.9067,-43.209389,2019-01-25 08:57:44,2019-01-25 09:18:25,8758.52807313932,-1241.0
C51575,1a516c64-e0c1-41ab-9975-71487d6bd5a6,32,-22.885668,-43.290084,-22.9067,-43.209389,2019-01-25 08:57:44,2019-01-25 09:18:59,8590.379356076075,-1275.0
C51575,1a516c64-e0c1-41ab-9975-71487d6bd5a6,33,-22.88744,-43.2864,-22.9067,-43.209389,2019-01-25 08:57:44,2019-01-25 09:19:54,8174.036077466825,-1330.0
C51575,1a516c64-e0c1-41ab-9975-71487d6bd5a6,34,-22.887738,-43.283511,-22.9067,-43.209389,2019-01-25 08:57:44,2019-01-25 09:20:30,7879.885680336813,-1366.0
C51575,1a516c64-e0c1-41ab-9975-71487d6bd5a6,35,-22.887155,-43.280679,-22.9067,-43.209389,2019-01-25 08:57:44,2019-01-25 09:21:16,7619.021594330524,-1412.0
C51575,1a516c64-e0c1-41ab-9975-71487d6bd5a6,36,-22.88591,-43.27898,-22.9067,-43.209389,2019-01-25 08:57:44,2019-01-25 09:21:49,7493.956043013861,-1445.0
C51575,1a516c64-e0c1-41ab-9975-71487d6bd5a6,37,-22.88441,-43.27719,-22.9067,-43.209389,2019-01-25 08:57:44,2019-01-25 09:22:24,7374.171298428327,-1480.0
C51575,1a516c64-e0c1-41ab-9975-71487d6bd5a6,38,-22.8822,-43.2754,-22.9067,-43.209389,2019-01-25 08:57:44,2019-01-25 09:23:07,7290.021362689601,-1523.0
C51575,1a516c64-e0c1-41ab-9975-71487d6bd5a6,39,-22.881083,-43.272751,-22.9067,-43.209389,2019-01-25 08:57:44,2019-01-25 09:23:51,7088.079819088301,-1567.0
C51575,1a516c64-e0c1-41ab-9975-71487d6bd5a6,40,-22.878863,-43.265859,-22.9067,-43.209389,2019-01-25 08:57:44,2019-01-25 09:25:37,6560.687400535224,-1673.0
C51575,1a516c64-e0c1-41ab-9975-71487d6bd5a6,41,-22.87833,-43.26397,-22.9067,-43.209389,2019-01-25 08:57:44,2019-01-25 09:26:09,6419.651851598119,-1705.0
C51575,1a516c64-e0c1-41ab-9975-71487d6bd5a6,42,-22.878337,-43.261822,-22.9067,-43.209389,2019-01-25 08:57:44,2019-01-25 09:26:40,6228.56045301676,-1736.0
C51575,1a516c64-e0c1-41ab-9975-71487d6bd5a6,43,-22.880394,-43.259223,-22.9067,-43.209389,2019-01-25 08:57:44,2019-01-25 09:27:35,5883.461481491235,-1791.0
C51575,1a516c64-e0c1-41ab-9975-71487d6bd5a6,44,-22.882581,-43.254845,-22.9067,-43.209389,2019-01-25 08:57:44,2019-01-25 09:28:47,5373.426926228586,-1863.0
C51575,1a516c64-e0c1-41ab-9975-71487d6bd5a6,45,-22.88517,-43.25266,-22.9067,-43.209389,2019-01-25 08:57:44,2019-01-25 09:29:38,5037.639011220909,-1914.0
C51575,1a516c64-e0c1-41ab-9975-71487d6bd5a6,46,-22.886927,-43.250822,-22.9067,-43.209389,2019-01-25 08:57:44,2019-01-25 09:30:16,4779.824967435734,-1952.0
C51575,1a516c64-e0c1-41ab-9975-71487d6bd5a6,47,-22.890046,-43.244457,-22.9067,-43.209389,2019-01-25 08:57:44,2019-01-25 09:32:16,4041.3467377044335,-2072.0
C51575,1a516c64-e0c1-41ab-9975-71487d6bd5a6,48,-22.890765,-43.242335,-22.9067,-43.209389,2019-01-25 08:57:44,2019-01-25 09:32:47,3811.6121427850344,-2103.0
C51575,1a516c64-e0c1-41ab-9975-71487d6bd5a6,49,-22.891768,-43.240794,-22.9067,-43.209389,2019-01-25 08:57:44,2019-01-25 09:33:11,3620.089114843468,-2127.0
C51575,1a516c64-e0c1-41ab-9975-71487d6bd5a6,50,-22.89495,-43.24279,-22.9067,-43.209389,2019-01-25 08:57:44,2019-01-25 09:34:27,3662.2693710706676,-2203.0
C51575,1a516c64-e0c1-41ab-9975-71487d6bd5a6,51,-22.897995,-43.241305,-22.9067,-43.209389,2019-01-25 08:57:44,2019-01-25 09:35:38,3409.4251037188037,-2274.0
C51575,1a516c64-e0c1-41ab-9975-71487d6bd5a6,52,-22.90138,-43.241176,-22.9067,-43.209389,2019-01-25 08:57:44,2019-01-25 09:36:38,3309.185060859729,-2334.0
C51575,1a516c64-e0c1-41ab-9975-71487d6bd5a6,53,-22.90591,-43.23964,-22.9067,-43.209389,2019-01-25 08:57:44,2019-01-25 09:37:51,3099.7454231740658,-2407.0
C51575,1a516c64-e0c1-41ab-9975-71487d6bd5a6,54,-22.907884,-43.236917,-22.9067,-43.209389,2019-01-25 08:57:44,2019-01-25 09:38:41,2822.6449197684287,-2457.0
C51575,1a516c64-e0c1-41ab-9975-71487d6bd5a6,55,-22.908756,-43.234655,-22.9067,-43.209389,2019-01-25 08:57:44,2019-01-25 09:39:13,2597.956332276727,-2489.0
C51575,1a516c64-e0c1-41ab-9975-71487d6bd5a6,56,-22.908374,-43.231002,-22.9067,-43.209389,2019-01-25 08:57:44,2019-01-25 09:40:10,2221.5332699166825,-2546.0
C51575,1a516c64-e0c1-41ab-9975-71487d6bd5a6,57,-22.90931,-43.22631,-22.9067,-43.209389,2019-01-25 08:57:44,2019-01-25 09:41:31,1757.2660881145669,-2627.0
C51575,1a516c64-e0c1-41ab-9975-71487d6bd5a6,58,-22.909238,-43.222916,-22.9067,-43.209389,2019-01-25 08:57:44,2019-01-25 09:42:21,1413.954448728946,-2677.0
C51575,1a516c64-e0c1-41ab-9975-71487d6bd5a6,59,-22.906357,-43.220639,-22.9067,-43.209389,2019-01-25 08:57:44,2019-01-25 09:43:18,1152.925916743526,-2734.0
C51575,1a516c64-e0c1-41ab-9975-71487d6bd5a6,60,-22.904907,-43.218901,-22.9067,-43.209389,2019-01-25 08:57:44,2019-01-25 09:44:04,994.4734439143735,-2780.0
C51575,1a516c64-e0c1-41ab-9975-71487d6bd5a6,61,-22.90411,-43.21611,-22.9067,-43.209389,2019-01-25 08:57:44,2019-01-25 09:44:49,746.2255060954226,-2825.0
C51575,1a516c64-e0c1-41ab-9975-71487d6bd5a6,62,-22.90341,-43.21449,-22.9067,-43.209389,2019-01-25 08:57:44,2019-01-25 09:45:15,637.8242436671458,-2851.0
C51575,1a516c64-e0c1-41ab-9975-71487d6bd5a6,63,-22.902025,-43.210979,-22.9067,-43.209389,2019-01-25 08:57:44,2019-01-25 09:46:10,544.7506134102539,-2906.0
C51575,1a516c64-e0c1-41ab-9975-71487d6bd5a6,64,-22.908498,-43.209965,-22.9067,-43.209389,2019-01-25 08:57:44,2019-01-25 09:47:56,208.45154408501082,-3012.0
C51575,1a516c64-e0c1-41ab-9975-71487d6bd5a6,65,-22.91013,-43.205583,-22.9067,-43.209389,2019-01-25 08:57:44,2019-01-25 09:49:30,545.3726604118626,-3106.0
C51575,1a516c64-e0c1-41ab-9975-71487d6bd5a6,66,-22.908619,-43.201048,-22.9067,-43.209389,2019-01-25 08:57:44,2019-01-25 09:50:39,880.574774924769,-3175.0
C51575,1a516c64-e0c1-41ab-9975-71487d6bd5a6,67,-22.90623,-43.193405,-22.9067,-43.209389,2019-01-25 08:57:44,2019-01-25 09:52:36,1638.0152778399515,-3292.0
C51575,1a516c64-e0c1-41ab-9975-71487d6bd5a6,68,-22.905052,-43.189782,-22.9067,-43.209389,2019-01-25 08:57:44,2019-01-25 09:53:31,2016.6235422572106,-3347.0
C51575,1a516c64-e0c1-41ab-9975-71487d6bd5a6,69,-22.903332,-43.184461,-22.9067,-43.209389,2019-01-25 08:57:44,2019-01-25 09:54:52,2580.628029802043,-3428.0
C51575,1a516c64-e0c1-41ab-9975-71487d6bd5a6,70,-22.905593,-43.182786,-22.9067,-43.209389,2019-01-25 08:57:44,2019-01-25 09:55:45,2727.6310969334954,-3481.0
C51575,1a516c64-e0c1-41ab-9975-71487d6bd5a6,71,-22.90723,-43.18272,-22.9067,-43.209389,2019-01-25 08:57:44,2019-01-25 09:56:21,2732.2315301143085,-3517.0
C51575,1a516c64-e0c1-41ab-9975-71487d6bd5a6,72,-22.90879,-43.18819,-22.9067,-43.209389,2019-01-25 08:57:44,2019-01-25 09:57:44,2183.7152224747874,-3600.0
C51607,1a516c64-e0c1-41ab-9975-71487d6bd5a6,0,-22.901318,-43.347259,-22.882219,-43.327221,2019-01-25 08:57:39,2019-01-25 08:57:39,2953.5541836180455,0.0
C51607,1a516c64-e0c1-41ab-9975-71487d6bd5a6,1,-22.90189,-43.34779,-22.882219,-43.327221,2019-01-25 08:57:39,2019-01-25 08:57:50,3037.0910911713995,-11.0
C51607,1a516c64-e0c1-41ab-9975-71487d6bd5a6,2,-22.900466,-43.349828,-22.882219,-43.327221,2019-01-25 08:57:39,2019-01-25 08:58:30,3078.912855040089,-51.0
C51607,1a516c64-e0c1-41ab-9975-71487d6bd5a6,3,-22.89911,-43.35167,-22.882219,-43.327221,2019-01-25 08:57:39,2019-01-25 08:59:04,3130.5251830614025,-85.0
C51607,1a516c64-e0c1-41ab-9975-71487d6bd5a6,4,-22.898012,-43.352228,-22.882219,-43.327221,2019-01-25 08:57:39,2019-01-25 08:59:31,3105.8184423207636,-112.0
C51607,1a516c64-e0c1-41ab-9975-71487d6bd5a6,5,-22.89818,-43.350146,-22.882219,-43.327221,2019-01-25 08:57:39,2019-01-25 09:00:15,2943.6119586980317,-156.0
C51607,1a516c64-e0c1-41ab-9975-71487d6bd5a6,6,-22.896967,-43.348397,-22.882219,-43.327221,2019-01-25 08:57:39,2019-01-25 09:00:51,2719.360072216708,-192.0
C51607,1a516c64-e0c1-41ab-9975-71487d6bd5a6,7,-22.8954,-43.34742,-22.882219,-43.327221,2019-01-25 08:57:39,2019-01-25 09:01:19,2535.6764341467965,-220.0
C51607,1a516c64-e0c1-41ab-9975-71487d6bd5a6,8,-22.89369,-43.34688,-22.882219,-43.327221,2019-01-25 08:57:39,2019-01-25 09:01:47,2383.82604088525,-248.0
C51607,1a516c64-e0c1-41ab-9975-71487d6bd5a6,9,-22.890381,-43.34553,-22.882219,-43.327221,2019-01-25 08:57:39,2019-01-25 09:02:48,2083.6430842399864,-309.0
C51607,1a516c64-e0c1-41ab-9975-71487d6bd5a6,10,-22.88842,-43.34439,-22.882219,-43.327221,2019-01-25 08:57:39,2019-01-25 09:03:23,1889.159206098999,-344.0
C51607,1a516c64-e0c1-41ab-9975-71487d6bd5a6,11,-22.88717,-43.34339,-22.882219,-43.327221,2019-01-25 08:57:39,2019-01-25 09:03:47,1745.4875065721205,-368.0
C51607,1a516c64-e0c1-41ab-9975-71487d6bd5a6,12,-22.88579,-43.34209,-22.882219,-43.327221,2019-01-25 08:57:39,2019-01-25 09:04:16,1574.132913957985,-397.0
C51607,1a516c64-e0c1-41ab-9975-71487d6bd5a6,13,-22.88283,-43.34025,-22.882219,-43.327221,2019-01-25 08:57:39,2019-01-25 09:05:33,1336.4752472698724,-474.0
C51607,1a516c64-e0c1-41ab-9975-71487d6bd5a6,14,-22.882534,-43.33687,-22.882219,-43.327221,2019-01-25 08:57:39,2019-01-25 09:06:22,989.1068499884683,-523.0
C51607,1a516c64-e0c1-41ab-9975-71487d6bd5a6,15,-22.882382,-43.333901,-22.882219,-43.327221,2019-01-25 08:57:39,2019-01-25 09:07:05,684.5692727867628,-566.0
C51607,1a516c64-e0c1-41ab-9975-71487d6bd5a6,16,-22.882138,-43.331007,-22.882219,-43.327221,2019-01-25 08:57:39,2019-01-25 09:07:53,387.95980842708263,-614.0
C51607,1a516c64-e0c1-41ab-9975-71487d6bd5a6,17,-22.88256,-43.32373,-22.882219,-43.327221,2019-01-25 08:57:39,2019-01-25 09:09:34,359.6379820316179,-715.0
C51607,1a516c64-e0c1-41ab-9975-71487d6bd5a6,18,-22.88284,-43.3224,-22.882219,-43.327221,2019-01-25 08:57:39,2019-01-25 09:09:54,498.6879936161239,-735.0
C51607,1a516c64-e0c1-41ab-9975-71487d6bd5a6,19,-22.8835,-43.32058,-22.882219,-43.327221,2019-01-25 08:57:39,2019-01-25 09:10:22,695.0826105532121,-763.0
C51607,1a516c64-e0c1-41ab-9975-71487d6bd5a6,20,-22.88445,-43.31751,-22.882219,-43.327221,2019-01-25 08:57:39,2019-01-25 09:11:09,1025.2952658424376,-810.0
C51607,1a516c64-e0c1-41ab-9975-71487d6bd5a6,21,-22.884744,-43.316116,-22.882219,-43.327221,2019-01-25 08:57:39,2019-01-25 09:11:30,1171.7707265100696,-831.0
C51607,1a516c64-e0c1-41ab-9975-71487d6bd5a6,22,-22.88498,-43.31429,-22.882219,-43.327221,2019-01-25 08:57:39,2019-01-25 09:11:56,1359.807840321442,-857.0
C51607,1a516c64-e0c1-41ab-9975-71487d6bd5a6,23,-22.885103,-43.311568,-22.882219,-43.327221,2019-01-25 08:57:39,2019-01-25 09:12:35,1635.2996830457414,-896.0
C51607,1a516c64-e0c1-41ab-9975-71487d6bd5a6,24,-22.88562,-43.30967,-22.882219,-43.327221,2019-01-25 08:57:39,2019-01-25 09:13:05,1837.3227887842152,-926.0
C51607,1a516c64-e0c1-41ab-9975-71487d6bd5a6,25,-22.88672,-43.306443,-22.882219,-43.327221,2019-01-25 08:57:39,2019-01-25 09:13:54,2186.6063631922,-975.0
C51607,1a516c64-e0c1-41ab-9975-71487d6bd5a6,26,-22.88646,-43.30281,-22.882219,-43.327221,2019-01-25 08:57:39,2019-01-25 09:14:48,2544.8108536985587,-1029.0
C51607,1a516c64-e0c1-41ab-9975-71487d6bd5a6,27,-22.88548,-43.30031,-22.882219,-43.327221,2019-01-25 08:57:39,2019-01-25 09:15:29,2780.597042454861,-1070.0
C51607,1a516c64-e0c1-41ab-9975-71487d6bd5a6,28,-22.884601,-43.297845,-22.882219,-43.327221,2019-01-25 08:57:39,2019-01-25 09:16:08,3021.0185889730983,-1109.0
C51607,1a516c64-e0c1-41ab-9975-71487d6bd5a6,29,-22.88341,-43.29648,-22.882219,-43.327221,2019-01-25 08:57:39,2019-01-25 09:16:35,3152.0179409767707,-1136.0
C51607,1a516c64-e0c1-41ab-9975-71487d6bd5a6,30,-22.88182,-43.29431,-22.882219,-43.327221,2019-01-25 08:57:39,2019-01-25 09:17:16,3371.8499776984013,-1177.0
C51607,1a516c64-e0c1-41ab-9975-71487d6bd5a6,31,-22.8842,-43.29133,-22.882219,-43.327221,2019-01-25 08:57:39,2019-01-25 09:18:20,3683.4035737760587,-1241.0
C51607,1a516c64-e0c1-41ab-9975-71487d6bd5a6,32,-22.885668,-43.290084,-22.882219,-43.327221,2019-01-25 08:57:39,2019-01-25 09:18:54,3823.716855146013,-1275.0
C51607,1a516c64-e0c1-41ab-9975-71487d6bd5a6,33,-22.88744,-43.2864,-22.882219,-43.327221,2019-01-25 08:57:39,2019-01-25 09:19:49,4221.914863393771,-1330.0
C51607,1a516c64-e0c1-41ab-9975-71487d6bd5a6,34,-22.887738,-43.283511,-22.882219,-43.327221,2019-01-25 08:57:39,2019-01-25 09:20:25,4519.618592498063,-1366.0
C51607,1a516c64-e0c1-41ab-9975-71487d6bd5a6,35,-22.887155,-43.280679,-22.882219,-43.327221,2019-01-25 08:57:39,2019-01-25 09:21:11,4799.375396116337,-1412.0
C51607,1a516c64-e0c1-41ab-9975-71487d6bd5a6,36,-22.88591,-43.27898,-22.882219,-43.327221,2019-01-25 08:57:39,2019-01-25 09:21:44,4958.974159719678,-1445.0
C51607,1a516c64-e0c1-41ab-9975-71487d6bd5a6,37,-22.88441,-43.27719,-22.882219,-43.327221,2019-01-25 08:57:39,2019-01-25 09:22:19,5131.149741152233,-1480.0
C51607,1a516c64-e0c1-41ab-9975-71487d6bd5a6,38,-22.8822,-43.2754,-22.882219,-43.327221,2019-01-25 08:57:39,2019-01-25 09:23:02,5308.780645921393,-1523.0
C51607,1a516c64-e0c1-41ab-9975-71487d6bd5a6,39,-22.881083,-43.272751,-22.882219,-43.327221,2019-01-25 08:57:39,2019-01-25 09:23:46,5581.60838187508,-1567.0
C51607,1a516c64-e0c1-41ab-9975-71487d6bd5a6,40,-22.878863,-43.265859,-22.882219,-43.327221,2019-01-25 08:57:39,2019-01-25 09:25:32,6297.347581802566,-1673.0
C51607,1a516c64-e0c1-41ab-9975-71487d6bd5a6,41,-22.87833,-43.26397,-22.882219,-43.327221,2019-01-25 08:57:39,2019-01-25 09:26:04,6494.227570044884,-1705.0
C51607,1a516c64-e0c1-41ab-9975-71487d6bd5a6,42,-22.878337,-43.261822,-22.882219,-43.327221,2019-01-25 08:57:39,2019-01-25 09:26:35,6713.758977140001,-1736.0
C51607,1a516c64-e0c1-41ab-9975-71487d6bd5a6,43,-22.880394,-43.259223,-22.882219,-43.327221,2019-01-25 08:57:39,2019-01-25 09:27:30,6969.027585121111,-1791.0
C51607,1a516c64-e0c1-41ab-9975-71487d6bd5a6,44,-22.882581,-43.254845,-22.882219,-43.327221,2019-01-25 08:57:39,2019-01-25 09:28:42,7414.6272483486755,-1863.0
C51607,1a516c64-e0c1-41ab-9975-71487d6bd5a6,45,-22.88517,-43.25266,-22.882219,-43.327221,2019-01-25 08:57:39,2019-01-25 09:29:33,7645.331238345297,-1914.0
C51607,1a516c64-e0c1-41ab-9975-71487d6bd5a6,46,-22.886927,-43.250822,-22.882219,-43.327221,2019-01-25 08:57:39,2019-01-25 09:30:11,7844.015378019594,-1952.0
C51607,1a516c64-e0c1-41ab-9975-71487d6bd5a6,47,-22.890046,-43.244457,-22.882219,-43.327221,2019-01-25 08:57:39,2019-01-25 09:32:11,8523.0301536455,-2072.0
C51607,1a516c64-e0c1-41ab-9975-71487d6bd5a6,48,-22.890765,-43.242335,-22.882219,-43.327221,2019-01-25 08:57:39,2019-01-25 09:32:42,8747.603864252958,-2103.0
C51607,1a516c64-e0c1-41ab-9975-71487d6bd5a6,49,-22.891768,-43.240794,-22.882219,-43.327221,2019-01-25 08:57:39,2019-01-25 09:33:06,8917.10735851087,-2127.0
C51607,1a516c64-e0c1-41ab-9975-71487d6bd5a6,50,-22.89495,-43.24279,-22.882219,-43.327221,2019-01-25 08:57:39,2019-01-25 09:34:22,8764.175368129776,-2203.0
C51607,1a516c64-e0c1-41ab-9975-71487d6bd5a6,51,-22.897995,-43.241305,-22.882219,-43.327221,2019-01-25 08:57:39,2019-01-25 09:35:33,8974.235042012131,-2274.0
C51607,1a516c64-e0c1-41ab-9975-71487d6bd5a6,52,-22.90138,-43.241176,-22.882219,-43.327221,2019-01-25 08:57:39,2019-01-25 09:36:33,9068.073776473537,-2334.0
C51607,1a516c64-e0c1-41ab-9975-71487d6bd5a6,53,-22.90591,-43.23964,-22.882219,-43.327221,2019-01-25 08:57:39,2019-01-25 09:37:46,9350.182394143008,-2407.0
C51607,1a516c64-e0c1-41ab-9975-71487d6bd5a6,54,-22.907884,-43.236917,-22.882219,-43.327221,2019-01-25 08:57:39,2019-01-25 09:38:36,9680.492783407684,-2457.0
C51607,1a516c64-e0c1-41ab-9975-71487d6bd5a6,55,-22.908756,-43.234655,-22.882219,-43.327221,2019-01-25 08:57:39,2019-01-25 09:39:08,9930.488292951866,-2489.0
C51607,1a516c64-e0c1-41ab-9975-71487d6bd5a6,56,-22.908374,-43.231002,-22.882219,-43.327221,2019-01-25 08:57:39,2019-01-25 09:40:05,10276.292605576962,-2546.0
C51607,1a516c64-e0c1-41ab-9975-71487d6bd5a6,57,-22.90931,-43.22631,-22.882219,-43.327221,2019-01-25 08:57:39,2019-01-25 09:41:26,10766.748623171681,-2627.0
C51607,1a516c64-e0c1-41ab-9975-71487d6bd5a6,58,-22.909238,-43.222916,-22.882219,-43.327221,2019-01-25 08:57:39,2019-01-25 09:42:16,11098.785033224272,-2677.0
C51607,1a516c64-e0c1-41ab-9975-71487d6bd5a6,59,-22.906357,-43.220639,-22.882219,-43.327221,2019-01-25 08:57:39,2019-01-25 09:43:13,11242.855583446675,-2734.0
C51607,1a516c64-e0c1-41ab-9975-71487d6bd5a6,60,-22.904907,-43.218901,-22.882219,-43.327221,2019-01-25 08:57:39,2019-01-25 09:43:59,11379.0487127287,-2780.0
C51607,1a516c64-e0c1-41ab-9975-71487d6bd5a6,61,-22.90411,-43.21611,-22.882219,-43.327221,2019-01-25 08:57:39,2019-01-25 09:44:44,11639.18139036168,-2825.0
C51607,1a516c64-e0c1-41ab-9975-71487d6bd5a6,62,-22.90341,-43.21449,-22.882219,-43.327221,2019-01-25 08:57:39,2019-01-25 09:45:10,11785.730395432254,-2851.0
C51607,1a516c64-e0c1-41ab-9975-71487d6bd5a6,63,-22.902025,-43.210979,-22.882219,-43.327221,2019-01-25 08:57:39,2019-01-25 09:46:05,12109.442995810794,-2906.0
C51607,1a516c64-e0c1-41ab-9975-71487d6bd5a6,64,-22.908498,-43.209965,-22.882219,-43.327221,2019-01-25 08:57:39,2019-01-25 09:47:51,12361.415010751569,-3012.0
C51607,1a516c64-e0c1-41ab-9975-71487d6bd5a6,65,-22.91013,-43.205583,-22.882219,-43.327221,2019-01-25 08:57:39,2019-01-25 09:49:25,12840.57872345609,-3106.0
C51607,1a516c64-e0c1-41ab-9975-71487d6bd5a6,66,-22.908619,-43.201048,-22.882219,-43.327221,2019-01-25 08:57:39,2019-01-25 09:50:34,13253.664718992859,-3175.0
C51607,1a516c64-e0c1-41ab-9975-71487d6bd5a6,67,-22.90623,-43.193405,-22.882219,-43.327221,2019-01-25 08:57:39,2019-01-25 09:52:31,13965.105533370303,-3292.0
C51607,1a516c64-e0c1-41ab-9975-71487d6bd5a6,68,-22.905052,-43.189782,-22.882219,-43.327221,2019-01-25 08:57:39,2019-01-25 09:53:26,14305.792593085405,-3347.0
C51607,1a516c64-e0c1-41ab-9975-71487d6bd5a6,69,-22.903332,-43.184461,-22.882219,-43.327221,2019-01-25 08:57:39,2019-01-25 09:54:47,14811.091587784053,-3428.0
C51607,1a516c64-e0c1-41ab-9975-71487d6bd5a6,70,-22.905593,-43.182786,-22.882219,-43.327221,2019-01-25 08:57:39,2019-01-25 09:55:40,15021.859016256542,-3481.0
C51607,1a516c64-e0c1-41ab-9975-71487d6bd5a6,71,-22.90723,-43.18272,-22.882219,-43.327221,2019-01-25 08:57:39,2019-01-25 09:56:16,15060.977241066013,-3517.0
C51607,1a516c64-e0c1-41ab-9975-71487d6bd5a6,72,-22.90879,-43.18819,-22.882219,-43.327221,2019-01-25 08:57:39,2019-01-25 09:57:39,14544.823870165435,-3600.0
C51583,1a516c64-e0c1-41ab-9975-71487d6bd5a6,0,-22.901318,-43.347259,-22.908701,-43.22197,2019-01-25 08:58:59,2019-01-25 08:58:59,12859.25322720943,0.0
C51583,1a516c64-e0c1-41ab-9975-71487d6bd5a6,1,-22.90189,-43.34779,-22.908701,-43.22197,2019-01-25 08:58:59,2019-01-25 08:59:10,12909.617118471931,-11.0
C51583,1a516c64-e0c1-41ab-9975-71487d6bd5a6,2,-22.900466,-43.349828,-22.908701,-43.22197,2019-01-25 08:58:59,2019-01-25 08:59:50,13128.171764680406,-51.0
C51583,1a516c64-e0c1-41ab-9975-71487d6bd5a6,3,-22.89911,-43.35167,-22.908701,-43.22197,2019-01-25 08:58:59,2019-01-25 09:00:24,13327.673921289064,-85.0
C51583,1a516c64-e0c1-41ab-9975-71487d6bd5a6,4,-22.898012,-43.352228,-22.908701,-43.22197,2019-01-25 08:58:59,2019-01-25 09:00:51,13394.98117382985,-112.0
C51583,1a516c64-e0c1-41ab-9975-71487d6bd5a6,5,-22.89818,-43.350146,-22.908701,-43.22197,2019-01-25 08:58:59,2019-01-25 09:01:35,13180.900338079413,-156.0
C51583,1a516c64-e0c1-41ab-9975-71487d6bd5a6,6,-22.896967,-43.348397,-22.908701,-43.22197,2019-01-25 08:58:59,2019-01-25 09:02:11,13015.356054741476,-192.0
C51583,1a516c64-e0c1-41ab-9975-71487d6bd5a6,7,-22.8954,-43.34742,-22.908701,-43.22197,2019-01-25 08:58:59,2019-01-25 09:02:39,12934.628453776151,-220.0
C51583,1a516c64-e0c1-41ab-9975-71487d6bd5a6,8,-22.89369,-43.34688,-22.908701,-43.22197,2019-01-25 08:58:59,2019-01-25 09:03:07,12902.978002327662,-248.0
C51583,1a516c64-e0c1-41ab-9975-71487d6bd5a6,9,-22.890381,-43.34553,-22.908701,-43.22197,2019-01-25 08:58:59,2019-01-25 09:04:08,12819.324227901036,-309.0
C51583,1a516c64-e0c1-41ab-9975-71487d6bd5a6,10,-22.88842,-43.34439,-22.908701,-43.22197,2019-01-25 08:58:59,2019-01-25 09:04:43,12740.921729539827,-344.0
C51583,1a516c64-e0c1-41ab-9975-71487d6bd5a6,11,-22.88717,-43.34339,-22.908701,-43.22197,2019-01-25 08:58:59,2019-01-25 09:05:07,12665.71258170565,-368.0
C51583,1a516c64-e0c1-41ab-9975-71487d6bd5a6,12,-22.88579,-43.34209,-22.908701,-43.22197,2019-01-25 08:58:59,2019-01-25 09:05:36,12565.248312953194,-397.0
C51583,1a516c64-e0c1-41ab-9975-71487d6bd5a6,13,-22.88283,-43.34025,-22.908701,-43.22197,2019-01-25 08:58:59,2019-01-25 09:06:53,12452.766056322713,-474.0
C51583,1a516c64-e0c1-41ab-9975-71487d6bd5a6,14,-22.882534,-43.33687,-22.908701,-43.22197,2019-01-25 08:58:59,2019-01-25 09:07:42,12124.036343374952,-523.0
C51583,1a516c64-e0c1-41ab-9975-71487d6bd5a6,15,-22.882382,-43.333901,-22.908701,-43.22197,2019-01-25 08:58:59,2019-01-25 09:08:25,11833.196552724185,-566.0
C51583,1a516c64-e0c1-41ab-9975-71487d6bd5a6,16,-22.882138,-43.331007,-22.908701,-43.22197,2019-01-25 08:58:59,2019-01-25 09:09:13,11553.1093748693,-614.0
C51583,1a516c64-e0c1-41ab-9975-71487d6bd5a6,17,-22.88256,-43.32373,-22.908701,-43.22197,2019-01-25 08:58:59,2019-01-25 09:10:54,10821.427501135422,-715.0
C51583,1a516c64-e0c1-41ab-9975-71487d6bd5a6,18,-22.88284,-43.3224,-22.908701,-43.22197,2019-01-25 08:58:59,2019-01-25 09:11:14,10681.825337695826,-735.0
C51583,1a516c64-e0c1-41ab-9975-71487d6bd5a6,19,-22.8835,-43.32058,-22.908701,-43.22197,2019-01-25 08:58:59,2019-01-25 09:11:42,10482.517073705736,-763.0
C51583,1a516c64-e0c1-41ab-9975-71487d6bd5a6,20,-22.88445,-43.31751,-22.908701,-43.22197,2019-01-25 08:58:59,2019-01-25 09:12:29,10151.232777718045,-810.0
C51583,1a516c64-e0c1-41ab-9975-71487d6bd5a6,21,-22.884744,-43.316116,-22.908701,-43.22197,2019-01-25 08:58:59,2019-01-25 09:12:50,10004.878255463635,-831.0
C51583,1a516c64-e0c1-41ab-9975-71487d6bd5a6,22,-22.88498,-43.31429,-22.908701,-43.22197,2019-01-25 08:58:59,2019-01-25 09:13:16,9817.621993559414,-857.0
C51583,1a516c64-e0c1-41ab-9975-71487d6bd5a6,23,-22.885103,-43.311568,-22.908701,-43.22197,2019-01-25 08:58:59,2019-01-25 09:13:55,9545.570418436457,-896.0
C51583,1a516c64-e0c1-41ab-9975-71487d6bd5a6,24,-22.88562,-43.30967,-22.908701,-43.22197,2019-01-25 08:58:59,2019-01-25 09:14:25,9342.822437202534,-926.0
C51583,1a516c64-e0c1-41ab-9975-71487d6bd5a6,25,-22.88672,-43.306443,-22.908701,-43.22197,2019-01-25 08:58:59,2019-01-25 09:15:14,8991.392966687823,-975.0
C51583,1a516c64-e0c1-41ab-9975-71487d6bd5a6,26,-22.88646,-43.30281,-22.908701,-43.22197,2019-01-25 08:58:59,2019-01-25 09:16:08,8642.096777535493,-1029.0
C51583,1a516c64-e0c1-41ab-9975-71487d6bd5a6,27,-22.88548,-43.30031,-22.908701,-43.22197,2019-01-25 08:58:59,2019-01-25 09:16:49,8429.808452981033,-1070.0
C51583,1a516c64-e0c1-41ab-9975-71487d6bd5a6,28,-22.884601,-43.297845,-22.908701,-43.22197,2019-01-25 08:58:59,2019-01-25 09:17:28,8221.174186760043,-1109.0
C51583,1a516c64-e0c1-41ab-9975-71487d6bd5a6,29,-22.88341,-43.29648,-22.908701,-43.22197,2019-01-25 08:58:59,2019-01-25 09:17:55,8133.981644405032,-1136.0
C51583,1a516c64-e0c1-41ab-9975-71487d6bd5a6,30,-22.88182,-43.29431,-22.908701,-43.22197,2019-01-25 08:58:59,2019-01-25 09:18:36,7990.262631473352,-1177.0
C51583,1a516c64-e0c1-41ab-9975-71487d6bd5a6,31,-22.8842,-43.29133,-22.908701,-43.22197,2019-01-25 08:58:59,2019-01-25 09:19:40,7609.2448618336775,-1241.0
C51583,1a516c64-e0c1-41ab-9975-71487d6bd5a6,32,-22.885668,-43.290084,-22.908701,-43.22197,2019-01-25 08:58:59,2019-01-25 09:20:14,7432.360347773388,-1275.0
C51583,1a516c64-e0c1-41ab-9975-71487d6bd5a6,33,-22.88744,-43.2864,-22.908701,-43.22197,2019-01-25 08:58:59,2019-01-25 09:21:09,7010.385753048015,-1330.0
C51583,1a516c64-e0c1-41ab-9975-71487d6bd5a6,34,-22.887738,-43.283511,-22.908701,-43.22197,2019-01-25 08:58:59,2019-01-25 09:21:45,6720.9619179652245,-1366.0
C51583,1a516c64-e0c1-41ab-9975-71487d6bd5a6,35,-22.887155,-43.280679,-22.908701,-43.22197,2019-01-25 08:58:59,2019-01-25 09:22:31,6473.386706323493,-1412.0
C51583,1a516c64-e0c1-41ab-9975-71487d6bd5a6,36,-22.88591,-43.27898,-22.908701,-43.22197,2019-01-25 08:58:59,2019-01-25 09:23:04,6365.898714549127,-1445.0
C51583,1a516c64-e0c1-41ab-9975-71487d6bd5a6,37,-22.88441,-43.27719,-22.908701,-43.22197,2019-01-25 08:58:59,2019-01-25 09:23:39,6268.202101837205,-1480.0
C51583,1a516c64-e0c1-41ab-9975-71487d6bd5a6,38,-22.8822,-43.2754,-22.908701,-43.22197,2019-01-25 08:58:59,2019-01-25 09:24:22,6215.954623181891,-1523.0
C51583,1a516c64-e0c1-41ab-9975-71487d6bd5a6,39,-22.881083,-43.272751,-22.908701,-43.22197,2019-01-25 08:58:59,2019-01-25 09:25:06,6040.624773852775,-1567.0
C51583,1a516c64-e0c1-41ab-9975-71487d6bd5a6,40,-22.878863,-43.265859,-22.908701,-43.22197,2019-01-25 08:58:59,2019-01-25 09:26:52,5587.512807781379,-1673.0
C51583,1a516c64-e0c1-41ab-9975-71487d6bd5a6,41,-22.87833,-43.26397,-22.908701,-43.22197,2019-01-25 08:58:59,2019-01-25 09:27:24,5469.434534867916,-1705.0
C51583,1a516c64-e0c1-41ab-9975-71487d6bd5a6,42,-22.878337,-43.261822,-22.908701,-43.22197,2019-01-25 08:58:59,2019-01-25 09:27:55,5297.6006305940555,-1736.0
C51583,1a516c64-e0c1-41ab-9975-71487d6bd5a6,43,-22.880394,-43.259223,-22.908701,-43.22197,2019-01-25 08:58:59,2019-01-25 09:28:50,4946.652092894919,-1791.0
C51583,1a516c64-e0c1-41ab-9975-71487d6bd5a6,44,-22.882581,-43.254845,-22.908701,-43.22197,2019-01-25 08:58:59,2019-01-25 09:30:02,4447.007742322147,-1863.0
C51583,1a516c64-e0c1-41ab-9975-71487d6bd5a6,45,-22.88517,-43.25266,-22.908701,-43.22197,2019-01-25 08:58:59,2019-01-25 09:30:53,4090.1050390622127,-1914.0
C51583,1a516c64-e0c1-41ab-9975-71487d6bd5a6,46,-22.886927,-43.250822,-22.908701,-43.22197,2019-01-25 08:58:59,2019-01-25 09:31:31,3820.5161094107198,-1952.0
C51583,1a516c64-e0c1-41ab-9975-71487d6bd5a6,47,-22.890046,-43.244457,-22.908701,-43.22197,2019-01-25 08:58:59,2019-01-25 09:33:31,3099.7500420276924,-2072.0
C51583,1a516c64-e0c1-41ab-9975-71487d6bd5a6,48,-22.890765,-43.242335,-22.908701,-43.22197,2019-01-25 08:58:59,2019-01-25 09:34:02,2886.0104041971836,-2103.0
C51583,1a516c64-e0c1-41ab-9975-71487d6bd5a6,49,-22.891768,-43.240794,-22.908701,-43.22197,2019-01-25 08:58:59,2019-01-25 09:34:26,2694.9913924329035,-2127.0
C51583,1a516c64-e0c1-41ab-9975-71487d6bd5a6,50,-22.89495,-43.24279,-22.908701,-43.22197,2019-01-25 08:58:59,2019-01-25 09:35:42,2624.099464396909,-2203.0
C51583,1a516c64-e0c1-41ab-9975-71487d6bd5a6,51,-22.897995,-43.241305,-22.908701,-43.22197,2019-01-25 08:58:59,2019-01-25 09:36:53,2310.7118072182448,-2274.0
C51583,1a516c64-e0c1-41ab-9975-71487d6bd5a6,52,-22.90138,-43.241176,-22.908701,-43.22197,2019-01-25 08:58:59,2019-01-25 09:37:53,2129.000420395947,-2334.0
C51583,1a516c64-e0c1-41ab-9975-71487d6bd5a6,53,-22.90591,-43.23964,-22.908701,-43.22197,2019-01-25 08:58:59,2019-01-25 09:39:06,1836.2761728606586,-2407.0
C51583,1a516c64-e0c1-41ab-9975-71487d6bd5a6,54,-22.907884,-43.236917,-22.908701,-43.22197,2019-01-25 08:58:59,2019-01-25 09:39:56,1533.6377233262247,-2457.0
C51583,1a516c64-e0c1-41ab-9975-71487d6bd5a6,55,-22.908756,-43.234655,-22.908701,-43.22197,2019-01-25 08:58:59,2019-01-25 09:40:28,1299.2698203580178,-2489.0
C51583,1a516c64-e0c1-41ab-9975-71487d6bd5a6,56,-22.908374,-43.231002,-22.908701,-43.22197,2019-01-25 08:58:59,2019-01-25 09:41:25,925.8141437594328,-2546.0
C51583,1a516c64-e0c1-41ab-9975-71487d6bd5a6,57,-22.90931,-43.22631,-22.908701,-43.22197,2019-01-25 08:58:59,2019-01-25 09:42:46,449.6500626241586,-2627.0
C51583,1a516c64-e0c1-41ab-9975-71487d6bd5a6,58,-22.909238,-43.222916,-22.908701,-43.22197,2019-01-25 08:58:59,2019-01-25 09:43:36,113.81487340466704,-2677.0
C51583,1a516c64-e0c1-41ab-9975-71487d6bd5a6,59,-22.906357,-43.220639,-22.908701,-43.22197,2019-01-25 08:58:59,2019-01-25 09:44:33,294.14126496239834,-2734.0
C51583,1a516c64-e0c1-41ab-9975-71487d6bd5a6,60,-22.904907,-43.218901,-22.908701,-43.22197,2019-01-25 08:58:59,2019-01-25 09:45:19,526.1086667448932,-2780.0
C51583,1a516c64-e0c1-41ab-9975-71487d6bd5a6,61,-22.90411,-43.21611,-22.908701,-43.22197,2019-01-25 08:58:59,2019-01-25 09:46:04,787.9517123033304,-2825.0
C51583,1a516c64-e0c1-41ab-9975-71487d6bd5a6,62,-22.90341,-43.21449,-22.908701,-43.22197,2019-01-25 08:58:59,2019-01-25 09:46:30,965.9823620044842,-2851.0
C51583,1a516c64-e0c1-41ab-9975-71487d6bd5a6,63,-22.902025,-43.210979,-22.908701,-43.22197,2019-01-25 08:58:59,2019-01-25 09:47:25,1348.4942408808365,-2906.0
C51583,1a516c64-e0c1-41ab-9975-71487d6bd5a6,64,-22.908498,-43.209965,-22.908701,-43.22197,2019-01-25 08:58:59,2019-01-25 09:49:11,1229.8150731375551,-3012.0
C51583,1a516c64-e0c1-41ab-9975-71487d6bd5a6,65,-22.91013,-43.205583,-22.908701,-43.22197,2019-01-25 08:58:59,2019-01-25 09:50:45,1685.927306916023,-3106.0
C51583,1a516c64-e0c1-41ab-9975-71487d6bd5a6,66,-22.908619,-43.201048,-22.908701,-43.22197,2019-01-25 08:58:59,2019-01-25 09:51:54,2142.946931258566,-3175.0
C51583,1a516c64-e0c1-41ab-9975-71487d6bd5a6,67,-22.90623,-43.193405,-22.908701,-43.22197,2019-01-25 08:58:59,2019-01-25 09:53:51,2938.657808667759,-3292.0
C51583,1a516c64-e0c1-41ab-9975-71487d6bd5a6,68,-22.905052,-43.189782,-22.908701,-43.22197,2019-01-25 08:58:59,2019-01-25 09:54:46,3321.760628232026,-3347.0
C51583,1a516c64-e0c1-41ab-9975-71487d6bd5a6,69,-22.903332,-43.184461,-22.908701,-43.22197,2019-01-25 08:58:59,2019-01-25 09:56:07,3888.0277273176735,-3428.0
C51583,1a516c64-e0c1-41ab-9975-71487d6bd5a6,70,-22.905593,-43.182786,-22.908701,-43.22197,2019-01-25 08:58:59,2019-01-25 09:57:00,4028.3022742196326,-3481.0
C51583,1a516c64-e0c1-41ab-9975-71487d6bd5a6,71,-22.90723,-43.18272,-22.908701,-43.22197,2019-01-25 08:58:59,2019-01-25 09:57:36,4023.512363634812,-3517.0
C51583,1a516c64-e0c1-41ab-9975-71487d6bd5a6,72,-22.90879,-43.18819,-22.908701,-43.22197,2019-01-25 08:58:59,2019-01-25 09:58:59,3459.915038620462,-3600.0
C51617,1a516c64-e0c1-41ab-9975-71487d6bd5a6,0,-22.901318,-43.347259,-22.89712,-43.351429,2019-01-25 09:03:04,2019-01-25 09:03:04,632.730311789167,0.0
C51617,1a516c64-e0c1-41ab-9975-71487d6bd5a6,1,-22.90189,-43.34779,-22.89712,-43.351429,2019-01-25 09:03:04,2019-01-25 09:03:15,648.2786722432978,-11.0
C51617,1a516c64-e0c1-41ab-9975-71487d6bd5a6,2,-22.900466,-43.349828,-22.89712,-43.351429,2019-01-25 09:03:04,2019-01-25 09:03:55,406.5971749818321,-51.0
C51617,1a516c64-e0c1-41ab-9975-71487d6bd5a6,3,-22.89911,-43.35167,-22.89712,-43.351429,2019-01-25 09:03:04,2019-01-25 09:04:29,222.6506718639884,-85.0
C51617,1a516c64-e0c1-41ab-9975-71487d6bd5a6,4,-22.898012,-43.352228,-22.89712,-43.351429,2019-01-25 09:03:04,2019-01-25 09:04:56,128.59343001431873,-112.0
C51617,1a516c64-e0c1-41ab-9975-71487d6bd5a6,5,-22.89818,-43.350146,-22.89712,-43.351429,2019-01-25 09:03:04,2019-01-25 09:05:40,176.53366240066262,-156.0
C51617,1a516c64-e0c1-41ab-9975-71487d6bd5a6,6,-22.896967,-43.348397,-22.89712,-43.351429,2019-01-25 09:03:04,2019-01-25 09:06:16,311.0436112058276,-192.0
C51617,1a516c64-e0c1-41ab-9975-71487d6bd5a6,7,-22.8954,-43.34742,-22.89712,-43.351429,2019-01-25 09:03:04,2019-01-25 09:06:44,453.0103633643306,-220.0
C51617,1a516c64-e0c1-41ab-9975-71487d6bd5a6,8,-22.89369,-43.34688,-22.89712,-43.351429,2019-01-25 09:03:04,2019-01-25 09:07:12,602.1608120280836,-248.0
C51617,1a516c64-e0c1-41ab-9975-71487d6bd5a6,9,-22.890381,-43.34553,-22.89712,-43.351429,2019-01-25 09:03:04,2019-01-25 09:08:13,962.6295011428833,-309.0
C51617,1a516c64-e0c1-41ab-9975-71487d6bd5a6,10,-22.88842,-43.34439,-22.89712,-43.351429,2019-01-25 09:03:04,2019-01-25 09:08:48,1206.5527970520277,-344.0
C51617,1a516c64-e0c1-41ab-9975-71487d6bd5a6,11,-22.88717,-43.34339,-22.89712,-43.351429,2019-01-25 09:03:04,2019-01-25 09:09:12,1379.21581076761,-368.0
C51617,1a516c64-e0c1-41ab-9975-71487d6bd5a6,12,-22.88579,-43.34209,-22.89712,-43.351429,2019-01-25 09:03:04,2019-01-25 09:09:41,1581.897735260686,-397.0
C51617,1a516c64-e0c1-41ab-9975-71487d6bd5a6,13,-22.88283,-43.34025,-22.89712,-43.351429,2019-01-25 09:03:04,2019-01-25 09:10:58,1958.6321722738473,-474.0
C51617,1a516c64-e0c1-41ab-9975-71487d6bd5a6,14,-22.882534,-43.33687,-22.89712,-43.351429,2019-01-25 09:03:04,2019-01-25 09:11:47,2203.3653654665923,-523.0
C51617,1a516c64-e0c1-41ab-9975-71487d6bd5a6,15,-22.882382,-43.333901,-22.89712,-43.351429,2019-01-25 09:03:04,2019-01-25 09:12:30,2430.9731705782037,-566.0
C51617,1a516c64-e0c1-41ab-9975-71487d6bd5a6,16,-22.882138,-43.331007,-22.89712,-43.351429,2019-01-25 09:03:04,2019-01-25 09:13:18,2674.2845532861484,-614.0
C51617,1a516c64-e0c1-41ab-9975-71487d6bd5a6,17,-22.88256,-43.32373,-22.89712,-43.351429,2019-01-25 09:03:04,2019-01-25 09:14:59,3266.8475374782524,-715.0
C51617,1a516c64-e0c1-41ab-9975-71487d6bd5a6,18,-22.88284,-43.3224,-22.89712,-43.351429,2019-01-25 09:03:04,2019-01-25 09:15:19,3371.0773197002295,-735.0
C51617,1a516c64-e0c1-41ab-9975-71487d6bd5a6,19,-22.8835,-43.32058,-22.89712,-43.351429,2019-01-25 09:03:04,2019-01-25 09:15:47,3504.2856775591304,-763.0
C51617,1a516c64-e0c1-41ab-9975-71487d6bd5a6,20,-22.88445,-43.31751,-22.89712,-43.351429,2019-01-25 09:03:04,2019-01-25 09:16:34,3749.3546362403795,-810.0
C51617,1a516c64-e0c1-41ab-9975-71487d6bd5a6,21,-22.884744,-43.316116,-22.89712,-43.351429,2019-01-25 09:03:04,2019-01-25 09:16:55,3870.3119545957597,-831.0
C51617,1a516c64-e0c1-41ab-9975-71487d6bd5a6,22,-22.88498,-43.31429,-22.89712,-43.351429,2019-01-25 09:03:04,2019-01-25 09:17:21,4036.832929040441,-857.0
C51617,1a516c64-e0c1-41ab-9975-71487d6bd5a6,23,-22.885103,-43.311568,-22.89712,-43.351429,2019-01-25 09:03:04,2019-01-25 09:18:00,4296.35267627415,-896.0
C51617,1a516c64-e0c1-41ab-9975-71487d6bd5a6,24,-22.88562,-43.30967,-22.89712,-43.351429,2019-01-25 09:03:04,2019-01-25 09:18:30,4464.733801901785,-926.0
C51617,1a516c64-e0c1-41ab-9975-71487d6bd5a6,25,-22.88672,-43.306443,-22.89712,-43.351429,2019-01-25 09:03:04,2019-01-25 09:19:19,4751.1279614589685,-975.0
C51617,1a516c64-e0c1-41ab-9975-71487d6bd5a6,26,-22.88646,-43.30281,-22.89712,-43.351429,2019-01-25 09:03:04,2019-01-25 09:20:13,5119.513780072531,-1029.0
C51617,1a516c64-e0c1-41ab-9975-71487d6bd5a6,27,-22.88548,-43.30031,-22.89712,-43.351429,2019-01-25 09:03:04,2019-01-25 09:20:54,5394.09937531631,-1070.0
C51617,1a516c64-e0c1-41ab-9975-71487d6bd5a6,28,-22.884601,-43.297845,-22.89712,-43.351429,2019-01-25 09:03:04,2019-01-25 09:21:33,5662.805189823209,-1109.0
C51617,1a516c64-e0c1-41ab-9975-71487d6bd5a6,29,-22.88341,-43.29648,-22.89712,-43.351429,2019-01-25 09:03:04,2019-01-25 09:22:00,5831.679022921282,-1136.0
C51617,1a516c64-e0c1-41ab-9975-71487d6bd5a6,30,-22.88182,-43.29431,-22.89712,-43.351429,2019-01-25 09:03:04,2019-01-25 09:22:41,6093.531008492745,-1177.0
C51617,1a516c64-e0c1-41ab-9975-71487d6bd5a6,31,-22.8842,-43.29133,-22.89712,-43.351429,2019-01-25 09:03:04,2019-01-25 09:23:45,6321.835019204894,-1241.0
C51617,1a516c64-e0c1-41ab-9975-71487d6bd5a6,32,-22.885668,-43.290084,-22.89712,-43.351429,2019-01-25 09:03:04,2019-01-25 09:24:19,6411.761088122363,-1275.0
C51617,1a516c64-e0c1-41ab-9975-71487d6bd5a6,33,-22.88744,-43.2864,-22.89712,-43.351429,2019-01-25 09:03:04,2019-01-25 09:25:14,6747.7749640357615,-1330.0
C51617,1a516c64-e0c1-41ab-9975-71487d6bd5a6,34,-22.887738,-43.283511,-22.89712,-43.351429,2019-01-25 09:03:04,2019-01-25 09:25:50,7035.086749152889,-1366.0
C51617,1a516c64-e0c1-41ab-9975-71487d6bd5a6,35,-22.887155,-43.280679,-22.89712,-43.351429,2019-01-25 09:03:04,2019-01-25 09:26:36,7331.639408048501,-1412.0
C51617,1a516c64-e0c1-41ab-9975-71487d6bd5a6,36,-22.88591,-43.27898,-22.89712,-43.351429,2019-01-25 09:03:04,2019-01-25 09:27:09,7525.448980930817,-1445.0
C51617,1a516c64-e0c1-41ab-9975-71487d6bd5a6,37,-22.88441,-43.27719,-22.89712,-43.351429,2019-01-25 09:03:04,2019-01-25 09:27:44,7735.110504926249,-1480.0
C51617,1a516c64-e0c1-41ab-9975-71487d6bd5a6,38,-22.8822,-43.2754,-22.89712,-43.351429,2019-01-25 09:03:04,2019-01-25 09:28:27,7963.069275845931,-1523.0
C51617,1a516c64-e0c1-41ab-9975-71487d6bd5a6,39,-22.881083,-43.272751,-22.89712,-43.351429,2019-01-25 09:03:04,2019-01-25 09:29:11,8254.640124976113,-1567.0
C51617,1a516c64-e0c1-41ab-9975-71487d6bd5a6,40,-22.878863,-43.265859,-22.89712,-43.351429,2019-01-25 09:03:04,2019-01-25 09:30:57,8997.813532783786,-1673.0
C51617,1a516c64-e0c1-41ab-9975-71487d6bd5a6,41,-22.87833,-43.26397,-22.89712,-43.351429,2019-01-25 09:03:04,2019-01-25 09:31:29,9199.733209019474,-1705.0
C51617,1a516c64-e0c1-41ab-9975-71487d6bd5a6,42,-22.878337,-43.261822,-22.89712,-43.351429,2019-01-25 09:03:04,2019-01-25 09:32:00,9413.984993048112,-1736.0
C51617,1a516c64-e0c1-41ab-9975-71487d6bd5a6,43,-22.880394,-43.259223,-22.89712,-43.351429,2019-01-25 09:03:04,2019-01-25 09:32:55,9626.910985712857,-1791.0
C51617,1a516c64-e0c1-41ab-9975-71487d6bd5a6,44,-22.882581,-43.254845,-22.89712,-43.351429,2019-01-25 09:03:04,2019-01-25 09:34:07,10025.160140023876,-1863.0
C51617,1a516c64-e0c1-41ab-9975-71487d6bd5a6,45,-22.88517,-43.25266,-22.89712,-43.351429,2019-01-25 09:03:04,2019-01-25 09:34:58,10204.564610316196,-1914.0
C51617,1a516c64-e0c1-41ab-9975-71487d6bd5a6,46,-22.886927,-43.250822,-22.89712,-43.351429,2019-01-25 09:03:04,2019-01-25 09:35:36,10368.032868420541,-1952.0
C51617,1a516c64-e0c1-41ab-9975-71487d6bd5a6,47,-22.890046,-43.244457,-22.89712,-43.351429,2019-01-25 09:03:04,2019-01-25 09:37:36,10985.978454706035,-2072.0
C51617,1a516c64-e0c1-41ab-9975-71487d6bd5a6,48,-22.890765,-43.242335,-22.89712,-43.351429,2019-01-25 09:03:04,2019-01-25 09:38:07,11197.441447100358,-2103.0
C51617,1a516c64-e0c1-41ab-9975-71487d6bd5a6,49,-22.891768,-43.240794,-22.89712,-43.351429,2019-01-25 09:03:04,2019-01-25 09:38:31,11348.548041271682,-2127.0
C51617,1a516c64-e0c1-41ab-9975-71487d6bd5a6,50,-22.89495,-43.24279,-22.89712,-43.351429,2019-01-25 09:03:04,2019-01-25 09:39:47,11130.957665403663,-2203.0
C51617,1a516c64-e0c1-41ab-9975-71487d6bd5a6,51,-22.897995,-43.241305,-22.89712,-43.351429,2019-01-25 09:03:04,2019-01-25 09:40:58,11280.749701933928,-2274.0
C51617,1a516c64-e0c1-41ab-9975-71487d6bd5a6,52,-22.90138,-43.241176,-22.89712,-43.351429,2019-01-25 09:03:04,2019-01-25 09:41:58,11303.332918963071,-2334.0
C51617,1a516c64-e0c1-41ab-9975-71487d6bd5a6,53,-22.90591,-43.23964,-22.89712,-43.351429,2019-01-25 09:03:04,2019-01-25 09:43:11,11492.186133867517,-2407.0
C51617,1a516c64-e0c1-41ab-9975-71487d6bd5a6,54,-22.907884,-43.236917,-22.89712,-43.351429,2019-01-25 09:03:04,2019-01-25 09:44:01,11790.28807503708,-2457.0
C51617,1a516c64-e0c1-41ab-9975-71487d6bd5a6,55,-22.908756,-43.234655,-22.89712,-43.351429,2019-01-25 09:03:04,2019-01-25 09:44:33,12030.812136922097,-2489.0
C51617,1a516c64-e0c1-41ab-9975-71487d6bd5a6,56,-22.908374,-43.231002,-22.89712,-43.351429,2019-01-25 09:03:04,2019-01-25 09:45:30,12398.538216522344,-2546.0
C51617,1a516c64-e0c1-41ab-9975-71487d6bd5a6,57,-22.90931,-43.22631,-22.89712,-43.351429,2019-01-25 09:03:04,2019-01-25 09:46:51,12887.259412694802,-2627.0
C51617,1a516c64-e0c1-41ab-9975-71487d6bd5a6,58,-22.909238,-43.222916,-22.89712,-43.351429,2019-01-25 09:03:04,2019-01-25 09:47:41,13232.210505980884,-2677.0
C51617,1a516c64-e0c1-41ab-9975-71487d6bd5a6,59,-22.906357,-43.220639,-22.89712,-43.351429,2019-01-25 09:03:04,2019-01-25 09:48:38,13436.112614232366,-2734.0
C51617,1a516c64-e0c1-41ab-9975-71487d6bd5a6,60,-22.904907,-43.218901,-22.89712,-43.351429,2019-01-25 09:03:04,2019-01-25 09:49:24,13602.479584361135,-2780.0
C51617,1a516c64-e0c1-41ab-9975-71487d6bd5a6,61,-22.90411,-43.21611,-22.89712,-43.351429,2019-01-25 09:03:04,2019-01-25 09:50:09,13882.591888514295,-2825.0
C51617,1a516c64-e0c1-41ab-9975-71487d6bd5a6,62,-22.90341,-43.21449,-22.89712,-43.351429,2019-01-25 09:03:04,2019-01-25 09:50:35,14044.217075061339,-2851.0
C51617,1a516c64-e0c1-41ab-9975-71487d6bd5a6,63,-22.902025,-43.210979,-22.89712,-43.351429,2019-01-25 09:03:04,2019-01-25 09:51:30,14396.83382314162,-2906.0
C51617,1a516c64-e0c1-41ab-9975-71487d6bd5a6,64,-22.908498,-43.209965,-22.89712,-43.351429,2019-01-25 09:03:04,2019-01-25 09:53:16,14545.147266181079,-3012.0
C51617,1a516c64-e0c1-41ab-9975-71487d6bd5a6,65,-22.91013,-43.205583,-22.89712,-43.351429,2019-01-25 09:03:04,2019-01-25 09:54:50,15008.654572751702,-3106.0
C51617,1a516c64-e0c1-41ab-9975-71487d6bd5a6,66,-22.908619,-43.201048,-22.89712,-43.351429,2019-01-25 09:03:04,2019-01-25 09:55:59,15456.349513141096,-3175.0
C51617,1a516c64-e0c1-41ab-9975-71487d6bd5a6,67,-22.90623,-43.193405,-22.89712,-43.351429,2019-01-25 09:03:04,2019-01-25 09:57:56,16218.045007652743,-3292.0
C51617,1a516c64-e0c1-41ab-9975-71487d6bd5a6,68,-22.905052,-43.189782,-22.89712,-43.351429,2019-01-25 09:03:04,2019-01-25 09:58:51,16581.028418371097,-3347.0
C51617,1a516c64-e0c1-41ab-9975-71487d6bd5a6,69,-22.903332,-43.184461,-22.89712,-43.351429,2019-01-25 09:03:04,2019-01-25 10:00:12,17116.636922171907,-3428.0
C51617,1a516c64-e0c1-41ab-9975-71487d6bd5a6,70,-22.905593,-43.182786,-22.89712,-43.351429,2019-01-25 09:03:04,2019-01-25 10:01:05,17299.795750318433,-3481.0
C51617,1a516c64-e0c1-41ab-9975-71487d6bd5a6,71,-22.90723,-43.18272,-22.89712,-43.351429,2019-01-25 09:03:04,2019-01-25 10:01:41,17317.30522859095,-3517.0
C51617,1a516c64-e0c1-41ab-9975-71487d6bd5a6,72,-22.90879,-43.18819,-22.89712,-43.351429,2019-01-25 09:03:04,2019-01-25 10:03:04,16770.67079742049,-3600.0
C51542,1a516c64-e0c1-41ab-9975-71487d6bd5a6,0,-22.901318,-43.347259,-22.90086,-43.346771,2019-01-25 08:57:31,2019-01-25 08:57:31,71.35956384344641,0.0
C51542,1a516c64-e0c1-41ab-9975-71487d6bd5a6,1,-22.90189,-43.34779,-22.90086,-43.346771,2019-01-25 08:57:31,2019-01-25 08:57:42,154.95710869599105,-11.0
C51542,1a516c64-e0c1-41ab-9975-71487d6bd5a6,2,-22.900466,-43.349828,-22.90086,-43.346771,2019-01-25 08:57:31,2019-01-25 08:58:22,316.1804562145444,-51.0
C51542,1a516c64-e0c1-41ab-9975-71487d6bd5a6,3,-22.89911,-43.35167,-22.90086,-43.346771,2019-01-25 08:57:31,2019-01-25 08:58:56,538.218551769732,-85.0
C51542,1a516c64-e0c1-41ab-9975-71487d6bd5a6,4,-22.898012,-43.352228,-22.90086,-43.346771,2019-01-25 08:57:31,2019-01-25 08:59:23,642.4442735931805,-112.0
C51542,1a516c64-e0c1-41ab-9975-71487d6bd5a6,5,-22.89818,-43.350146,-22.90086,-43.346771,2019-01-25 08:57:31,2019-01-25 09:00:07,456.4189972927531,-156.0
C51542,1a516c64-e0c1-41ab-9975-71487d6bd5a6,6,-22.896967,-43.348397,-22.90086,-43.346771,2019-01-25 08:57:31,2019-01-25 09:00:43,463.81791137393253,-192.0
C51542,1a516c64-e0c1-41ab-9975-71487d6bd5a6,7,-22.8954,-43.34742,-22.90086,-43.346771,2019-01-25 08:57:31,2019-01-25 09:01:11,610.753089536848,-220.0
C51542,1a516c64-e0c1-41ab-9975-71487d6bd5a6,8,-22.89369,-43.34688,-22.90086,-43.346771,2019-01-25 08:57:31,2019-01-25 09:01:39,797.3458010543314,-248.0
C51542,1a516c64-e0c1-41ab-9975-71487d6bd5a6,9,-22.890381,-43.34553,-22.90086,-43.346771,2019-01-25 08:57:31,2019-01-25 09:02:40,1172.125396410583,-309.0
C51542,1a516c64-e0c1-41ab-9975-71487d6bd5a6,10,-22.88842,-43.34439,-22.90086,-43.346771,2019-01-25 08:57:31,2019-01-25 09:03:15,1404.6024616906914,-344.0
C51542,1a516c64-e0c1-41ab-9975-71487d6bd5a6,11,-22.88717,-43.34339,-22.90086,-43.346771,2019-01-25 08:57:31,2019-01-25 09:03:39,1561.1595033166836,-368.0
C51542,1a516c64-e0c1-41ab-9975-71487d6bd5a6,12,-22.88579,-43.34209,-22.90086,-43.346771,2019-01-25 08:57:31,2019-01-25 09:04:08,1742.9628923119099,-397.0
C51542,1a516c64-e0c1-41ab-9975-71487d6bd5a6,13,-22.88283,-43.34025,-22.90086,-43.346771,2019-01-25 08:57:31,2019-01-25 09:05:25,2113.2006711647477,-474.0
C51542,1a516c64-e0c1-41ab-9975-71487d6bd5a6,14,-22.882534,-43.33687,-22.90086,-43.346771,2019-01-25 08:57:31,2019-01-25 09:06:14,2276.208864240433,-523.0
C51542,1a516c64-e0c1-41ab-9975-71487d6bd5a6,15,-22.882382,-43.333901,-22.90086,-43.346771,2019-01-25 08:57:31,2019-01-25 09:06:57,2441.2552479492147,-566.0
C51542,1a516c64-e0c1-41ab-9975-71487d6bd5a6,16,-22.882138,-43.331007,-22.90086,-43.346771,2019-01-25 08:57:31,2019-01-25 09:07:45,2634.675996577583,-614.0
C51542,1a516c64-e0c1-41ab-9975-71487d6bd5a6,17,-22.88256,-43.32373,-22.90086,-43.346771,2019-01-25 08:57:31,2019-01-25 09:09:26,3116.3299704712367,-715.0
C51542,1a516c64-e0c1-41ab-9975-71487d6bd5a6,18,-22.88284,-43.3224,-22.90086,-43.346771,2019-01-25 08:57:31,2019-01-25 09:09:46,3201.164360913741,-735.0
C51542,1a516c64-e0c1-41ab-9975-71487d6bd5a6,19,-22.8835,-43.32058,-22.90086,-43.346771,2019-01-25 08:57:31,2019-01-25 09:10:14,3305.198047196065,-763.0
C51542,1a516c64-e0c1-41ab-9975-71487d6bd5a6,20,-22.88445,-43.31751,-22.90086,-43.346771,2019-01-25 08:57:31,2019-01-25 09:11:01,3509.126455777961,-810.0
C51542,1a516c64-e0c1-41ab-9975-71487d6bd5a6,21,-22.884744,-43.316116,-22.90086,-43.346771,2019-01-25 08:57:31,2019-01-25 09:11:22,3615.541511977572,-831.0
C51542,1a516c64-e0c1-41ab-9975-71487d6bd5a6,22,-22.88498,-43.31429,-22.90086,-43.346771,2019-01-25 08:57:31,2019-01-25 09:11:48,3766.7607024680615,-857.0
C51542,1a516c64-e0c1-41ab-9975-71487d6bd5a6,23,-22.885103,-43.311568,-22.90086,-43.346771,2019-01-25 08:57:31,2019-01-25 09:12:27,4009.1882501062187,-896.0
C51542,1a516c64-e0c1-41ab-9975-71487d6bd5a6,24,-22.88562,-43.30967,-22.90086,-43.346771,2019-01-25 08:57:31,2019-01-25 09:12:57,4161.1787233129535,-926.0
C51542,1a516c64-e0c1-41ab-9975-71487d6bd5a6,25,-22.88672,-43.306443,-22.90086,-43.346771,2019-01-25 08:57:31,2019-01-25 09:13:46,4420.129277310764,-975.0
C51542,1a516c64-e0c1-41ab-9975-71487d6bd5a6,26,-22.88646,-43.30281,-22.90086,-43.346771,2019-01-25 08:57:31,2019-01-25 09:14:40,4779.38773290697,-1029.0
C51542,1a516c64-e0c1-41ab-9975-71487d6bd5a6,27,-22.88548,-43.30031,-22.90086,-43.346771,2019-01-25 08:57:31,2019-01-25 09:15:21,5057.230256140804,-1070.0
C51542,1a516c64-e0c1-41ab-9975-71487d6bd5a6,28,-22.884601,-43.297845,-22.90086,-43.346771,2019-01-25 08:57:31,2019-01-25 09:16:00,5327.931546441291,-1109.0
C51542,1a516c64-e0c1-41ab-9975-71487d6bd5a6,29,-22.88341,-43.29648,-22.90086,-43.346771,2019-01-25 08:57:31,2019-01-25 09:16:27,5504.961215066244,-1136.0
C51542,1a516c64-e0c1-41ab-9975-71487d6bd5a6,30,-22.88182,-43.29431,-22.90086,-43.346771,2019-01-25 08:57:31,2019-01-25 09:17:08,5775.986956863907,-1177.0
C51542,1a516c64-e0c1-41ab-9975-71487d6bd5a6,31,-22.8842,-43.29133,-22.90086,-43.346771,2019-01-25 08:57:31,2019-01-25 09:18:12,5973.698198375011,-1241.0
C51542,1a516c64-e0c1-41ab-9975-71487d6bd5a6,32,-22.885668,-43.290084,-22.90086,-43.346771,2019-01-25 08:57:31,2019-01-25 09:18:46,6047.528387000415,-1275.0
C51542,1a516c64-e0c1-41ab-9975-71487d6bd5a6,33,-22.88744,-43.2864,-22.90086,-43.346771,2019-01-25 08:57:31,2019-01-25 09:19:41,6361.628776402407,-1330.0
C51542,1a516c64-e0c1-41ab-9975-71487d6bd5a6,34,-22.887738,-43.283511,-22.90086,-43.346771,2019-01-25 08:57:31,2019-01-25 09:20:17,6642.306282887373,-1366.0
C51542,1a516c64-e0c1-41ab-9975-71487d6bd5a6,35,-22.887155,-43.280679,-22.90086,-43.346771,2019-01-25 08:57:31,2019-01-25 09:21:03,6939.572294525756,-1412.0
C51542,1a516c64-e0c1-41ab-9975-71487d6bd5a6,36,-22.88591,-43.27898,-22.90086,-43.346771,2019-01-25 08:57:31,2019-01-25 09:21:36,7140.450770556516,-1445.0
C51542,1a516c64-e0c1-41ab-9975-71487d6bd5a6,37,-22.88441,-43.27719,-22.90086,-43.346771,2019-01-25 08:57:31,2019-01-25 09:22:11,7358.612853473694,-1480.0
C51542,1a516c64-e0c1-41ab-9975-71487d6bd5a6,38,-22.8822,-43.2754,-22.90086,-43.346771,2019-01-25 08:57:31,2019-01-25 09:22:54,7599.798395039657,-1523.0
C51542,1a516c64-e0c1-41ab-9975-71487d6bd5a6,39,-22.881083,-43.272751,-22.90086,-43.346771,2019-01-25 08:57:31,2019-01-25 09:23:38,7894.917010502572,-1567.0
C51542,1a516c64-e0c1-41ab-9975-71487d6bd5a6,40,-22.878863,-43.265859,-22.90086,-43.346771,2019-01-25 08:57:31,2019-01-25 09:25:24,8641.897313870186,-1673.0
C51542,1a516c64-e0c1-41ab-9975-71487d6bd5a6,41,-22.87833,-43.26397,-22.90086,-43.346771,2019-01-25 08:57:31,2019-01-25 09:25:56,8844.282436414362,-1705.0
C51542,1a516c64-e0c1-41ab-9975-71487d6bd5a6,42,-22.878337,-43.261822,-22.90086,-43.346771,2019-01-25 08:57:31,2019-01-25 09:26:27,9055.308346370422,-1736.0
C51542,1a516c64-e0c1-41ab-9975-71487d6bd5a6,43,-22.880394,-43.259223,-22.90086,-43.346771,2019-01-25 08:57:31,2019-01-25 09:27:22,9252.490910781755,-1791.0
C51542,1a516c64-e0c1-41ab-9975-71487d6bd5a6,44,-22.882581,-43.254845,-22.90086,-43.346771,2019-01-25 08:57:31,2019-01-25 09:28:34,9633.517927989913,-1863.0
C51542,1a516c64-e0c1-41ab-9975-71487d6bd5a6,45,-22.88517,-43.25266,-22.90086,-43.346771,2019-01-25 08:57:31,2019-01-25 09:29:25,9796.988563533409,-1914.0
C51542,1a516c64-e0c1-41ab-9975-71487d6bd5a6,46,-22.886927,-43.250822,-22.90086,-43.346771,2019-01-25 08:57:31,2019-01-25 09:30:03,9949.964842090329,-1952.0
C51542,1a516c64-e0c1-41ab-9975-71487d6bd5a6,47,-22.890046,-43.244457,-22.90086,-43.346771,2019-01-25 08:57:31,2019-01-25 09:32:03,10549.246801574154,-2072.0
C51542,1a516c64-e0c1-41ab-9975-71487d6bd5a6,48,-22.890765,-43.242335,-22.90086,-43.346771,2019-01-25 08:57:31,2019-01-25 09:32:34,10756.559770182277,-2103.0
C51542,1a516c64-e0c1-41ab-9975-71487d6bd5a6,49,-22.891768,-43.240794,-22.90086,-43.346771,2019-01-25 08:57:31,2019-01-25 09:32:58,10902.61480610457,-2127.0
C51542,1a516c64-e0c1-41ab-9975-71487d6bd5a6,50,-22.89495,-43.24279,-22.90086,-43.346771,2019-01-25 08:57:31,2019-01-25 09:34:14,10671.310953157012,-2203.0
C51542,1a516c64-e0c1-41ab-9975-71487d6bd5a6,51,-22.897995,-43.241305,-22.90086,-43.346771,2019-01-25 08:57:31,2019-01-25 09:35:25,10807.744575388499,-2274.0
C51542,1a516c64-e0c1-41ab-9975-71487d6bd5a6,52,-22.90138,-43.241176,-22.90086,-43.346771,2019-01-25 08:57:31,2019-01-25 09:36:25,10816.281612889165,-2334.0
C51542,1a516c64-e0c1-41ab-9975-71487d6bd5a6,53,-22.90591,-43.23964,-22.90086,-43.346771,2019-01-25 08:57:31,2019-01-25 09:37:38,10987.63499815858,-2407.0
C51542,1a516c64-e0c1-41ab-9975-71487d6bd5a6,54,-22.907884,-43.236917,-22.90086,-43.346771,2019-01-25 08:57:31,2019-01-25 09:38:28,11279.181874773463,-2457.0
C51542,1a516c64-e0c1-41ab-9975-71487d6bd5a6,55,-22.908756,-43.234655,-22.90086,-43.346771,2019-01-25 08:57:31,2019-01-25 09:39:00,11517.277490237544,-2489.0
C51542,1a516c64-e0c1-41ab-9975-71487d6bd5a6,56,-22.908374,-43.231002,-22.90086,-43.346771,2019-01-25 08:57:31,2019-01-25 09:39:57,11887.34620942646,-2546.0
C51542,1a516c64-e0c1-41ab-9975-71487d6bd5a6,57,-22.90931,-43.22631,-22.90086,-43.346771,2019-01-25 08:57:31,2019-01-25 09:41:18,12374.21923125368,-2627.0
C51542,1a516c64-e0c1-41ab-9975-71487d6bd5a6,58,-22.909238,-43.222916,-22.90086,-43.346771,2019-01-25 08:57:31,2019-01-25 09:42:08,12720.295746063892,-2677.0
C51542,1a516c64-e0c1-41ab-9975-71487d6bd5a6,59,-22.906357,-43.220639,-22.90086,-43.346771,2019-01-25 08:57:31,2019-01-25 09:43:05,12933.95202310046,-2734.0
C51542,1a516c64-e0c1-41ab-9975-71487d6bd5a6,60,-22.904907,-43.218901,-22.90086,-43.346771,2019-01-25 08:57:31,2019-01-25 09:43:51,13105.319805209112,-2780.0
C51542,1a516c64-e0c1-41ab-9975-71487d6bd5a6,61,-22.90411,-43.21611,-22.90086,-43.346771,2019-01-25 08:57:31,2019-01-25 09:44:36,13388.388174272484,-2825.0
C51542,1a516c64-e0c1-41ab-9975-71487d6bd5a6,62,-22.90341,-43.21449,-22.90086,-43.346771,2019-01-25 08:57:31,2019-01-25 09:45:02,13552.446901085568,-2851.0
C51542,1a516c64-e0c1-41ab-9975-71487d6bd5a6,63,-22.902025,-43.210979,-22.90086,-43.346771,2019-01-25 08:57:31,2019-01-25 09:45:57,13909.784656187934,-2906.0
C51542,1a516c64-e0c1-41ab-9975-71487d6bd5a6,64,-22.908498,-43.209965,-22.90086,-43.346771,2019-01-25 08:57:31,2019-01-25 09:47:43,14038.42560387404,-3012.0
C51542,1a516c64-e0c1-41ab-9975-71487d6bd5a6,65,-22.91013,-43.205583,-22.90086,-43.346771,2019-01-25 08:57:31,2019-01-25 09:49:17,14498.15083452432,-3106.0
C51542,1a516c64-e0c1-41ab-9975-71487d6bd5a6,66,-22.908619,-43.201048,-22.90086,-43.346771,2019-01-25 08:57:31,2019-01-25 09:50:26,14950.96533616869,-3175.0
C51542,1a516c64-e0c1-41ab-9975-71487d6bd5a6,67,-22.90623,-43.193405,-22.90086,-43.346771,2019-01-25 08:57:31,2019-01-25 09:52:23,15720.387853950391,-3292.0
C51542,1a516c64-e0c1-41ab-9975-71487d6bd5a6,68,-22.905052,-43.189782,-22.90086,-43.346771,2019-01-25 08:57:31,2019-01-25 09:53:18,16086.96616369053,-3347.0
C51542,1a516c64-e0c1-41ab-9975-71487d6bd5a6,69,-22.903332,-43.184461,-22.90086,-43.346771,2019-01-25 08:57:31,2019-01-25 09:54:39,16627.61329704988,-3428.0
C51542,1a516c64-e0c1-41ab-9975-71487d6bd5a6,70,-22.905593,-43.182786,-22.90086,-43.346771,2019-01-25 08:57:31,2019-01-25 09:55:32,16805.013527987245,-3481.0
C51542,1a516c64-e0c1-41ab-9975-71487d6bd5a6,71,-22.90723,-43.18272,-22.90086,-43.346771,2019-01-25 08:57:31,2019-01-25 09:56:08,16818.351523316218,-3517.0
C51542,1a516c64-e0c1-41ab-9975-71487d6bd5a6,72,-22.90879,-43.18819,-22.90086,-43.346771,2019-01-25 08:57:31,2019-01-25 09:57:31,16266.971068056986,-3600.0
C51615,1a516c64-e0c1-41ab-9975-71487d6bd5a6,0,-22.901318,-43.347259,-22.900709,-43.34668,2019-01-25 08:57:59,2019-01-25 08:57:59,90.01683707373002,0.0
C51615,1a516c64-e0c1-41ab-9975-71487d6bd5a6,1,-22.90189,-43.34779,-22.900709,-43.34668,2019-01-25 08:57:59,2019-01-25 08:58:10,173.70197678264702,-11.0
C51615,1a516c64-e0c1-41ab-9975-71487d6bd5a6,2,-22.900466,-43.349828,-22.900709,-43.34668,2019-01-25 08:57:59,2019-01-25 08:58:50,323.58197033460766,-51.0
C51615,1a516c64-e0c1-41ab-9975-71487d6bd5a6,3,-22.89911,-43.35167,-22.900709,-43.34668,2019-01-25 08:57:59,2019-01-25 08:59:24,541.1734914882713,-85.0
C51615,1a516c64-e0c1-41ab-9975-71487d6bd5a6,4,-22.898012,-43.352228,-22.900709,-43.34668,2019-01-25 08:57:59,2019-01-25 08:59:51,642.5651098879629,-112.0
C51615,1a516c64-e0c1-41ab-9975-71487d6bd5a6,5,-22.89818,-43.350146,-22.900709,-43.34668,2019-01-25 08:57:59,2019-01-25 09:00:35,452.9071746788709,-156.0
C51615,1a516c64-e0c1-41ab-9975-71487d6bd5a6,6,-22.896967,-43.348397,-22.900709,-43.34668,2019-01-25 08:57:59,2019-01-25 09:01:11,451.734829415226,-192.0
C51615,1a516c64-e0c1-41ab-9975-71487d6bd5a6,7,-22.8954,-43.34742,-22.900709,-43.34668,2019-01-25 08:57:59,2019-01-25 09:01:39,595.1804205815979,-220.0
C51615,1a516c64-e0c1-41ab-9975-71487d6bd5a6,8,-22.89369,-43.34688,-22.900709,-43.34668,2019-01-25 08:57:59,2019-01-25 09:02:07,780.7460196443823,-248.0
C51615,1a516c64-e0c1-41ab-9975-71487d6bd5a6,9,-22.890381,-43.34553,-22.900709,-43.34668,2019-01-25 08:57:59,2019-01-25 09:03:08,1154.4470639754827,-309.0
C51615,1a516c64-e0c1-41ab-9975-71487d6bd5a6,10,-22.88842,-43.34439,-22.900709,-43.34668,2019-01-25 08:57:59,2019-01-25 09:03:43,1386.4626458503988,-344.0
C51615,1a516c64-e0c1-41ab-9975-71487d6bd5a6,11,-22.88717,-43.34339,-22.900709,-43.34668,2019-01-25 08:57:59,2019-01-25 09:04:07,1542.7288635220282,-368.0
C51615,1a516c64-e0c1-41ab-9975-71487d6bd5a6,12,-22.88579,-43.34209,-22.900709,-43.34668,2019-01-25 08:57:59,2019-01-25 09:04:36,1724.2614115705917,-397.0
C51615,1a516c64-e0c1-41ab-9975-71487d6bd5a6,13,-22.88283,-43.34025,-22.900709,-43.34668,2019-01-25 08:57:59,2019-01-25 09:05:53,2094.3276143687094,-474.0
C51615,1a516c64-e0c1-41ab-9975-71487d6bd5a6,14,-22.882534,-43.33687,-22.900709,-43.34668,2019-01-25 08:57:59,2019-01-25 09:06:42,2257.0241652638083,-523.0
C51615,1a516c64-e0c1-41ab-9975-71487d6bd5a6,15,-22.882382,-43.333901,-22.900709,-43.34668,2019-01-25 08:57:59,2019-01-25 09:07:25,2422.0903067009904,-566.0
C51615,1a516c64-e0c1-41ab-9975-71487d6bd5a6,16,-22.882138,-43.331007,-22.900709,-43.34668,2019-01-25 08:57:59,2019-01-25 09:08:13,2615.6977472956673,-614.0
C51615,1a516c64-e0c1-41ab-9975-71487d6bd5a6,17,-22.88256,-43.32373,-22.900709,-43.34668,2019-01-25 08:57:59,2019-01-25 09:09:54,3098.3142323435677,-715.0
C51615,1a516c64-e0c1-41ab-9975-71487d6bd5a6,18,-22.88284,-43.3224,-22.900709,-43.34668,2019-01-25 08:57:59,2019-01-25 09:10:14,3183.394129106234,-735.0
C51615,1a516c64-e0c1-41ab-9975-71487d6bd5a6,19,-22.8835,-43.32058,-22.900709,-43.34668,2019-01-25 08:57:59,2019-01-25 09:10:42,3287.836519890808,-763.0
C51615,1a516c64-e0c1-41ab-9975-71487d6bd5a6,20,-22.88445,-43.31751,-22.900709,-43.34668,2019-01-25 08:57:59,2019-01-25 09:11:29,3492.4475619321775,-810.0
C51615,1a516c64-e0c1-41ab-9975-71487d6bd5a6,21,-22.884744,-43.316116,-22.900709,-43.34668,2019-01-25 08:57:59,2019-01-25 09:11:50,3599.1385898475664,-831.0
C51615,1a516c64-e0c1-41ab-9975-71487d6bd5a6,22,-22.88498,-43.31429,-22.900709,-43.34668,2019-01-25 08:57:59,2019-01-25 09:12:16,3750.671911779803,-857.0
C51615,1a516c64-e0c1-41ab-9975-71487d6bd5a6,23,-22.885103,-43.311568,-22.900709,-43.34668,2019-01-25 08:57:59,2019-01-25 09:12:55,3993.483082028705,-896.0
C51615,1a516c64-e0c1-41ab-9975-71487d6bd5a6,24,-22.88562,-43.30967,-22.900709,-43.34668,2019-01-25 08:57:59,2019-01-25 09:13:25,4145.845232207904,-926.0
C51615,1a516c64-e0c1-41ab-9975-71487d6bd5a6,25,-22.88672,-43.306443,-22.900709,-43.34668,2019-01-25 08:57:59,2019-01-25 09:14:14,4405.464256535785,-975.0
C51615,1a516c64-e0c1-41ab-9975-71487d6bd5a6,26,-22.88646,-43.30281,-22.900709,-43.34668,2019-01-25 08:57:59,2019-01-25 09:15:08,4764.9988511116135,-1029.0
C51615,1a516c64-e0c1-41ab-9975-71487d6bd5a6,27,-22.88548,-43.30031,-22.900709,-43.34668,2019-01-25 08:57:59,2019-01-25 09:15:49,5042.798141597537,-1070.0
C51615,1a516c64-e0c1-41ab-9975-71487d6bd5a6,28,-22.884601,-43.297845,-22.900709,-43.34668,2019-01-25 08:57:59,2019-01-25 09:16:28,5313.483054028561,-1109.0
C51615,1a516c64-e0c1-41ab-9975-71487d6bd5a6,29,-22.88341,-43.29648,-22.900709,-43.34668,2019-01-25 08:57:59,2019-01-25 09:16:55,5490.336260750192,-1136.0
C51615,1a516c64-e0c1-41ab-9975-71487d6bd5a6,30,-22.88182,-43.29431,-22.900709,-43.34668,2019-01-25 08:57:59,2019-01-25 09:17:36,5761.175200274216,-1177.0
C51615,1a516c64-e0c1-41ab-9975-71487d6bd5a6,31,-22.8842,-43.29133,-22.900709,-43.34668,2019-01-25 08:57:59,2019-01-25 09:18:40,5959.646454497878,-1241.0
C51615,1a516c64-e0c1-41ab-9975-71487d6bd5a6,32,-22.885668,-43.290084,-22.900709,-43.34668,2019-01-25 08:57:59,2019-01-25 09:19:14,6033.905869980722,-1275.0
C51615,1a516c64-e0c1-41ab-9975-71487d6bd5a6,33,-22.88744,-43.2864,-22.900709,-43.34668,2019-01-25 08:57:59,2019-01-25 09:20:09,6348.647794178708,-1330.0
C51615,1a516c64-e0c1-41ab-9975-71487d6bd5a6,34,-22.887738,-43.283511,-22.900709,-43.34668,2019-01-25 08:57:59,2019-01-25 09:20:45,6629.5430332484075,-1366.0
C51615,1a516c64-e0c1-41ab-9975-71487d6bd5a6,35,-22.887155,-43.280679,-22.900709,-43.34668,2019-01-25 08:57:59,2019-01-25 09:21:31,6926.809521430971,-1412.0
C51615,1a516c64-e0c1-41ab-9975-71487d6bd5a6,36,-22.88591,-43.27898,-22.900709,-43.34668,2019-01-25 08:57:59,2019-01-25 09:22:04,7127.494067733461,-1445.0
C51615,1a516c64-e0c1-41ab-9975-71487d6bd5a6,37,-22.88441,-43.27719,-22.900709,-43.34668,2019-01-25 08:57:59,2019-01-25 09:22:39,7345.427115605342,-1480.0
C51615,1a516c64-e0c1-41ab-9975-71487d6bd5a6,38,-22.8822,-43.2754,-22.900709,-43.34668,2019-01-25 08:57:59,2019-01-25 09:23:22,7586.26272046004,-1523.0
C51615,1a516c64-e0c1-41ab-9975-71487d6bd5a6,39,-22.881083,-43.272751,-22.900709,-43.34668,2019-01-25 08:57:59,2019-01-25 09:24:06,7881.302834421111,-1567.0
C51615,1a516c64-e0c1-41ab-9975-71487d6bd5a6,40,-22.878863,-43.265859,-22.900709,-43.34668,2019-01-25 08:57:59,2019-01-25 09:25:52,8628.21921645233,-1673.0
C51615,1a516c64-e0c1-41ab-9975-71487d6bd5a6,41,-22.87833,-43.26397,-22.900709,-43.34668,2019-01-25 08:57:59,2019-01-25 09:26:24,8830.601028064724,-1705.0
C51615,1a516c64-e0c1-41ab-9975-71487d6bd5a6,42,-22.878337,-43.261822,-22.900709,-43.34668,2019-01-25 08:57:59,2019-01-25 09:26:55,9041.72107048813,-1736.0
C51615,1a516c64-e0c1-41ab-9975-71487d6bd5a6,43,-22.880394,-43.259223,-22.900709,-43.34668,2019-01-25 08:57:59,2019-01-25 09:27:50,9239.341082550833,-1791.0
C51615,1a516c64-e0c1-41ab-9975-71487d6bd5a6,44,-22.882581,-43.254845,-22.900709,-43.34668,2019-01-25 08:57:59,2019-01-25 09:29:02,9620.879393759371,-1863.0
C51615,1a516c64-e0c1-41ab-9975-71487d6bd5a6,45,-22.88517,-43.25266,-22.900709,-43.34668,2019-01-25 08:57:59,2019-01-25 09:29:53,9784.8423692974,-1914.0
C51615,1a516c64-e0c1-41ab-9975-71487d6bd5a6,46,-22.886927,-43.250822,-22.900709,-43.34668,2019-01-25 08:57:59,2019-01-25 09:30:31,9938.159417784225,-1952.0
C51615,1a516c64-e0c1-41ab-9975-71487d6bd5a6,47,-22.890046,-43.244457,-22.900709,-43.34668,2019-01-25 08:57:59,2019-01-25 09:32:31,10538.089507454937,-2072.0
C51615,1a516c64-e0c1-41ab-9975-71487d6bd5a6,48,-22.890765,-43.242335,-22.900709,-43.34668,2019-01-25 08:57:59,2019-01-25 09:33:02,10745.55438486176,-2103.0
C51615,1a516c64-e0c1-41ab-9975-71487d6bd5a6,49,-22.891768,-43.240794,-22.900709,-43.34668,2019-01-25 08:57:59,2019-01-25 09:33:26,10891.794077928169,-2127.0
C51615,1a516c64-e0c1-41ab-9975-71487d6bd5a6,50,-22.89495,-43.24279,-22.900709,-43.34668,2019-01-25 08:57:59,2019-01-25 09:34:42,10660.991474382246,-2203.0
C51615,1a516c64-e0c1-41ab-9975-71487d6bd5a6,51,-22.897995,-43.241305,-22.900709,-43.34668,2019-01-25 08:57:59,2019-01-25 09:35:53,10797.95105637733,-2274.0
C51615,1a516c64-e0c1-41ab-9975-71487d6bd5a6,52,-22.90138,-43.241176,-22.900709,-43.34668,2019-01-25 08:57:59,2019-01-25 09:36:53,10807.069483326133,-2334.0
C51615,1a516c64-e0c1-41ab-9975-71487d6bd5a6,53,-22.90591,-43.23964,-22.900709,-43.34668,2019-01-25 08:57:59,2019-01-25 09:38:06,10979.203908265652,-2407.0
C51615,1a516c64-e0c1-41ab-9975-71487d6bd5a6,54,-22.907884,-43.236917,-22.900709,-43.34668,2019-01-25 08:57:59,2019-01-25 09:38:56,11271.0656454553,-2457.0
C51615,1a516c64-e0c1-41ab-9975-71487d6bd5a6,55,-22.908756,-43.234655,-22.900709,-43.34668,2019-01-25 08:57:59,2019-01-25 09:39:28,11509.283294173782,-2489.0
C51615,1a516c64-e0c1-41ab-9975-71487d6bd5a6,56,-22.908374,-43.231002,-22.900709,-43.34668,2019-01-25 08:57:59,2019-01-25 09:40:25,11879.247812815946,-2546.0
C51615,1a516c64-e0c1-41ab-9975-71487d6bd5a6,57,-22.90931,-43.22631,-22.900709,-43.34668,2019-01-25 08:57:59,2019-01-25 09:41:46,12366.219339905847,-2627.0
C51615,1a516c64-e0c1-41ab-9975-71487d6bd5a6,58,-22.909238,-43.222916,-22.900709,-43.34668,2019-01-25 08:57:59,2019-01-25 09:42:36,12712.248548572343,-2677.0
C51615,1a516c64-e0c1-41ab-9975-71487d6bd5a6,59,-22.906357,-43.220639,-22.900709,-43.34668,2019-01-25 08:57:59,2019-01-25 09:43:33,12925.453580947287,-2734.0
C51615,1a516c64-e0c1-41ab-9975-71487d6bd5a6,60,-22.904907,-43.218901,-22.900709,-43.34668,2019-01-25 08:57:59,2019-01-25 09:44:19,13096.599256672302,-2780.0
C51615,1a516c64-e0c1-41ab-9975-71487d6bd5a6,61,-22.90411,-43.21611,-22.900709,-43.34668,2019-01-25 08:57:59,2019-01-25 09:45:04,13379.54200856548,-2825.0
C51615,1a516c64-e0c1-41ab-9975-71487d6bd5a6,62,-22.90341,-43.21449,-22.900709,-43.34668,2019-01-25 08:57:59,2019-01-25 09:45:30,13543.49732991951,-2851.0
C51615,1a516c64-e0c1-41ab-9975-71487d6bd5a6,63,-22.902025,-43.210979,-22.900709,-43.34668,2019-01-25 08:57:59,2019-01-25 09:46:25,13900.638277910088,-2906.0
C51615,1a516c64-e0c1-41ab-9975-71487d6bd5a6,64,-22.908498,-43.209965,-22.900709,-43.34668,2019-01-25 08:57:59,2019-01-25 09:48:11,14030.156041603384,-3012.0
C51615,1a516c64-e0c1-41ab-9975-71487d6bd5a6,65,-22.91013,-43.205583,-22.900709,-43.34668,2019-01-25 08:57:59,2019-01-25 09:49:45,14490.06580302436,-3106.0
C51615,1a516c64-e0c1-41ab-9975-71487d6bd5a6,66,-22.908619,-43.201048,-22.900709,-43.34668,2019-01-25 08:57:59,2019-01-25 09:50:54,14942.647176040573,-3175.0
C51615,1a516c64-e0c1-41ab-9975-71487d6bd5a6,67,-22.90623,-43.193405,-22.900709,-43.34668,2019-01-25 08:57:59,2019-01-25 09:52:51,15711.729426065203,-3292.0
C51615,1a516c64-e0c1-41ab-9975-71487d6bd5a6,68,-22.905052,-43.189782,-22.900709,-43.34668,2019-01-25 08:57:59,2019-01-25 09:53:46,16078.153546664327,-3347.0
C51615,1a516c64-e0c1-41ab-9975-71487d6bd5a6,69,-22.903332,-43.184461,-22.900709,-43.34668,2019-01-25 08:57:59,2019-01-25 09:55:07,16618.588931936047,-3428.0
C51615,1a516c64-e0c1-41ab-9975-71487d6bd5a6,70,-22.905593,-43.182786,-22.900709,-43.34668,2019-01-25 08:57:59,2019-01-25 09:56:00,16796.240936850434,-3481.0
C51615,1a516c64-e0c1-41ab-9975-71487d6bd5a6,71,-22.90723,-43.18272,-22.900709,-43.34668,2019-01-25 08:57:59,2019-01-25 09:56:36,16809.764082221285,-3517.0
C51615,1a516c64-e0c1-41ab-9975-71487d6bd5a6,72,-22.90879,-43.18819,-22.900709,-43.34668,2019-01-25 08:57:59,2019-01-25 09:57:59,16258.592218844706,-3600.0
C51582,1a516c64-e0c1-41ab-9975-71487d6bd5a6,0,-22.901318,-43.347259,-22.908381,-43.18932,2019-01-25 08:57:44,2019-01-25 08:57:44,16196.345841620416,0.0
C51582,1a516c64-e0c1-41ab-9975-71487d6bd5a6,1,-22.90189,-43.34779,-22.908381,-43.18932,2019-01-25 08:57:44,2019-01-25 08:57:55,16247.687204365104,-11.0
C51582,1a516c64-e0c1-41ab-9975-71487d6bd5a6,2,-22.900466,-43.349828,-22.908381,-43.18932,2019-01-25 08:57:44,2019-01-25 08:58:35,16464.021472176,-51.0
C51582,1a516c64-e0c1-41ab-9975-71487d6bd5a6,3,-22.89911,-43.35167,-22.908381,-43.18932,2019-01-25 08:57:44,2019-01-25 08:59:09,16661.159079787434,-85.0
C51582,1a516c64-e0c1-41ab-9975-71487d6bd5a6,4,-22.898012,-43.352228,-22.908381,-43.18932,2019-01-25 08:57:44,2019-01-25 08:59:36,16726.24474523086,-112.0
C51582,1a516c64-e0c1-41ab-9975-71487d6bd5a6,5,-22.89818,-43.350146,-22.908381,-43.18932,2019-01-25 08:57:44,2019-01-25 09:00:20,16512.19801161749,-156.0
C51582,1a516c64-e0c1-41ab-9975-71487d6bd5a6,6,-22.896967,-43.348397,-22.908381,-43.18932,2019-01-25 08:57:44,2019-01-25 09:00:56,16343.471544242902,-192.0
C51582,1a516c64-e0c1-41ab-9975-71487d6bd5a6,7,-22.8954,-43.34742,-22.908381,-43.18932,2019-01-25 08:57:44,2019-01-25 09:01:24,16258.3377501889,-220.0
C51582,1a516c64-e0c1-41ab-9975-71487d6bd5a6,8,-22.89369,-43.34688,-22.908381,-43.18932,2019-01-25 08:57:44,2019-01-25 09:01:52,16221.390079848601,-248.0
C51582,1a516c64-e0c1-41ab-9975-71487d6bd5a6,9,-22.890381,-43.34553,-22.908381,-43.18932,2019-01-25 08:57:44,2019-01-25 09:02:53,16125.53730072571,-309.0
C51582,1a516c64-e0c1-41ab-9975-71487d6bd5a6,10,-22.88842,-43.34439,-22.908381,-43.18932,2019-01-25 08:57:44,2019-01-25 09:03:28,16038.508435996344,-344.0
C51582,1a516c64-e0c1-41ab-9975-71487d6bd5a6,11,-22.88717,-43.34339,-22.908381,-43.18932,2019-01-25 08:57:44,2019-01-25 09:03:52,15957.091244724557,-368.0
C51582,1a516c64-e0c1-41ab-9975-71487d6bd5a6,12,-22.88579,-43.34209,-22.908381,-43.18932,2019-01-25 08:57:44,2019-01-25 09:04:21,15849.077806765736,-397.0
C51582,1a516c64-e0c1-41ab-9975-71487d6bd5a6,13,-22.88283,-43.34025,-22.908381,-43.18932,2019-01-25 08:57:44,2019-01-25 09:05:38,15719.32115178518,-474.0
C51582,1a516c64-e0c1-41ab-9975-71487d6bd5a6,14,-22.882534,-43.33687,-22.908381,-43.18932,2019-01-25 08:57:44,2019-01-25 09:06:27,15385.052991219885,-523.0
C51582,1a516c64-e0c1-41ab-9975-71487d6bd5a6,15,-22.882382,-43.333901,-22.908381,-43.18932,2019-01-25 08:57:44,2019-01-25 09:07:10,15089.62264874179,-566.0
C51582,1a516c64-e0c1-41ab-9975-71487d6bd5a6,16,-22.882138,-43.331007,-22.908381,-43.18932,2019-01-25 08:57:44,2019-01-25 09:07:58,14804.114132551482,-614.0
C51582,1a516c64-e0c1-41ab-9975-71487d6bd5a6,17,-22.88256,-43.32373,-22.908381,-43.18932,2019-01-25 08:57:44,2019-01-25 09:09:39,14064.413093169798,-715.0
C51582,1a516c64-e0c1-41ab-9975-71487d6bd5a6,18,-22.88284,-43.3224,-22.908381,-43.18932,2019-01-25 08:57:44,2019-01-25 09:09:59,13924.67474196144,-735.0
C51582,1a516c64-e0c1-41ab-9975-71487d6bd5a6,19,-22.8835,-43.32058,-22.908381,-43.18932,2019-01-25 08:57:44,2019-01-25 09:10:27,13727.204375833584,-763.0
C51582,1a516c64-e0c1-41ab-9975-71487d6bd5a6,20,-22.88445,-43.31751,-22.908381,-43.18932,2019-01-25 08:57:44,2019-01-25 09:11:14,13397.909314056107,-810.0
C51582,1a516c64-e0c1-41ab-9975-71487d6bd5a6,21,-22.884744,-43.316116,-22.908381,-43.18932,2019-01-25 08:57:44,2019-01-25 09:11:35,13251.455059362163,-831.0
C51582,1a516c64-e0c1-41ab-9975-71487d6bd5a6,22,-22.88498,-43.31429,-22.908381,-43.18932,2019-01-25 08:57:44,2019-01-25 09:12:01,13062.916247020554,-857.0
C51582,1a516c64-e0c1-41ab-9975-71487d6bd5a6,23,-22.885103,-43.311568,-22.908381,-43.18932,2019-01-25 08:57:44,2019-01-25 09:12:40,12787.01905647818,-896.0
C51582,1a516c64-e0c1-41ab-9975-71487d6bd5a6,24,-22.88562,-43.30967,-22.908381,-43.18932,2019-01-25 08:57:44,2019-01-25 09:13:10,12584.976460009257,-926.0
C51582,1a516c64-e0c1-41ab-9975-71487d6bd5a6,25,-22.88672,-43.306443,-22.908381,-43.18932,2019-01-25 08:57:44,2019-01-25 09:13:59,12236.64767962273,-975.0
C51582,1a516c64-e0c1-41ab-9975-71487d6bd5a6,26,-22.88646,-43.30281,-22.908381,-43.18932,2019-01-25 08:57:44,2019-01-25 09:14:53,11877.9249058845,-1029.0
C51582,1a516c64-e0c1-41ab-9975-71487d6bd5a6,27,-22.88548,-43.30031,-22.908381,-43.18932,2019-01-25 08:57:44,2019-01-25 09:15:34,11650.78242646017,-1070.0
C51582,1a516c64-e0c1-41ab-9975-71487d6bd5a6,28,-22.884601,-43.297845,-22.908381,-43.18932,2019-01-25 08:57:44,2019-01-25 09:16:13,11426.778712938216,-1109.0
C51582,1a516c64-e0c1-41ab-9975-71487d6bd5a6,29,-22.88341,-43.29648,-22.908381,-43.18932,2019-01-25 08:57:44,2019-01-25 09:16:40,11322.59161898615,-1136.0
C51582,1a516c64-e0c1-41ab-9975-71487d6bd5a6,30,-22.88182,-43.29431,-22.908381,-43.18932,2019-01-25 08:57:44,2019-01-25 09:17:21,11152.802617121537,-1177.0
C51582,1a516c64-e0c1-41ab-9975-71487d6bd5a6,31,-22.8842,-43.29133,-22.908381,-43.18932,2019-01-25 08:57:44,2019-01-25 09:18:25,10789.682824884416,-1241.0
C51582,1a516c64-e0c1-41ab-9975-71487d6bd5a6,32,-22.885668,-43.290084,-22.908381,-43.18932,2019-01-25 08:57:44,2019-01-25 09:18:59,10626.094671466846,-1275.0
C51582,1a516c64-e0c1-41ab-9975-71487d6bd5a6,33,-22.88744,-43.2864,-22.908381,-43.18932,2019-01-25 08:57:44,2019-01-25 09:19:54,10213.155713851147,-1330.0
C51582,1a516c64-e0c1-41ab-9975-71487d6bd5a6,34,-22.887738,-43.283511,-22.908381,-43.18932,2019-01-25 08:57:44,2019-01-25 09:20:30,9917.518929604312,-1366.0
C51582,1a516c64-e0c1-41ab-9975-71487d6bd5a6,35,-22.887155,-43.280679,-22.908381,-43.18932,2019-01-25 08:57:44,2019-01-25 09:21:16,9651.208465405385,-1412.0
C51582,1a516c64-e0c1-41ab-9975-71487d6bd5a6,36,-22.88591,-43.27898,-22.908381,-43.18932,2019-01-25 08:57:44,2019-01-25 09:21:49,9517.99741298367,-1445.0
C51582,1a516c64-e0c1-41ab-9975-71487d6bd5a6,37,-22.88441,-43.27719,-22.908381,-43.18932,2019-01-25 08:57:44,2019-01-25 09:22:24,9387.235320537447,-1480.0
C51582,1a516c64-e0c1-41ab-9975-71487d6bd5a6,38,-22.8822,-43.2754,-22.908381,-43.18932,2019-01-25 08:57:44,2019-01-25 09:23:07,9285.7281376114,-1523.0
C51582,1a516c64-e0c1-41ab-9975-71487d6bd5a6,39,-22.881083,-43.272751,-22.908381,-43.18932,2019-01-25 08:57:44,2019-01-25 09:23:51,9069.304415766754,-1567.0
C51582,1a516c64-e0c1-41ab-9975-71487d6bd5a6,40,-22.878863,-43.265859,-22.908381,-43.18932,2019-01-25 08:57:44,2019-01-25 09:25:37,8499.658675372637,-1673.0
C51582,1a516c64-e0c1-41ab-9975-71487d6bd5a6,41,-22.87833,-43.26397,-22.908381,-43.18932,2019-01-25 08:57:44,2019-01-25 09:26:09,8345.07056957181,-1705.0
C51582,1a516c64-e0c1-41ab-9975-71487d6bd5a6,42,-22.878337,-43.261822,-22.908381,-43.18932,2019-01-25 08:57:44,2019-01-25 09:26:40,8143.604396430071,-1736.0
C51582,1a516c64-e0c1-41ab-9975-71487d6bd5a6,43,-22.880394,-43.259223,-22.908381,-43.18932,2019-01-25 08:57:44,2019-01-25 09:27:35,7807.557789917982,-1791.0
C51582,1a516c64-e0c1-41ab-9975-71487d6bd5a6,44,-22.882581,-43.254845,-22.908381,-43.18932,2019-01-25 08:57:44,2019-01-25 09:28:47,7299.414253260729,-1863.0
C51582,1a516c64-e0c1-41ab-9975-71487d6bd5a6,45,-22.88517,-43.25266,-22.908381,-43.18932,2019-01-25 08:57:44,2019-01-25 09:29:38,6982.641022862037,-1914.0
C51582,1a516c64-e0c1-41ab-9975-71487d6bd5a6,46,-22.886927,-43.250822,-22.908381,-43.18932,2019-01-25 08:57:44,2019-01-25 09:30:16,6736.380233708831,-1952.0
C51582,1a516c64-e0c1-41ab-9975-71487d6bd5a6,47,-22.890046,-43.244457,-22.908381,-43.18932,2019-01-25 08:57:44,2019-01-25 09:32:16,6004.4934652590655,-2072.0
C51582,1a516c64-e0c1-41ab-9975-71487d6bd5a6,48,-22.890765,-43.242335,-22.908381,-43.18932,2019-01-25 08:57:44,2019-01-25 09:32:47,5772.887037549356,-2103.0
C51582,1a516c64-e0c1-41ab-9975-71487d6bd5a6,49,-22.891768,-43.240794,-22.908381,-43.18932,2019-01-25 08:57:44,2019-01-25 09:33:11,5586.77925303592,-2127.0
C51582,1a516c64-e0c1-41ab-9975-71487d6bd5a6,50,-22.89495,-43.24279,-22.908381,-43.18932,2019-01-25 08:57:44,2019-01-25 09:34:27,5676.895081382818,-2203.0
C51582,1a516c64-e0c1-41ab-9975-71487d6bd5a6,51,-22.897995,-43.241305,-22.908381,-43.18932,2019-01-25 08:57:44,2019-01-25 09:35:38,5448.556827355219,-2274.0
C51582,1a516c64-e0c1-41ab-9975-71487d6bd5a6,52,-22.90138,-43.241176,-22.908381,-43.18932,2019-01-25 08:57:44,2019-01-25 09:36:38,5368.223647849056,-2334.0
C51582,1a516c64-e0c1-41ab-9975-71487d6bd5a6,53,-22.90591,-43.23964,-22.908381,-43.18932,2019-01-25 08:57:44,2019-01-25 09:37:51,5161.382136832199,-2407.0
C51582,1a516c64-e0c1-41ab-9975-71487d6bd5a6,54,-22.907884,-43.236917,-22.908381,-43.18932,2019-01-25 08:57:44,2019-01-25 09:38:41,4875.435977229249,-2457.0
C51582,1a516c64-e0c1-41ab-9975-71487d6bd5a6,55,-22.908756,-43.234655,-22.908381,-43.18932,2019-01-25 08:57:44,2019-01-25 09:39:13,4643.609694359303,-2489.0
C51582,1a516c64-e0c1-41ab-9975-71487d6bd5a6,56,-22.908374,-43.231002,-22.908381,-43.18932,2019-01-25 08:57:44,2019-01-25 09:40:10,4269.271236582279,-2546.0
C51582,1a516c64-e0c1-41ab-9975-71487d6bd5a6,57,-22.90931,-43.22631,-22.908381,-43.18932,2019-01-25 08:57:44,2019-01-25 09:41:31,3790.0888554731932,-2627.0
C51582,1a516c64-e0c1-41ab-9975-71487d6bd5a6,58,-22.909238,-43.222916,-22.908381,-43.18932,2019-01-25 08:57:44,2019-01-25 09:42:21,3442.372395744287,-2677.0
C51582,1a516c64-e0c1-41ab-9975-71487d6bd5a6,59,-22.906357,-43.220639,-22.908381,-43.18932,2019-01-25 08:57:44,2019-01-25 09:43:18,3215.7518387106243,-2734.0
C51582,1a516c64-e0c1-41ab-9975-71487d6bd5a6,60,-22.904907,-43.218901,-22.908381,-43.18932,2019-01-25 08:57:44,2019-01-25 09:44:04,3054.392934315895,-2780.0
C51582,1a516c64-e0c1-41ab-9975-71487d6bd5a6,61,-22.90411,-43.21611,-22.908381,-43.18932,2019-01-25 08:57:44,2019-01-25 09:44:49,2784.7981261974237,-2825.0
C51582,1a516c64-e0c1-41ab-9975-71487d6bd5a6,62,-22.90341,-43.21449,-22.908381,-43.18932,2019-01-25 08:57:44,2019-01-25 09:45:15,2636.6698738869954,-2851.0
C51582,1a516c64-e0c1-41ab-9975-71487d6bd5a6,63,-22.902025,-43.210979,-22.908381,-43.18932,2019-01-25 08:57:44,2019-01-25 09:46:10,2328.329067781451,-2906.0
C51582,1a516c64-e0c1-41ab-9975-71487d6bd5a6,64,-22.908498,-43.209965,-22.908381,-43.18932,2019-01-25 08:57:44,2019-01-25 09:47:56,2114.599378297738,-3012.0
C51582,1a516c64-e0c1-41ab-9975-71487d6bd5a6,65,-22.91013,-43.205583,-22.908381,-43.18932,2019-01-25 08:57:44,2019-01-25 09:49:30,1677.0387196572497,-3106.0
C51582,1a516c64-e0c1-41ab-9975-71487d6bd5a6,66,-22.908619,-43.201048,-22.908381,-43.18932,2019-01-25 08:57:44,2019-01-25 09:50:39,1201.52863867987,-3175.0
C51582,1a516c64-e0c1-41ab-9975-71487d6bd5a6,67,-22.90623,-43.193405,-22.908381,-43.18932,2019-01-25 08:57:44,2019-01-25 09:52:36,481.94712823441387,-3292.0
C51582,1a516c64-e0c1-41ab-9975-71487d6bd5a6,68,-22.905052,-43.189782,-22.908381,-43.18932,2019-01-25 08:57:44,2019-01-25 09:53:31,373.1803110099202,-3347.0
C51582,1a516c64-e0c1-41ab-9975-71487d6bd5a6,69,-22.903332,-43.184461,-22.908381,-43.18932,2019-01-25 08:57:44,2019-01-25 09:54:52,750.2617914041075,-3428.0
C51582,1a516c64-e0c1-41ab-9975-71487d6bd5a6,70,-22.905593,-43.182786,-22.908381,-43.18932,2019-01-25 08:57:44,2019-01-25 09:55:45,737.5659175194518,-3481.0
C51582,1a516c64-e0c1-41ab-9975-71487d6bd5a6,71,-22.90723,-43.18272,-22.908381,-43.18932,2019-01-25 08:57:44,2019-01-25 09:56:21,688.015425874098,-3517.0
C51582,1a516c64-e0c1-41ab-9975-71487d6bd5a6,72,-22.90879,-43.18819,-22.908381,-43.18932,2019-01-25 08:57:44,2019-01-25 09:57:44,124.3544557409941,-3600.0
C51561,1a516c64-e0c1-41ab-9975-71487d6bd5a6,0,-22.901318,-43.347259,-22.90737,-43.23761,2019-01-25 08:57:27,2019-01-25 08:57:27,11251.255534105441,0.0
C51561,1a516c64-e0c1-41ab-9975-71487d6bd5a6,1,-22.90189,-43.34779,-22.90737,-43.23761,2019-01-25 08:57:27,2019-01-25 08:57:38,11301.916456207371,-11.0
C51561,1a516c64-e0c1-41ab-9975-71487d6bd5a6,2,-22.900466,-43.349828,-22.90737,-43.23761,2019-01-25 08:57:27,2019-01-25 08:58:18,11519.89374737641,-51.0
C51561,1a516c64-e0c1-41ab-9975-71487d6bd5a6,3,-22.89911,-43.35167,-22.90737,-43.23761,2019-01-25 08:57:27,2019-01-25 08:58:52,11719.064366232915,-85.0
C51561,1a516c64-e0c1-41ab-9975-71487d6bd5a6,4,-22.898012,-43.352228,-22.90737,-43.23761,2019-01-25 08:57:27,2019-01-25 08:59:19,11786.243035765783,-112.0
C51561,1a516c64-e0c1-41ab-9975-71487d6bd5a6,5,-22.89818,-43.350146,-22.90737,-43.23761,2019-01-25 08:57:27,2019-01-25 09:00:03,11572.162019414778,-156.0
C51561,1a516c64-e0c1-41ab-9975-71487d6bd5a6,6,-22.896967,-43.348397,-22.90737,-43.23761,2019-01-25 08:57:27,2019-01-25 09:00:39,11406.663084584494,-192.0
C51561,1a516c64-e0c1-41ab-9975-71487d6bd5a6,7,-22.8954,-43.34742,-22.90737,-43.23761,2019-01-25 08:57:27,2019-01-25 09:01:07,11326.326446271192,-220.0
C51561,1a516c64-e0c1-41ab-9975-71487d6bd5a6,8,-22.89369,-43.34688,-22.90737,-43.23761,2019-01-25 08:57:27,2019-01-25 09:01:35,11295.500832251633,-248.0
C51561,1a516c64-e0c1-41ab-9975-71487d6bd5a6,9,-22.890381,-43.34553,-22.90737,-43.23761,2019-01-25 08:57:27,2019-01-25 09:02:36,11214.71163159166,-309.0
C51561,1a516c64-e0c1-41ab-9975-71487d6bd5a6,10,-22.88842,-43.34439,-22.90737,-43.23761,2019-01-25 08:57:27,2019-01-25 09:03:11,11138.886871100754,-344.0
C51561,1a516c64-e0c1-41ab-9975-71487d6bd5a6,11,-22.88717,-43.34339,-22.90737,-43.23761,2019-01-25 08:57:27,2019-01-25 09:03:35,11065.74366009981,-368.0
C51561,1a516c64-e0c1-41ab-9975-71487d6bd5a6,12,-22.88579,-43.34209,-22.90737,-43.23761,2019-01-25 08:57:27,2019-01-25 09:04:04,10967.985861496405,-397.0
C51561,1a516c64-e0c1-41ab-9975-71487d6bd5a6,13,-22.88283,-43.34025,-22.90737,-43.23761,2019-01-25 08:57:27,2019-01-25 09:05:21,10862.240916176897,-474.0
C51561,1a516c64-e0c1-41ab-9975-71487d6bd5a6,14,-22.882534,-43.33687,-22.90737,-43.23761,2019-01-25 08:57:27,2019-01-25 09:06:10,10536.063218195053,-523.0
C51561,1a516c64-e0c1-41ab-9975-71487d6bd5a6,15,-22.882382,-43.333901,-22.90737,-43.23761,2019-01-25 08:57:27,2019-01-25 09:06:53,10247.452443927523,-566.0
C51561,1a516c64-e0c1-41ab-9975-71487d6bd5a6,16,-22.882138,-43.331007,-22.90737,-43.23761,2019-01-25 08:57:27,2019-01-25 09:07:41,9970.044427223245,-614.0
C51561,1a516c64-e0c1-41ab-9975-71487d6bd5a6,17,-22.88256,-43.32373,-22.90737,-43.23761,2019-01-25 08:57:27,2019-01-25 09:09:22,9242.998597328544,-715.0
C51561,1a516c64-e0c1-41ab-9975-71487d6bd5a6,18,-22.88284,-43.3224,-22.90737,-43.23761,2019-01-25 08:57:27,2019-01-25 09:09:42,9103.675291922147,-735.0
C51561,1a516c64-e0c1-41ab-9975-71487d6bd5a6,19,-22.8835,-43.32058,-22.90737,-43.23761,2019-01-25 08:57:27,2019-01-25 09:10:10,8903.811682573465,-763.0
C51561,1a516c64-e0c1-41ab-9975-71487d6bd5a6,20,-22.88445,-43.31751,-22.90737,-43.23761,2019-01-25 08:57:27,2019-01-25 09:10:57,8572.120917157106,-810.0
C51561,1a516c64-e0c1-41ab-9975-71487d6bd5a6,21,-22.884744,-43.316116,-22.90737,-43.23761,2019-01-25 08:57:27,2019-01-25 09:11:18,8426.064320223488,-831.0
C51561,1a516c64-e0c1-41ab-9975-71487d6bd5a6,22,-22.88498,-43.31429,-22.90737,-43.23761,2019-01-25 08:57:27,2019-01-25 09:11:44,8239.767632665435,-857.0
C51561,1a516c64-e0c1-41ab-9975-71487d6bd5a6,23,-22.885103,-43.311568,-22.90737,-43.23761,2019-01-25 08:57:27,2019-01-25 09:12:23,7970.156835429779,-896.0
C51561,1a516c64-e0c1-41ab-9975-71487d6bd5a6,24,-22.88562,-43.30967,-22.90737,-43.23761,2019-01-25 08:57:27,2019-01-25 09:12:53,7767.486403141831,-926.0
C51561,1a516c64-e0c1-41ab-9975-71487d6bd5a6,25,-22.88672,-43.306443,-22.90737,-43.23761,2019-01-25 08:57:27,2019-01-25 09:13:42,7415.264681756649,-975.0
C51561,1a516c64-e0c1-41ab-9975-71487d6bd5a6,26,-22.88646,-43.30281,-22.90737,-43.23761,2019-01-25 08:57:27,2019-01-25 09:14:36,7071.814135469156,-1029.0
C51561,1a516c64-e0c1-41ab-9975-71487d6bd5a6,27,-22.88548,-43.30031,-22.90737,-43.23761,2019-01-25 08:57:27,2019-01-25 09:15:17,6868.365732443972,-1070.0
C51561,1a516c64-e0c1-41ab-9975-71487d6bd5a6,28,-22.884601,-43.297845,-22.90737,-43.23761,2019-01-25 08:57:27,2019-01-25 09:15:56,6669.3634067898765,-1109.0
C51561,1a516c64-e0c1-41ab-9975-71487d6bd5a6,29,-22.88341,-43.29648,-22.90737,-43.23761,2019-01-25 08:57:27,2019-01-25 09:16:23,6592.644270261423,-1136.0
C51561,1a516c64-e0c1-41ab-9975-71487d6bd5a6,30,-22.88182,-43.29431,-22.90737,-43.23761,2019-01-25 08:57:27,2019-01-25 09:17:04,6465.6951425856005,-1177.0
C51561,1a516c64-e0c1-41ab-9975-71487d6bd5a6,31,-22.8842,-43.29133,-22.90737,-43.23761,2019-01-25 08:57:27,2019-01-25 09:18:08,6076.0403236448,-1241.0
C51561,1a516c64-e0c1-41ab-9975-71487d6bd5a6,32,-22.885668,-43.290084,-22.90737,-43.23761,2019-01-25 08:57:27,2019-01-25 09:18:42,5891.9528281956655,-1275.0
C51561,1a516c64-e0c1-41ab-9975-71487d6bd5a6,33,-22.88744,-43.2864,-22.90737,-43.23761,2019-01-25 08:57:27,2019-01-25 09:19:37,5467.017547476656,-1330.0
C51561,1a516c64-e0c1-41ab-9975-71487d6bd5a6,34,-22.887738,-43.283511,-22.90737,-43.23761,2019-01-25 08:57:27,2019-01-25 09:20:13,5183.830640825864,-1366.0
C51561,1a516c64-e0c1-41ab-9975-71487d6bd5a6,35,-22.887155,-43.280679,-22.90737,-43.23761,2019-01-25 08:57:27,2019-01-25 09:20:59,4951.332149947073,-1412.0
C51561,1a516c64-e0c1-41ab-9975-71487d6bd5a6,36,-22.88591,-43.27898,-22.90737,-43.23761,2019-01-25 08:57:27,2019-01-25 09:21:32,4863.342395658898,-1445.0
C51561,1a516c64-e0c1-41ab-9975-71487d6bd5a6,37,-22.88441,-43.27719,-22.90737,-43.23761,2019-01-25 08:57:27,2019-01-25 09:22:07,4791.213162445546,-1480.0
C51561,1a516c64-e0c1-41ab-9975-71487d6bd5a6,38,-22.8822,-43.2754,-22.90737,-43.23761,2019-01-25 08:57:27,2019-01-25 09:22:50,4776.814582975669,-1523.0
C51561,1a516c64-e0c1-41ab-9975-71487d6bd5a6,39,-22.881083,-43.272751,-22.90737,-43.23761,2019-01-25 08:57:27,2019-01-25 09:23:34,4636.977154902205,-1567.0
C51561,1a516c64-e0c1-41ab-9975-71487d6bd5a6,40,-22.878863,-43.265859,-22.90737,-43.23761,2019-01-25 08:57:27,2019-01-25 09:25:20,4292.025816956378,-1673.0
C51561,1a516c64-e0c1-41ab-9975-71487d6bd5a6,41,-22.87833,-43.26397,-22.90737,-43.23761,2019-01-25 08:57:27,2019-01-25 09:25:52,4209.313258737732,-1705.0
C51561,1a516c64-e0c1-41ab-9975-71487d6bd5a6,42,-22.878337,-43.261822,-22.90737,-43.23761,2019-01-25 08:57:27,2019-01-25 09:26:23,4071.047099153213,-1736.0
C51561,1a516c64-e0c1-41ab-9975-71487d6bd5a6,43,-22.880394,-43.259223,-22.90737,-43.23761,2019-01-25 08:57:27,2019-01-25 09:27:18,3728.1516551213026,-1791.0
C51561,1a516c64-e0c1-41ab-9975-71487d6bd5a6,44,-22.882581,-43.254845,-22.90737,-43.23761,2019-01-25 08:57:27,2019-01-25 09:28:30,3273.327427845641,-1863.0
C51561,1a516c64-e0c1-41ab-9975-71487d6bd5a6,45,-22.88517,-43.25266,-22.90737,-43.23761,2019-01-25 08:57:27,2019-01-25 09:29:21,2910.3700431099196,-1914.0
C51561,1a516c64-e0c1-41ab-9975-71487d6bd5a6,46,-22.886927,-43.250822,-22.90737,-43.23761,2019-01-25 08:57:27,2019-01-25 09:29:59,2645.524427010784,-1952.0
C51561,1a516c64-e0c1-41ab-9975-71487d6bd5a6,47,-22.890046,-43.244457,-22.90737,-43.23761,2019-01-25 08:57:27,2019-01-25 09:31:59,2050.045104692176,-2072.0
C51561,1a516c64-e0c1-41ab-9975-71487d6bd5a6,48,-22.890765,-43.242335,-22.90737,-43.23761,2019-01-25 08:57:27,2019-01-25 09:32:30,1908.7716738897,-2103.0
C51561,1a516c64-e0c1-41ab-9975-71487d6bd5a6,49,-22.891768,-43.240794,-22.90737,-43.23761,2019-01-25 08:57:27,2019-01-25 09:32:54,1765.2532259445593,-2127.0
C51561,1a516c64-e0c1-41ab-9975-71487d6bd5a6,50,-22.89495,-43.24279,-22.90737,-43.23761,2019-01-25 08:57:27,2019-01-25 09:34:10,1479.458911631,-2203.0
C51561,1a516c64-e0c1-41ab-9975-71487d6bd5a6,51,-22.897995,-43.241305,-22.90737,-43.23761,2019-01-25 08:57:27,2019-01-25 09:35:21,1109.0314944651068,-2274.0
C51561,1a516c64-e0c1-41ab-9975-71487d6bd5a6,52,-22.90138,-43.241176,-22.90737,-43.23761,2019-01-25 08:57:27,2019-01-25 09:36:21,759.635379495889,-2334.0
C51561,1a516c64-e0c1-41ab-9975-71487d6bd5a6,53,-22.90591,-43.23964,-22.90737,-43.23761,2019-01-25 08:57:27,2019-01-25 09:37:34,263.7964925261924,-2407.0
C51561,1a516c64-e0c1-41ab-9975-71487d6bd5a6,54,-22.907884,-43.236917,-22.90737,-43.23761,2019-01-25 08:57:27,2019-01-25 09:38:24,91.13108305592458,-2457.0
C51561,1a516c64-e0c1-41ab-9975-71487d6bd5a6,55,-22.908756,-43.234655,-22.90737,-43.23761,2019-01-25 08:57:27,2019-01-25 09:38:56,339.64469824120954,-2489.0
C51561,1a516c64-e0c1-41ab-9975-71487d6bd5a6,56,-22.908374,-43.231002,-22.90737,-43.23761,2019-01-25 08:57:27,2019-01-25 09:39:53,685.9711817464555,-2546.0
C51561,1a516c64-e0c1-41ab-9975-71487d6bd5a6,57,-22.90931,-43.22631,-22.90737,-43.23761,2019-01-25 08:57:27,2019-01-25 09:41:14,1177.3320675967566,-2627.0
C51561,1a516c64-e0c1-41ab-9975-71487d6bd5a6,58,-22.909238,-43.222916,-22.90737,-43.23761,2019-01-25 08:57:27,2019-01-25 09:42:04,1519.2968180467872,-2677.0
C51561,1a516c64-e0c1-41ab-9975-71487d6bd5a6,59,-22.906357,-43.220639,-22.90737,-43.23761,2019-01-25 08:57:27,2019-01-25 09:43:01,1741.916704877732,-2734.0
C51561,1a516c64-e0c1-41ab-9975-71487d6bd5a6,60,-22.904907,-43.218901,-22.90737,-43.23761,2019-01-25 08:57:27,2019-01-25 09:43:47,1935.7692731585785,-2780.0
C51561,1a516c64-e0c1-41ab-9975-71487d6bd5a6,61,-22.90411,-43.21611,-22.90737,-43.23761,2019-01-25 08:57:27,2019-01-25 09:44:32,2231.8117652001006,-2825.0
C51561,1a516c64-e0c1-41ab-9975-71487d6bd5a6,62,-22.90341,-43.21449,-22.90737,-43.23761,2019-01-25 08:57:27,2019-01-25 09:44:58,2408.7041579328757,-2851.0
C51561,1a516c64-e0c1-41ab-9975-71487d6bd5a6,63,-22.902025,-43.210979,-22.90737,-43.23761,2019-01-25 08:57:27,2019-01-25 09:45:53,2791.7472244985734,-2906.0
C51561,1a516c64-e0c1-41ab-9975-71487d6bd5a6,64,-22.908498,-43.209965,-22.90737,-43.23761,2019-01-25 08:57:27,2019-01-25 09:47:39,2834.3199515823912,-3012.0
C51561,1a516c64-e0c1-41ab-9975-71487d6bd5a6,65,-22.91013,-43.205583,-22.90737,-43.23761,2019-01-25 08:57:27,2019-01-25 09:49:13,3294.675430294407,-3106.0
C51561,1a516c64-e0c1-41ab-9975-71487d6bd5a6,66,-22.908619,-43.201048,-22.90737,-43.23761,2019-01-25 08:57:27,2019-01-25 09:50:22,3747.441109728233,-3175.0
C51561,1a516c64-e0c1-41ab-9975-71487d6bd5a6,67,-22.90623,-43.193405,-22.90737,-43.23761,2019-01-25 08:57:27,2019-01-25 09:52:19,4529.515771019648,-3292.0
C51561,1a516c64-e0c1-41ab-9975-71487d6bd5a6,68,-22.905052,-43.189782,-22.90737,-43.23761,2019-01-25 08:57:27,2019-01-25 09:53:14,4905.628333223968,-3347.0
C51561,1a516c64-e0c1-41ab-9975-71487d6bd5a6,69,-22.903332,-43.184461,-22.90737,-43.23761,2019-01-25 08:57:27,2019-01-25 09:54:35,5462.383296139686,-3428.0
C51561,1a516c64-e0c1-41ab-9975-71487d6bd5a6,70,-22.905593,-43.182786,-22.90737,-43.23761,2019-01-25 08:57:27,2019-01-25 09:55:28,5618.8919502401,-3481.0
C51561,1a516c64-e0c1-41ab-9975-71487d6bd5a6,71,-22.90723,-43.18272,-22.90737,-43.23761,2019-01-25 08:57:27,2019-01-25 09:56:04,5622.164347927129,-3517.0
C51561,1a516c64-e0c1-41ab-9975-71487d6bd5a6,72,-22.90879,-43.18819,-22.90737,-43.23761,2019-01-25 08:57:27,2019-01-25 09:57:27,5064.307568700867,-3600.0
C51564,1a516c64-e0c1-41ab-9975-71487d6bd5a6,0,-22.901318,-43.347259,-22.897829,-43.2369,2019-01-25 08:57:31,2019-01-25 08:57:31,11310.88923471891,0.0
C51564,1a516c64-e0c1-41ab-9975-71487d6bd5a6,1,-22.90189,-43.34779,-22.897829,-43.2369,2019-01-25 08:57:31,2019-01-25 08:57:42,11367.573427068437,-11.0
C51564,1a516c64-e0c1-41ab-9975-71487d6bd5a6,2,-22.900466,-43.349828,-22.897829,-43.2369,2019-01-25 08:57:31,2019-01-25 08:58:22,11571.132414887592,-51.0
C51564,1a516c64-e0c1-41ab-9975-71487d6bd5a6,3,-22.89911,-43.35167,-22.897829,-43.2369,2019-01-25 08:57:31,2019-01-25 08:58:56,11757.017593114635,-85.0
C51564,1a516c64-e0c1-41ab-9975-71487d6bd5a6,4,-22.898012,-43.352228,-22.897829,-43.2369,2019-01-25 08:57:31,2019-01-25 08:59:23,11813.377255222085,-112.0
C51564,1a516c64-e0c1-41ab-9975-71487d6bd5a6,5,-22.89818,-43.350146,-22.897829,-43.2369,2019-01-25 08:57:31,2019-01-25 09:00:07,11600.153310889587,-156.0
C51564,1a516c64-e0c1-41ab-9975-71487d6bd5a6,6,-22.896967,-43.348397,-22.897829,-43.2369,2019-01-25 08:57:31,2019-01-25 09:00:43,11421.386223241838,-192.0
C51564,1a516c64-e0c1-41ab-9975-71487d6bd5a6,7,-22.8954,-43.34742,-22.897829,-43.2369,2019-01-25 08:57:31,2019-01-25 09:01:11,11324.193701549637,-220.0
C51564,1a516c64-e0c1-41ab-9975-71487d6bd5a6,8,-22.89369,-43.34688,-22.897829,-43.2369,2019-01-25 08:57:31,2019-01-25 09:01:39,11275.126095383042,-248.0
C51564,1a516c64-e0c1-41ab-9975-71487d6bd5a6,9,-22.890381,-43.34553,-22.897829,-43.2369,2019-01-25 08:57:31,2019-01-25 09:02:40,11158.354848422448,-309.0
C51564,1a516c64-e0c1-41ab-9975-71487d6bd5a6,10,-22.88842,-43.34439,-22.897829,-43.2369,2019-01-25 08:57:31,2019-01-25 09:03:15,11060.475249773404,-344.0
C51564,1a516c64-e0c1-41ab-9975-71487d6bd5a6,11,-22.88717,-43.34339,-22.897829,-43.2369,2019-01-25 08:57:31,2019-01-25 09:03:39,10972.694851813696,-368.0
C51564,1a516c64-e0c1-41ab-9975-71487d6bd5a6,12,-22.88579,-43.34209,-22.897829,-43.2369,2019-01-25 08:57:31,2019-01-25 09:04:08,10858.218798537953,-397.0
C51564,1a516c64-e0c1-41ab-9975-71487d6bd5a6,13,-22.88283,-43.34025,-22.897829,-43.2369,2019-01-25 08:57:31,2019-01-25 09:05:25,10717.576418386732,-474.0
C51564,1a516c64-e0c1-41ab-9975-71487d6bd5a6,14,-22.882534,-43.33687,-22.897829,-43.2369,2019-01-25 08:57:31,2019-01-25 09:06:14,10381.044844272456,-523.0
C51564,1a516c64-e0c1-41ab-9975-71487d6bd5a6,15,-22.882382,-43.333901,-22.897829,-43.2369,2019-01-25 08:57:31,2019-01-25 09:06:57,10084.007901443427,-566.0
C51564,1a516c64-e0c1-41ab-9975-71487d6bd5a6,16,-22.882138,-43.331007,-22.897829,-43.2369,2019-01-25 08:57:31,2019-01-25 09:07:45,9796.817093587733,-614.0
C51564,1a516c64-e0c1-41ab-9975-71487d6bd5a6,17,-22.88256,-43.32373,-22.897829,-43.2369,2019-01-25 08:57:31,2019-01-25 09:09:26,9055.331266871968,-715.0
C51564,1a516c64-e0c1-41ab-9975-71487d6bd5a6,18,-22.88284,-43.3224,-22.897829,-43.2369,2019-01-25 08:57:31,2019-01-25 09:09:46,8915.659170656048,-735.0
C51564,1a516c64-e0c1-41ab-9975-71487d6bd5a6,19,-22.8835,-43.32058,-22.897829,-43.2369,2019-01-25 08:57:31,2019-01-25 09:10:14,8718.847609652656,-763.0
C51564,1a516c64-e0c1-41ab-9975-71487d6bd5a6,20,-22.88445,-43.31751,-22.897829,-43.2369,2019-01-25 08:57:31,2019-01-25 09:11:01,8390.453748895425,-810.0
C51564,1a516c64-e0c1-41ab-9975-71487d6bd5a6,21,-22.884744,-43.316116,-22.897829,-43.2369,2019-01-25 08:57:31,2019-01-25 09:11:22,8244.11577753671,-831.0
C51564,1a516c64-e0c1-41ab-9975-71487d6bd5a6,22,-22.88498,-43.31429,-22.897829,-43.2369,2019-01-25 08:57:31,2019-01-25 09:11:48,8055.36570393919,-857.0
C51564,1a516c64-e0c1-41ab-9975-71487d6bd5a6,23,-22.885103,-43.311568,-22.897829,-43.2369,2019-01-25 08:57:31,2019-01-25 09:12:27,7778.6054460035275,-896.0
C51564,1a516c64-e0c1-41ab-9975-71487d6bd5a6,24,-22.88562,-43.30967,-22.897829,-43.2369,2019-01-25 08:57:31,2019-01-25 09:12:57,7576.980688337601,-926.0
C51564,1a516c64-e0c1-41ab-9975-71487d6bd5a6,25,-22.88672,-43.306443,-22.897829,-43.2369,2019-01-25 08:57:31,2019-01-25 09:13:46,7230.079025491054,-975.0
C51564,1a516c64-e0c1-41ab-9975-71487d6bd5a6,26,-22.88646,-43.30281,-22.897829,-43.2369,2019-01-25 08:57:31,2019-01-25 09:14:40,6868.960119931338,-1029.0
C51564,1a516c64-e0c1-41ab-9975-71487d6bd5a6,27,-22.88548,-43.30031,-22.897829,-43.2369,2019-01-25 08:57:31,2019-01-25 09:15:21,6639.111996105597,-1070.0
C51564,1a516c64-e0c1-41ab-9975-71487d6bd5a6,28,-22.884601,-43.297845,-22.897829,-43.2369,2019-01-25 08:57:31,2019-01-25 09:16:00,6414.002883277181,-1109.0
C51564,1a516c64-e0c1-41ab-9975-71487d6bd5a6,29,-22.88341,-43.29648,-22.897829,-43.2369,2019-01-25 08:57:31,2019-01-25 09:16:27,6310.351168539421,-1136.0
C51564,1a516c64-e0c1-41ab-9975-71487d6bd5a6,30,-22.88182,-43.29431,-22.897829,-43.2369,2019-01-25 08:57:31,2019-01-25 09:17:08,6144.5210605792645,-1177.0
C51564,1a516c64-e0c1-41ab-9975-71487d6bd5a6,31,-22.8842,-43.29133,-22.897829,-43.2369,2019-01-25 08:57:31,2019-01-25 09:18:12,5777.980310259291,-1241.0
C51564,1a516c64-e0c1-41ab-9975-71487d6bd5a6,32,-22.885668,-43.290084,-22.897829,-43.2369,2019-01-25 08:57:31,2019-01-25 09:18:46,5613.339449209101,-1275.0
C51564,1a516c64-e0c1-41ab-9975-71487d6bd5a6,33,-22.88744,-43.2864,-22.897829,-43.2369,2019-01-25 08:57:31,2019-01-25 09:19:41,5200.543421719425,-1330.0
C51564,1a516c64-e0c1-41ab-9975-71487d6bd5a6,34,-22.887738,-43.283511,-22.897829,-43.2369,2019-01-25 08:57:31,2019-01-25 09:20:17,4904.745577107859,-1366.0
C51564,1a516c64-e0c1-41ab-9975-71487d6bd5a6,35,-22.887155,-43.280679,-22.897829,-43.2369,2019-01-25 08:57:31,2019-01-25 09:21:03,4638.985597829418,-1412.0
C51564,1a516c64-e0c1-41ab-9975-71487d6bd5a6,36,-22.88591,-43.27898,-22.897829,-43.2369,2019-01-25 08:57:31,2019-01-25 09:21:36,4509.705134301413,-1445.0
C51564,1a516c64-e0c1-41ab-9975-71487d6bd5a6,37,-22.88441,-43.27719,-22.897829,-43.2369,2019-01-25 08:57:31,2019-01-25 09:22:11,4388.665916463157,-1480.0
C51564,1a516c64-e0c1-41ab-9975-71487d6bd5a6,38,-22.8822,-43.2754,-22.897829,-43.2369,2019-01-25 08:57:31,2019-01-25 09:22:54,4309.807307831401,-1523.0
C51564,1a516c64-e0c1-41ab-9975-71487d6bd5a6,39,-22.881083,-43.272751,-22.897829,-43.2369,2019-01-25 08:57:31,2019-01-25 09:23:38,4117.631268168803,-1567.0
C51564,1a516c64-e0c1-41ab-9975-71487d6bd5a6,40,-22.878863,-43.265859,-22.897829,-43.2369,2019-01-25 08:57:31,2019-01-25 09:25:24,3639.783519444918,-1673.0
C51564,1a516c64-e0c1-41ab-9975-71487d6bd5a6,41,-22.87833,-43.26397,-22.897829,-43.2369,2019-01-25 08:57:31,2019-01-25 09:25:56,3520.068107367627,-1705.0
C51564,1a516c64-e0c1-41ab-9975-71487d6bd5a6,42,-22.878337,-43.261822,-22.897829,-43.2369,2019-01-25 08:57:31,2019-01-25 09:26:27,3348.9623606571795,-1736.0
C51564,1a516c64-e0c1-41ab-9975-71487d6bd5a6,43,-22.880394,-43.259223,-22.897829,-43.2369,2019-01-25 08:57:31,2019-01-25 09:27:22,2997.9555326090913,-1791.0
C51564,1a516c64-e0c1-41ab-9975-71487d6bd5a6,44,-22.882581,-43.254845,-22.897829,-43.2369,2019-01-25 08:57:31,2019-01-25 09:28:34,2500.783743521797,-1863.0
C51564,1a516c64-e0c1-41ab-9975-71487d6bd5a6,45,-22.88517,-43.25266,-22.897829,-43.2369,2019-01-25 08:57:31,2019-01-25 09:29:25,2141.8971376385293,-1914.0
C51564,1a516c64-e0c1-41ab-9975-71487d6bd5a6,46,-22.886927,-43.250822,-22.897829,-43.2369,2019-01-25 08:57:31,2019-01-25 09:30:03,1871.7317650697748,-1952.0
C51564,1a516c64-e0c1-41ab-9975-71487d6bd5a6,47,-22.890046,-43.244457,-22.897829,-43.2369,2019-01-25 08:57:31,2019-01-25 09:32:03,1161.1246852982522,-2072.0
C51564,1a516c64-e0c1-41ab-9975-71487d6bd5a6,48,-22.890765,-43.242335,-22.897829,-43.2369,2019-01-25 08:57:31,2019-01-25 09:32:34,962.7751869323396,-2103.0
C51564,1a516c64-e0c1-41ab-9975-71487d6bd5a6,49,-22.891768,-43.240794,-22.897829,-43.2369,2019-01-25 08:57:31,2019-01-25 09:32:58,783.1467861386338,-2127.0
C51564,1a516c64-e0c1-41ab-9975-71487d6bd5a6,50,-22.89495,-43.24279,-22.897829,-43.2369,2019-01-25 08:57:31,2019-01-25 09:34:14,683.0058998993296,-2203.0
C51564,1a516c64-e0c1-41ab-9975-71487d6bd5a6,51,-22.897995,-43.241305,-22.897829,-43.2369,2019-01-25 08:57:31,2019-01-25 09:35:25,451.593522701003,-2274.0
C51564,1a516c64-e0c1-41ab-9975-71487d6bd5a6,52,-22.90138,-43.241176,-22.897829,-43.2369,2019-01-25 08:57:31,2019-01-25 09:36:25,589.7035486753363,-2334.0
C51564,1a516c64-e0c1-41ab-9975-71487d6bd5a6,53,-22.90591,-43.23964,-22.897829,-43.2369,2019-01-25 08:57:31,2019-01-25 09:37:38,941.376562377433,-2407.0
C51564,1a516c64-e0c1-41ab-9975-71487d6bd5a6,54,-22.907884,-43.236917,-22.897829,-43.2369,2019-01-25 08:57:31,2019-01-25 09:38:28,1118.0663433692448,-2457.0
C51564,1a516c64-e0c1-41ab-9975-71487d6bd5a6,55,-22.908756,-43.234655,-22.897829,-43.2369,2019-01-25 08:57:31,2019-01-25 09:39:00,1236.595567680612,-2489.0
C51564,1a516c64-e0c1-41ab-9975-71487d6bd5a6,56,-22.908374,-43.231002,-22.897829,-43.2369,2019-01-25 08:57:31,2019-01-25 09:39:57,1319.0306201316164,-2546.0
C51564,1a516c64-e0c1-41ab-9975-71487d6bd5a6,57,-22.90931,-43.22631,-22.897829,-43.2369,2019-01-25 08:57:31,2019-01-25 09:41:18,1675.2292425727887,-2627.0
C51564,1a516c64-e0c1-41ab-9975-71487d6bd5a6,58,-22.909238,-43.222916,-22.897829,-43.2369,2019-01-25 08:57:31,2019-01-25 09:42:08,1913.389316366524,-2677.0
C51564,1a516c64-e0c1-41ab-9975-71487d6bd5a6,59,-22.906357,-43.220639,-22.897829,-43.2369,2019-01-25 08:57:31,2019-01-25 09:43:05,1916.6282123731637,-2734.0
C51564,1a516c64-e0c1-41ab-9975-71487d6bd5a6,60,-22.904907,-43.218901,-22.897829,-43.2369,2019-01-25 08:57:31,2019-01-25 09:43:51,2004.6034864337435,-2780.0
C51564,1a516c64-e0c1-41ab-9975-71487d6bd5a6,61,-22.90411,-43.21611,-22.897829,-43.2369,2019-01-25 08:57:31,2019-01-25 09:44:36,2241.132425404685,-2825.0
C51564,1a516c64-e0c1-41ab-9975-71487d6bd5a6,62,-22.90341,-43.21449,-22.897829,-43.2369,2019-01-25 08:57:31,2019-01-25 09:45:02,2377.878736545113,-2851.0
C51564,1a516c64-e0c1-41ab-9975-71487d6bd5a6,63,-22.902025,-43.210979,-22.897829,-43.2369,2019-01-25 08:57:31,2019-01-25 09:45:57,2695.8020400689834,-2906.0
C51564,1a516c64-e0c1-41ab-9975-71487d6bd5a6,64,-22.908498,-43.209965,-22.897829,-43.2369,2019-01-25 08:57:31,2019-01-25 09:47:43,3003.170105652613,-3012.0
C51564,1a516c64-e0c1-41ab-9975-71487d6bd5a6,65,-22.91013,-43.205583,-22.897829,-43.2369,2019-01-25 08:57:31,2019-01-25 09:49:17,3487.1922144664604,-3106.0
C51564,1a516c64-e0c1-41ab-9975-71487d6bd5a6,66,-22.908619,-43.201048,-22.897829,-43.2369,2019-01-25 08:57:31,2019-01-25 09:50:26,3863.3017676989125,-3175.0
C51564,1a516c64-e0c1-41ab-9975-71487d6bd5a6,67,-22.90623,-43.193405,-22.897829,-43.2369,2019-01-25 08:57:31,2019-01-25 09:52:23,4552.057326012588,-3292.0
C51564,1a516c64-e0c1-41ab-9975-71487d6bd5a6,68,-22.905052,-43.189782,-22.897829,-43.2369,2019-01-25 08:57:31,2019-01-25 09:53:18,4892.671340128486,-3347.0
C51564,1a516c64-e0c1-41ab-9975-71487d6bd5a6,69,-22.903332,-43.184461,-22.897829,-43.2369,2019-01-25 08:57:31,2019-01-25 09:54:39,5406.105508086871,-3428.0
C51564,1a516c64-e0c1-41ab-9975-71487d6bd5a6,70,-22.905593,-43.182786,-22.897829,-43.2369,2019-01-25 08:57:31,2019-01-25 09:55:32,5609.717888342429,-3481.0
C51564,1a516c64-e0c1-41ab-9975-71487d6bd5a6,71,-22.90723,-43.18272,-22.897829,-43.2369,2019-01-25 08:57:31,2019-01-25 09:56:08,5647.209821576018,-3517.0
C51564,1a516c64-e0c1-41ab-9975-71487d6bd5a6,72,-22.90879,-43.18819,-22.897829,-43.2369,2019-01-25 08:57:31,2019-01-25 09:57:31,5136.009995733459,-3600.0
C51567,1a516c64-e0c1-41ab-9975-71487d6bd5a6,0,-22.901318,-43.347259,-22.90465,-43.219391,2019-01-25 08:57:32,2019-01-25 08:57:32,13102.616258575485,0.0
C51567,1a516c64-e0c1-41ab-9975-71487d6bd5a6,1,-22.90189,-43.34779,-22.90465,-43.219391,2019-01-25 08:57:32,2019-01-25 08:57:43,13155.319163710074,-11.0
C51567,1a516c64-e0c1-41ab-9975-71487d6bd5a6,2,-22.900466,-43.349828,-22.90465,-43.219391,2019-01-25 08:57:32,2019-01-25 08:58:23,13368.656451856908,-51.0
C51567,1a516c64-e0c1-41ab-9975-71487d6bd5a6,3,-22.89911,-43.35167,-22.90465,-43.219391,2019-01-25 08:57:32,2019-01-25 08:58:57,13563.297435449982,-85.0
C51567,1a516c64-e0c1-41ab-9975-71487d6bd5a6,4,-22.898012,-43.352228,-22.90465,-43.219391,2019-01-25 08:57:32,2019-01-25 08:59:24,13626.517282613313,-112.0
C51567,1a516c64-e0c1-41ab-9975-71487d6bd5a6,5,-22.89818,-43.350146,-22.90465,-43.219391,2019-01-25 08:57:32,2019-01-25 09:00:08,13412.552559635813,-156.0
C51567,1a516c64-e0c1-41ab-9975-71487d6bd5a6,6,-22.896967,-43.348397,-22.90465,-43.219391,2019-01-25 08:57:32,2019-01-25 09:00:44,13241.740204701095,-192.0
C51567,1a516c64-e0c1-41ab-9975-71487d6bd5a6,7,-22.8954,-43.34742,-22.90465,-43.219391,2019-01-25 08:57:32,2019-01-25 09:01:12,13154.42729217062,-220.0
C51567,1a516c64-e0c1-41ab-9975-71487d6bd5a6,8,-22.89369,-43.34688,-22.90465,-43.219391,2019-01-25 08:57:32,2019-01-25 09:01:40,13115.666389216536,-248.0
C51567,1a516c64-e0c1-41ab-9975-71487d6bd5a6,9,-22.890381,-43.34553,-22.90465,-43.219391,2019-01-25 08:57:32,2019-01-25 09:02:41,13017.85138653435,-309.0
C51567,1a516c64-e0c1-41ab-9975-71487d6bd5a6,10,-22.88842,-43.34439,-22.90465,-43.219391,2019-01-25 08:57:32,2019-01-25 09:03:16,12930.67417712091,-344.0
C51567,1a516c64-e0c1-41ab-9975-71487d6bd5a6,11,-22.88717,-43.34339,-22.90465,-43.219391,2019-01-25 08:57:32,2019-01-25 09:03:40,12849.59794386382,-368.0
C51567,1a516c64-e0c1-41ab-9975-71487d6bd5a6,12,-22.88579,-43.34209,-22.90465,-43.219391,2019-01-25 08:57:32,2019-01-25 09:04:09,12742.398716631304,-397.0
C51567,1a516c64-e0c1-41ab-9975-71487d6bd5a6,13,-22.88283,-43.34025,-22.90465,-43.219391,2019-01-25 08:57:32,2019-01-25 09:05:26,12615.805209000067,-474.0
C51567,1a516c64-e0c1-41ab-9975-71487d6bd5a6,14,-22.882534,-43.33687,-22.90465,-43.219391,2019-01-25 08:57:32,2019-01-25 09:06:15,12282.77629041199,-523.0
C51567,1a516c64-e0c1-41ab-9975-71487d6bd5a6,15,-22.882382,-43.333901,-22.90465,-43.219391,2019-01-25 08:57:32,2019-01-25 09:06:58,11988.442479770853,-566.0
C51567,1a516c64-e0c1-41ab-9975-71487d6bd5a6,16,-22.882138,-43.331007,-22.90465,-43.219391,2019-01-25 08:57:32,2019-01-25 09:07:46,11704.32750743208,-614.0
C51567,1a516c64-e0c1-41ab-9975-71487d6bd5a6,17,-22.88256,-43.32373,-22.90465,-43.219391,2019-01-25 08:57:32,2019-01-25 09:09:27,10966.683964350083,-715.0
C51567,1a516c64-e0c1-41ab-9975-71487d6bd5a6,18,-22.88284,-43.3224,-22.90465,-43.219391,2019-01-25 08:57:32,2019-01-25 09:09:47,10826.921344611786,-735.0
C51567,1a516c64-e0c1-41ab-9975-71487d6bd5a6,19,-22.8835,-43.32058,-22.90465,-43.219391,2019-01-25 08:57:32,2019-01-25 09:10:15,10628.803739732139,-763.0
C51567,1a516c64-e0c1-41ab-9975-71487d6bd5a6,20,-22.88445,-43.31751,-22.90465,-43.219391,2019-01-25 08:57:32,2019-01-25 09:11:02,10298.76773832745,-810.0
C51567,1a516c64-e0c1-41ab-9975-71487d6bd5a6,21,-22.884744,-43.316116,-22.90465,-43.219391,2019-01-25 08:57:32,2019-01-25 09:11:23,10152.27015736494,-831.0
C51567,1a516c64-e0c1-41ab-9975-71487d6bd5a6,22,-22.88498,-43.31429,-22.90465,-43.219391,2019-01-25 08:57:32,2019-01-25 09:11:49,9964.00521835168,-857.0
C51567,1a516c64-e0c1-41ab-9975-71487d6bd5a6,23,-22.885103,-43.311568,-22.90465,-43.219391,2019-01-25 08:57:32,2019-01-25 09:12:28,9689.089394741888,-896.0
C51567,1a516c64-e0c1-41ab-9975-71487d6bd5a6,24,-22.88562,-43.30967,-22.90465,-43.219391,2019-01-25 08:57:32,2019-01-25 09:12:58,9486.717674054109,-926.0
C51567,1a516c64-e0c1-41ab-9975-71487d6bd5a6,25,-22.88672,-43.306443,-22.90465,-43.219391,2019-01-25 08:57:32,2019-01-25 09:13:47,9137.283915843047,-975.0
C51567,1a516c64-e0c1-41ab-9975-71487d6bd5a6,26,-22.88646,-43.30281,-22.90465,-43.219391,2019-01-25 08:57:32,2019-01-25 09:14:41,8781.104509041013,-1029.0
C51567,1a516c64-e0c1-41ab-9975-71487d6bd5a6,27,-22.88548,-43.30031,-22.90465,-43.219391,2019-01-25 08:57:32,2019-01-25 09:15:22,8558.624861466691,-1070.0
C51567,1a516c64-e0c1-41ab-9975-71487d6bd5a6,28,-22.884601,-43.297845,-22.90465,-43.219391,2019-01-25 08:57:32,2019-01-25 09:16:01,8339.936199448108,-1109.0
C51567,1a516c64-e0c1-41ab-9975-71487d6bd5a6,29,-22.88341,-43.29648,-22.90465,-43.219391,2019-01-25 08:57:32,2019-01-25 09:16:28,8242.28567322007,-1136.0
C51567,1a516c64-e0c1-41ab-9975-71487d6bd5a6,30,-22.88182,-43.29431,-22.90465,-43.219391,2019-01-25 08:57:32,2019-01-25 09:17:09,8083.386221241091,-1177.0
C51567,1a516c64-e0c1-41ab-9975-71487d6bd5a6,31,-22.8842,-43.29133,-22.90465,-43.219391,2019-01-25 08:57:32,2019-01-25 09:18:13,7711.962972055024,-1241.0
C51567,1a516c64-e0c1-41ab-9975-71487d6bd5a6,32,-22.885668,-43.290084,-22.90465,-43.219391,2019-01-25 08:57:32,2019-01-25 09:18:47,7542.762907817203,-1275.0
C51567,1a516c64-e0c1-41ab-9975-71487d6bd5a6,33,-22.88744,-43.2864,-22.90465,-43.219391,2019-01-25 08:57:32,2019-01-25 09:19:42,7125.778943994728,-1330.0
C51567,1a516c64-e0c1-41ab-9975-71487d6bd5a6,34,-22.887738,-43.283511,-22.90465,-43.219391,2019-01-25 08:57:32,2019-01-25 09:20:18,6831.977734648577,-1366.0
C51567,1a516c64-e0c1-41ab-9975-71487d6bd5a6,35,-22.887155,-43.280679,-22.90465,-43.219391,2019-01-25 08:57:32,2019-01-25 09:21:04,6572.484985375444,-1412.0
C51567,1a516c64-e0c1-41ab-9975-71487d6bd5a6,36,-22.88591,-43.27898,-22.90465,-43.219391,2019-01-25 08:57:32,2019-01-25 09:21:37,6449.867108403351,-1445.0
C51567,1a516c64-e0c1-41ab-9975-71487d6bd5a6,37,-22.88441,-43.27719,-22.90465,-43.219391,2019-01-25 08:57:32,2019-01-25 09:22:12,6333.980222335591,-1480.0
C51567,1a516c64-e0c1-41ab-9975-71487d6bd5a6,38,-22.8822,-43.2754,-22.90465,-43.219391,2019-01-25 08:57:32,2019-01-25 09:22:55,6256.896913183329,-1523.0
C51567,1a516c64-e0c1-41ab-9975-71487d6bd5a6,39,-22.881083,-43.272751,-22.90465,-43.219391,2019-01-25 08:57:32,2019-01-25 09:23:39,6061.722656796094,-1567.0
C51567,1a516c64-e0c1-41ab-9975-71487d6bd5a6,40,-22.878863,-43.265859,-22.90465,-43.219391,2019-01-25 08:57:32,2019-01-25 09:25:25,5556.982568864673,-1673.0
C51567,1a516c64-e0c1-41ab-9975-71487d6bd5a6,41,-22.87833,-43.26397,-22.90465,-43.219391,2019-01-25 08:57:32,2019-01-25 09:25:57,5423.909344783318,-1705.0
C51567,1a516c64-e0c1-41ab-9975-71487d6bd5a6,42,-22.878337,-43.261822,-22.90465,-43.219391,2019-01-25 08:57:32,2019-01-25 09:26:28,5239.564475472766,-1736.0
C51567,1a516c64-e0c1-41ab-9975-71487d6bd5a6,43,-22.880394,-43.259223,-22.90465,-43.219391,2019-01-25 08:57:32,2019-01-25 09:27:23,4891.127252214926,-1791.0
C51567,1a516c64-e0c1-41ab-9975-71487d6bd5a6,44,-22.882581,-43.254845,-22.90465,-43.219391,2019-01-25 08:57:32,2019-01-25 09:28:35,4383.108278057639,-1863.0
C51567,1a516c64-e0c1-41ab-9975-71487d6bd5a6,45,-22.88517,-43.25266,-22.90465,-43.219391,2019-01-25 08:57:32,2019-01-25 09:29:26,4038.0363823899775,-1914.0
C51567,1a516c64-e0c1-41ab-9975-71487d6bd5a6,46,-22.886927,-43.250822,-22.90465,-43.219391,2019-01-25 08:57:32,2019-01-25 09:30:04,3774.8639663851186,-1952.0
C51567,1a516c64-e0c1-41ab-9975-71487d6bd5a6,47,-22.890046,-43.244457,-22.90465,-43.219391,2019-01-25 08:57:32,2019-01-25 09:32:04,3038.015056791911,-2072.0
C51567,1a516c64-e0c1-41ab-9975-71487d6bd5a6,48,-22.890765,-43.242335,-22.90465,-43.219391,2019-01-25 08:57:32,2019-01-25 09:32:35,2811.9902124528653,-2103.0
C51567,1a516c64-e0c1-41ab-9975-71487d6bd5a6,49,-22.891768,-43.240794,-22.90465,-43.219391,2019-01-25 08:57:32,2019-01-25 09:32:59,2618.828241700528,-2127.0
C51567,1a516c64-e0c1-41ab-9975-71487d6bd5a6,50,-22.89495,-43.24279,-22.90465,-43.219391,2019-01-25 08:57:32,2019-01-25 09:34:15,2628.2997743306396,-2203.0
C51567,1a516c64-e0c1-41ab-9975-71487d6bd5a6,51,-22.897995,-43.241305,-22.90465,-43.219391,2019-01-25 08:57:32,2019-01-25 09:35:26,2363.488046041988,-2274.0
C51567,1a516c64-e0c1-41ab-9975-71487d6bd5a6,52,-22.90138,-43.241176,-22.90465,-43.219391,2019-01-25 08:57:32,2019-01-25 09:36:26,2260.8435778000685,-2334.0
C51567,1a516c64-e0c1-41ab-9975-71487d6bd5a6,53,-22.90591,-43.23964,-22.90465,-43.219391,2019-01-25 08:57:32,2019-01-25 09:37:39,2078.7742820138255,-2407.0
C51567,1a516c64-e0c1-41ab-9975-71487d6bd5a6,54,-22.907884,-43.236917,-22.90465,-43.219391,2019-01-25 08:57:32,2019-01-25 09:38:29,1830.7894571660695,-2457.0
C51567,1a516c64-e0c1-41ab-9975-71487d6bd5a6,55,-22.908756,-43.234655,-22.90465,-43.219391,2019-01-25 08:57:32,2019-01-25 09:39:01,1628.7331038657053,-2489.0
C51567,1a516c64-e0c1-41ab-9975-71487d6bd5a6,56,-22.908374,-43.231002,-22.90465,-43.219391,2019-01-25 08:57:32,2019-01-25 09:39:58,1259.299696294384,-2546.0
C51567,1a516c64-e0c1-41ab-9975-71487d6bd5a6,57,-22.90931,-43.22631,-22.90465,-43.219391,2019-01-25 08:57:32,2019-01-25 09:41:19,877.9136164327844,-2627.0
C51567,1a516c64-e0c1-41ab-9975-71487d6bd5a6,58,-22.909238,-43.222916,-22.90465,-43.219391,2019-01-25 08:57:32,2019-01-25 09:42:09,624.9989061746384,-2677.0
C51567,1a516c64-e0c1-41ab-9975-71487d6bd5a6,59,-22.906357,-43.220639,-22.90465,-43.219391,2019-01-25 08:57:32,2019-01-25 09:43:06,228.84046804907717,-2734.0
C51567,1a516c64-e0c1-41ab-9975-71487d6bd5a6,60,-22.904907,-43.218901,-22.90465,-43.219391,2019-01-25 08:57:32,2019-01-25 09:43:52,57.754961065138886,-2780.0
C51567,1a516c64-e0c1-41ab-9975-71487d6bd5a6,61,-22.90411,-43.21611,-22.90465,-43.219391,2019-01-25 08:57:32,2019-01-25 09:44:37,341.3877667062926,-2825.0
C51567,1a516c64-e0c1-41ab-9975-71487d6bd5a6,62,-22.90341,-43.21449,-22.90465,-43.219391,2019-01-25 08:57:32,2019-01-25 09:45:03,520.5914752248561,-2851.0
C51567,1a516c64-e0c1-41ab-9975-71487d6bd5a6,63,-22.902025,-43.210979,-22.90465,-43.219391,2019-01-25 08:57:32,2019-01-25 09:45:58,909.727081361353,-2906.0
C51567,1a516c64-e0c1-41ab-9975-71487d6bd5a6,64,-22.908498,-43.209965,-22.90465,-43.219391,2019-01-25 08:57:32,2019-01-25 09:47:44,1056.0351993739832,-3012.0
C51567,1a516c64-e0c1-41ab-9975-71487d6bd5a6,65,-22.91013,-43.205583,-22.90465,-43.219391,2019-01-25 08:57:32,2019-01-25 09:49:18,1539.9764723764908,-3106.0
C51567,1a516c64-e0c1-41ab-9975-71487d6bd5a6,66,-22.908619,-43.201048,-22.90465,-43.219391,2019-01-25 08:57:32,2019-01-25 09:50:27,1929.9413310584291,-3175.0
C51567,1a516c64-e0c1-41ab-9975-71487d6bd5a6,67,-22.90623,-43.193405,-22.90465,-43.219391,2019-01-25 08:57:32,2019-01-25 09:52:24,2667.460917038296,-3292.0
C51567,1a516c64-e0c1-41ab-9975-71487d6bd5a6,68,-22.905052,-43.189782,-22.90465,-43.219391,2019-01-25 08:57:32,2019-01-25 09:53:19,3033.1046494060142,-3347.0
C51567,1a516c64-e0c1-41ab-9975-71487d6bd5a6,69,-22.903332,-43.184461,-22.90465,-43.219391,2019-01-25 08:57:32,2019-01-25 09:54:40,3580.8148952235633,-3428.0
C51567,1a516c64-e0c1-41ab-9975-71487d6bd5a6,70,-22.905593,-43.182786,-22.90465,-43.219391,2019-01-25 08:57:32,2019-01-25 09:55:33,3750.816372245314,-3481.0
C51567,1a516c64-e0c1-41ab-9975-71487d6bd5a6,71,-22.90723,-43.18272,-22.90465,-43.219391,2019-01-25 08:57:32,2019-01-25 09:56:09,3767.027795141698,-3517.0
C51567,1a516c64-e0c1-41ab-9975-71487d6bd5a6,72,-22.90879,-43.18819,-22.90465,-43.219391,2019-01-25 08:57:32,2019-01-25 09:57:32,3228.7814713749026,-3600.0
C51635,1a516c64-e0c1-41ab-9975-71487d6bd5a6,0,-22.901318,-43.347259,-22.886049,-43.30238,2019-01-25 08:57:38,2019-01-25 08:57:38,4900.723267200746,0.0
C51635,1a516c64-e0c1-41ab-9975-71487d6bd5a6,1,-22.90189,-43.34779,-22.886049,-43.30238,2019-01-25 08:57:38,2019-01-25 08:57:49,4973.941648469467,-11.0
C51635,1a516c64-e0c1-41ab-9975-71487d6bd5a6,2,-22.900466,-43.349828,-22.886049,-43.30238,2019-01-25 08:57:38,2019-01-25 08:58:29,5117.9443882901705,-51.0
C51635,1a516c64-e0c1-41ab-9975-71487d6bd5a6,3,-22.89911,-43.35167,-22.886049,-43.30238,2019-01-25 08:57:38,2019-01-25 08:59:03,5253.827935228679,-85.0
C51635,1a516c64-e0c1-41ab-9975-71487d6bd5a6,4,-22.898012,-43.352228,-22.886049,-43.30238,2019-01-25 08:57:38,2019-01-25 08:59:30,5276.710242712585,-112.0
C51635,1a516c64-e0c1-41ab-9975-71487d6bd5a6,5,-22.89818,-43.350146,-22.886049,-43.30238,2019-01-25 08:57:38,2019-01-25 09:00:14,5075.539077903724,-156.0
C51635,1a516c64-e0c1-41ab-9975-71487d6bd5a6,6,-22.896967,-43.348397,-22.886049,-43.30238,2019-01-25 08:57:38,2019-01-25 09:00:50,4867.691465475743,-192.0
C51635,1a516c64-e0c1-41ab-9975-71487d6bd5a6,7,-22.8954,-43.34742,-22.886049,-43.30238,2019-01-25 08:57:38,2019-01-25 09:01:18,4729.527558073227,-220.0
C51635,1a516c64-e0c1-41ab-9975-71487d6bd5a6,8,-22.89369,-43.34688,-22.886049,-43.30238,2019-01-25 08:57:38,2019-01-25 09:01:46,4637.030334133872,-248.0
C51635,1a516c64-e0c1-41ab-9975-71487d6bd5a6,9,-22.890381,-43.34553,-22.886049,-43.30238,2019-01-25 08:57:38,2019-01-25 09:02:47,4446.4564921568735,-309.0
C51635,1a516c64-e0c1-41ab-9975-71487d6bd5a6,10,-22.88842,-43.34439,-22.886049,-43.30238,2019-01-25 08:57:38,2019-01-25 09:03:22,4311.605294720562,-344.0
C51635,1a516c64-e0c1-41ab-9975-71487d6bd5a6,11,-22.88717,-43.34339,-22.886049,-43.30238,2019-01-25 08:57:38,2019-01-25 09:03:46,4202.964577698506,-368.0
C51635,1a516c64-e0c1-41ab-9975-71487d6bd5a6,12,-22.88579,-43.34209,-22.886049,-43.30238,2019-01-25 08:57:38,2019-01-25 09:04:15,4068.064768688116,-397.0
C51635,1a516c64-e0c1-41ab-9975-71487d6bd5a6,13,-22.88283,-43.34025,-22.886049,-43.30238,2019-01-25 08:57:38,2019-01-25 09:05:32,3895.9894653028246,-474.0
C51635,1a516c64-e0c1-41ab-9975-71487d6bd5a6,14,-22.882534,-43.33687,-22.886049,-43.30238,2019-01-25 08:57:38,2019-01-25 09:06:21,3554.8113947628567,-523.0
C51635,1a516c64-e0c1-41ab-9975-71487d6bd5a6,15,-22.882382,-43.333901,-22.886049,-43.30238,2019-01-25 08:57:38,2019-01-25 09:07:04,3254.750059744132,-566.0
C51635,1a516c64-e0c1-41ab-9975-71487d6bd5a6,16,-22.882138,-43.331007,-22.886049,-43.30238,2019-01-25 08:57:38,2019-01-25 09:07:52,2964.7093478449733,-614.0
C51635,1a516c64-e0c1-41ab-9975-71487d6bd5a6,17,-22.88256,-43.32373,-22.886049,-43.30238,2019-01-25 08:57:38,2019-01-25 09:09:33,2221.2995979171346,-715.0
C51635,1a516c64-e0c1-41ab-9975-71487d6bd5a6,18,-22.88284,-43.3224,-22.886049,-43.30238,2019-01-25 08:57:38,2019-01-25 09:09:53,2081.716023851422,-735.0
C51635,1a516c64-e0c1-41ab-9975-71487d6bd5a6,19,-22.8835,-43.32058,-22.886049,-43.30238,2019-01-25 08:57:38,2019-01-25 09:10:21,1885.8770116593341,-763.0
C51635,1a516c64-e0c1-41ab-9975-71487d6bd5a6,20,-22.88445,-43.31751,-22.886049,-43.30238,2019-01-25 08:57:38,2019-01-25 09:11:08,1560.1164440662983,-810.0
C51635,1a516c64-e0c1-41ab-9975-71487d6bd5a6,21,-22.884744,-43.316116,-22.886049,-43.30238,2019-01-25 08:57:38,2019-01-25 09:11:29,1414.6079124802216,-831.0
C51635,1a516c64-e0c1-41ab-9975-71487d6bd5a6,22,-22.88498,-43.31429,-22.886049,-43.30238,2019-01-25 08:57:38,2019-01-25 09:11:55,1225.8618462544955,-857.0
C51635,1a516c64-e0c1-41ab-9975-71487d6bd5a6,23,-22.885103,-43.311568,-22.886049,-43.30238,2019-01-25 08:57:38,2019-01-25 09:12:34,947.0970714905765,-896.0
C51635,1a516c64-e0c1-41ab-9975-71487d6bd5a6,24,-22.88562,-43.30967,-22.886049,-43.30238,2019-01-25 08:57:38,2019-01-25 09:13:04,748.3229730079432,-926.0
C51635,1a516c64-e0c1-41ab-9975-71487d6bd5a6,25,-22.88672,-43.306443,-22.886049,-43.30238,2019-01-25 08:57:38,2019-01-25 09:13:53,422.8541038197531,-975.0
C51635,1a516c64-e0c1-41ab-9975-71487d6bd5a6,26,-22.88646,-43.30281,-22.886049,-43.30238,2019-01-25 08:57:38,2019-01-25 09:14:47,63.474258858558606,-1029.0
C51635,1a516c64-e0c1-41ab-9975-71487d6bd5a6,27,-22.88548,-43.30031,-22.886049,-43.30238,2019-01-25 08:57:38,2019-01-25 09:15:28,221.29230359582343,-1070.0
C51635,1a516c64-e0c1-41ab-9975-71487d6bd5a6,28,-22.884601,-43.297845,-22.886049,-43.30238,2019-01-25 08:57:38,2019-01-25 09:16:07,491.68554738859524,-1109.0
C51635,1a516c64-e0c1-41ab-9975-71487d6bd5a6,29,-22.88341,-43.29648,-22.886049,-43.30238,2019-01-25 08:57:38,2019-01-25 09:16:34,671.8799122557276,-1136.0
C51635,1a516c64-e0c1-41ab-9975-71487d6bd5a6,30,-22.88182,-43.29431,-22.886049,-43.30238,2019-01-25 08:57:38,2019-01-25 09:17:15,951.0994367446775,-1177.0
C51635,1a516c64-e0c1-41ab-9975-71487d6bd5a6,31,-22.8842,-43.29133,-22.886049,-43.30238,2019-01-25 08:57:38,2019-01-25 09:18:19,1150.5079204275187,-1241.0
C51635,1a516c64-e0c1-41ab-9975-71487d6bd5a6,32,-22.885668,-43.290084,-22.886049,-43.30238,2019-01-25 08:57:38,2019-01-25 09:18:53,1260.3368559265944,-1275.0
C51635,1a516c64-e0c1-41ab-9975-71487d6bd5a6,33,-22.88744,-43.2864,-22.886049,-43.30238,2019-01-25 08:57:38,2019-01-25 09:19:48,1644.3004238470373,-1330.0
C51635,1a516c64-e0c1-41ab-9975-71487d6bd5a6,34,-22.887738,-43.283511,-22.886049,-43.30238,2019-01-25 08:57:38,2019-01-25 09:20:24,1942.0623390388243,-1366.0
C51635,1a516c64-e0c1-41ab-9975-71487d6bd5a6,35,-22.887155,-43.280679,-22.886049,-43.30238,2019-01-25 08:57:38,2019-01-25 09:21:10,2226.4768506595133,-1412.0
C51635,1a516c64-e0c1-41ab-9975-71487d6bd5a6,36,-22.88591,-43.27898,-22.886049,-43.30238,2019-01-25 08:57:38,2019-01-25 09:21:43,2397.186272897463,-1445.0
C51635,1a516c64-e0c1-41ab-9975-71487d6bd5a6,37,-22.88441,-43.27719,-22.886049,-43.30238,2019-01-25 08:57:38,2019-01-25 09:22:18,2586.94901206339,-1480.0
C51635,1a516c64-e0c1-41ab-9975-71487d6bd5a6,38,-22.8822,-43.2754,-22.886049,-43.30238,2019-01-25 08:57:38,2019-01-25 09:23:01,2796.8561416552157,-1523.0
C51635,1a516c64-e0c1-41ab-9975-71487d6bd5a6,39,-22.881083,-43.272751,-22.886049,-43.30238,2019-01-25 08:57:38,2019-01-25 09:23:45,3085.119758621873,-1567.0
C51635,1a516c64-e0c1-41ab-9975-71487d6bd5a6,40,-22.878863,-43.265859,-22.886049,-43.30238,2019-01-25 08:57:38,2019-01-25 09:25:31,3825.7464845510813,-1673.0
C51635,1a516c64-e0c1-41ab-9975-71487d6bd5a6,41,-22.87833,-43.26397,-22.886049,-43.30238,2019-01-25 08:57:38,2019-01-25 09:26:03,4027.4202492088048,-1705.0
C51635,1a516c64-e0c1-41ab-9975-71487d6bd5a6,42,-22.878337,-43.261822,-22.886049,-43.30238,2019-01-25 08:57:38,2019-01-25 09:26:34,4242.5175932303155,-1736.0
C51635,1a516c64-e0c1-41ab-9975-71487d6bd5a6,43,-22.880394,-43.259223,-22.886049,-43.30238,2019-01-25 08:57:38,2019-01-25 09:27:29,4465.660152769086,-1791.0
C51635,1a516c64-e0c1-41ab-9975-71487d6bd5a6,44,-22.882581,-43.254845,-22.886049,-43.30238,2019-01-25 08:57:38,2019-01-25 09:28:41,4884.872107365474,-1863.0
C51635,1a516c64-e0c1-41ab-9975-71487d6bd5a6,45,-22.88517,-43.25266,-22.886049,-43.30238,2019-01-25 08:57:38,2019-01-25 09:29:32,5094.3543125444785,-1914.0
C51635,1a516c64-e0c1-41ab-9975-71487d6bd5a6,46,-22.886927,-43.250822,-22.886049,-43.30238,2019-01-25 08:57:38,2019-01-25 09:30:10,5282.573061786054,-1952.0
C51635,1a516c64-e0c1-41ab-9975-71487d6bd5a6,47,-22.890046,-43.244457,-22.886049,-43.30238,2019-01-25 08:57:38,2019-01-25 09:32:10,5950.2636293483965,-2072.0
C51635,1a516c64-e0c1-41ab-9975-71487d6bd5a6,48,-22.890765,-43.242335,-22.886049,-43.30238,2019-01-25 08:57:38,2019-01-25 09:32:41,6173.316353911653,-2103.0
C51635,1a516c64-e0c1-41ab-9975-71487d6bd5a6,49,-22.891768,-43.240794,-22.886049,-43.30238,2019-01-25 08:57:38,2019-01-25 09:33:05,6340.809281764023,-2127.0
C51635,1a516c64-e0c1-41ab-9975-71487d6bd5a6,50,-22.89495,-43.24279,-22.886049,-43.30238,2019-01-25 08:57:38,2019-01-25 09:34:21,6184.017020259947,-2203.0
C51635,1a516c64-e0c1-41ab-9975-71487d6bd5a6,51,-22.897995,-43.241305,-22.886049,-43.30238,2019-01-25 08:57:38,2019-01-25 09:35:32,6395.810139891422,-2274.0
C51635,1a516c64-e0c1-41ab-9975-71487d6bd5a6,52,-22.90138,-43.241176,-22.886049,-43.30238,2019-01-25 08:57:38,2019-01-25 09:36:32,6497.119251622032,-2334.0
C51635,1a516c64-e0c1-41ab-9975-71487d6bd5a6,53,-22.90591,-43.23964,-22.886049,-43.30238,2019-01-25 08:57:38,2019-01-25 09:37:45,6795.583283277883,-2407.0
C51635,1a516c64-e0c1-41ab-9975-71487d6bd5a6,54,-22.907884,-43.236917,-22.886049,-43.30238,2019-01-25 08:57:38,2019-01-25 09:38:35,7131.6174286155065,-2457.0
C51635,1a516c64-e0c1-41ab-9975-71487d6bd5a6,55,-22.908756,-43.234655,-22.886049,-43.30238,2019-01-25 08:57:38,2019-01-25 09:39:07,7382.480373625367,-2489.0
C51635,1a516c64-e0c1-41ab-9975-71487d6bd5a6,56,-22.908374,-43.231002,-22.886049,-43.30238,2019-01-25 08:57:38,2019-01-25 09:40:04,7721.410949955364,-2546.0
C51635,1a516c64-e0c1-41ab-9975-71487d6bd5a6,57,-22.90931,-43.22631,-22.886049,-43.30238,2019-01-25 08:57:38,2019-01-25 09:41:25,8210.138089618658,-2627.0
C51635,1a516c64-e0c1-41ab-9975-71487d6bd5a6,58,-22.909238,-43.222916,-22.886049,-43.30238,2019-01-25 08:57:38,2019-01-25 09:42:15,8538.375496402894,-2677.0
C51635,1a516c64-e0c1-41ab-9975-71487d6bd5a6,59,-22.906357,-43.220639,-22.886049,-43.30238,2019-01-25 08:57:38,2019-01-25 09:43:12,8672.216051790465,-2734.0
C51635,1a516c64-e0c1-41ab-9975-71487d6bd5a6,60,-22.904907,-43.218901,-22.886049,-43.30238,2019-01-25 08:57:38,2019-01-25 09:43:58,8804.484426119909,-2780.0
C51635,1a516c64-e0c1-41ab-9975-71487d6bd5a6,61,-22.90411,-43.21611,-22.886049,-43.30238,2019-01-25 08:57:38,2019-01-25 09:44:43,9062.382581655582,-2825.0
C51635,1a516c64-e0c1-41ab-9975-71487d6bd5a6,62,-22.90341,-43.21449,-22.886049,-43.30238,2019-01-25 08:57:38,2019-01-25 09:45:09,9207.664013305724,-2851.0
C51635,1a516c64-e0c1-41ab-9975-71487d6bd5a6,63,-22.902025,-43.210979,-22.886049,-43.30238,2019-01-25 08:57:38,2019-01-25 09:46:04,9529.758996863711,-2906.0
C51635,1a516c64-e0c1-41ab-9975-71487d6bd5a6,64,-22.908498,-43.209965,-22.886049,-43.30238,2019-01-25 08:57:38,2019-01-25 09:47:50,9789.950932245785,-3012.0
C51635,1a516c64-e0c1-41ab-9975-71487d6bd5a6,65,-22.91013,-43.205583,-22.886049,-43.30238,2019-01-25 08:57:38,2019-01-25 09:49:24,10270.371420881625,-3106.0
C51635,1a516c64-e0c1-41ab-9975-71487d6bd5a6,66,-22.908619,-43.201048,-22.886049,-43.30238,2019-01-25 08:57:38,2019-01-25 09:50:33,10678.847436831276,-3175.0
C51635,1a516c64-e0c1-41ab-9975-71487d6bd5a6,67,-22.90623,-43.193405,-22.886049,-43.30238,2019-01-25 08:57:38,2019-01-25 09:52:30,11386.073154971089,-3292.0
C51635,1a516c64-e0c1-41ab-9975-71487d6bd5a6,68,-22.905052,-43.189782,-22.886049,-43.30238,2019-01-25 08:57:38,2019-01-25 09:53:25,11725.87879333343,-3347.0
C51635,1a516c64-e0c1-41ab-9975-71487d6bd5a6,69,-22.903332,-43.184461,-22.886049,-43.30238,2019-01-25 08:57:38,2019-01-25 09:54:46,12230.973142791136,-3428.0
C51635,1a516c64-e0c1-41ab-9975-71487d6bd5a6,70,-22.905593,-43.182786,-22.886049,-43.30238,2019-01-25 08:57:38,2019-01-25 09:55:39,12441.791919090645,-3481.0
C51635,1a516c64-e0c1-41ab-9975-71487d6bd5a6,71,-22.90723,-43.18272,-22.886049,-43.30238,2019-01-25 08:57:38,2019-01-25 09:56:15,12481.440275680448,-3517.0
C51635,1a516c64-e0c1-41ab-9975-71487d6bd5a6,72,-22.90879,-43.18819,-22.886049,-43.30238,2019-01-25 08:57:38,2019-01-25 09:57:38,11967.045444732688,-3600.0
C51633,1a516c64-e0c1-41ab-9975-71487d6bd5a6,0,-22.901318,-43.347259,-22.894871,-43.349831,2019-01-25 08:57:36,2019-01-25 08:57:36,763.7521008579367,0.0
C51633,1a516c64-e0c1-41ab-9975-71487d6bd5a6,1,-22.90189,-43.34779,-22.894871,-43.349831,2019-01-25 08:57:36,2019-01-25 08:57:47,807.9929410068255,-11.0
C51633,1a516c64-e0c1-41ab-9975-71487d6bd5a6,2,-22.900466,-43.349828,-22.894871,-43.349831,2019-01-25 08:57:36,2019-01-25 08:58:27,622.1356904703333,-51.0
C51633,1a516c64-e0c1-41ab-9975-71487d6bd5a6,3,-22.89911,-43.35167,-22.894871,-43.349831,2019-01-25 08:57:36,2019-01-25 08:59:01,507.60316541882713,-85.0
C51633,1a516c64-e0c1-41ab-9975-71487d6bd5a6,4,-22.898012,-43.352228,-22.894871,-43.349831,2019-01-25 08:57:36,2019-01-25 08:59:28,426.93292235392033,-112.0
C51633,1a516c64-e0c1-41ab-9975-71487d6bd5a6,5,-22.89818,-43.350146,-22.894871,-43.349831,2019-01-25 08:57:36,2019-01-25 09:00:12,369.3561046013872,-156.0
C51633,1a516c64-e0c1-41ab-9975-71487d6bd5a6,6,-22.896967,-43.348397,-22.894871,-43.349831,2019-01-25 08:57:36,2019-01-25 09:00:48,275.4922205904543,-192.0
C51633,1a516c64-e0c1-41ab-9975-71487d6bd5a6,7,-22.8954,-43.34742,-22.894871,-43.349831,2019-01-25 08:57:36,2019-01-25 09:01:16,253.87869509670418,-220.0
C51633,1a516c64-e0c1-41ab-9975-71487d6bd5a6,8,-22.89369,-43.34688,-22.894871,-43.349831,2019-01-25 08:57:36,2019-01-25 09:01:44,329.57961097316917,-248.0
C51633,1a516c64-e0c1-41ab-9975-71487d6bd5a6,9,-22.890381,-43.34553,-22.894871,-43.349831,2019-01-25 08:57:36,2019-01-25 09:02:45,665.8654199793375,-309.0
C51633,1a516c64-e0c1-41ab-9975-71487d6bd5a6,10,-22.88842,-43.34439,-22.894871,-43.349831,2019-01-25 08:57:36,2019-01-25 09:03:20,908.4043058863966,-344.0
C51633,1a516c64-e0c1-41ab-9975-71487d6bd5a6,11,-22.88717,-43.34339,-22.894871,-43.349831,2019-01-25 08:57:36,2019-01-25 09:03:44,1081.0226731885978,-368.0
C51633,1a516c64-e0c1-41ab-9975-71487d6bd5a6,12,-22.88579,-43.34209,-22.894871,-43.349831,2019-01-25 08:57:36,2019-01-25 09:04:13,1283.9113941893124,-397.0
C51633,1a516c64-e0c1-41ab-9975-71487d6bd5a6,13,-22.88283,-43.34025,-22.894871,-43.349831,2019-01-25 08:57:36,2019-01-25 09:05:30,1660.1018822317976,-474.0
C51633,1a516c64-e0c1-41ab-9975-71487d6bd5a6,14,-22.882534,-43.33687,-22.894871,-43.349831,2019-01-25 08:57:36,2019-01-25 09:06:19,1909.1122636975751,-523.0
C51633,1a516c64-e0c1-41ab-9975-71487d6bd5a6,15,-22.882382,-43.333901,-22.894871,-43.349831,2019-01-25 08:57:36,2019-01-25 09:07:02,2142.7804546409734,-566.0
C51633,1a516c64-e0c1-41ab-9975-71487d6bd5a6,16,-22.882138,-43.331007,-22.894871,-43.349831,2019-01-25 08:57:36,2019-01-25 09:07:50,2392.2923975928484,-614.0
C51633,1a516c64-e0c1-41ab-9975-71487d6bd5a6,17,-22.88256,-43.32373,-22.894871,-43.349831,2019-01-25 08:57:36,2019-01-25 09:09:31,3003.8360286505686,-715.0
C51633,1a516c64-e0c1-41ab-9975-71487d6bd5a6,18,-22.88284,-43.3224,-22.894871,-43.349831,2019-01-25 08:57:36,2019-01-25 09:09:51,3112.2148688111565,-735.0
C51633,1a516c64-e0c1-41ab-9975-71487d6bd5a6,19,-22.8835,-43.32058,-22.894871,-43.349831,2019-01-25 08:57:36,2019-01-25 09:10:19,3252.2956329221665,-763.0
C51633,1a516c64-e0c1-41ab-9975-71487d6bd5a6,20,-22.88445,-43.31751,-22.894871,-43.349831,2019-01-25 08:57:36,2019-01-25 09:11:06,3507.845908979629,-810.0
C51633,1a516c64-e0c1-41ab-9975-71487d6bd5a6,21,-22.884744,-43.316116,-22.894871,-43.349831,2019-01-25 08:57:36,2019-01-25 09:11:27,3632.6650564994743,-831.0
C51633,1a516c64-e0c1-41ab-9975-71487d6bd5a6,22,-22.88498,-43.31429,-22.894871,-43.349831,2019-01-25 08:57:36,2019-01-25 09:11:53,3803.271071794481,-857.0
C51633,1a516c64-e0c1-41ab-9975-71487d6bd5a6,23,-22.885103,-43.311568,-22.894871,-43.349831,2019-01-25 08:57:36,2019-01-25 09:12:32,4067.319174972939,-896.0
C51633,1a516c64-e0c1-41ab-9975-71487d6bd5a6,24,-22.88562,-43.30967,-22.894871,-43.349831,2019-01-25 08:57:36,2019-01-25 09:13:02,4240.685916986849,-926.0
C51633,1a516c64-e0c1-41ab-9975-71487d6bd5a6,25,-22.88672,-43.306443,-22.894871,-43.349831,2019-01-25 08:57:36,2019-01-25 09:13:51,4536.055194197614,-975.0
C51633,1a516c64-e0c1-41ab-9975-71487d6bd5a6,26,-22.88646,-43.30281,-22.894871,-43.349831,2019-01-25 08:57:36,2019-01-25 09:14:45,4906.705203818603,-1029.0
C51633,1a516c64-e0c1-41ab-9975-71487d6bd5a6,27,-22.88548,-43.30031,-22.894871,-43.349831,2019-01-25 08:57:36,2019-01-25 09:15:26,5179.220767616999,-1070.0
C51633,1a516c64-e0c1-41ab-9975-71487d6bd5a6,28,-22.884601,-43.297845,-22.894871,-43.349831,2019-01-25 08:57:36,2019-01-25 09:16:05,5446.453885121407,-1109.0
C51633,1a516c64-e0c1-41ab-9975-71487d6bd5a6,29,-22.88341,-43.29648,-22.894871,-43.349831,2019-01-25 08:57:36,2019-01-25 09:16:32,5611.859850509692,-1136.0
C51633,1a516c64-e0c1-41ab-9975-71487d6bd5a6,30,-22.88182,-43.29431,-22.894871,-43.349831,2019-01-25 08:57:36,2019-01-25 09:17:13,5869.789242661524,-1177.0
C51633,1a516c64-e0c1-41ab-9975-71487d6bd5a6,31,-22.8842,-43.29133,-22.894871,-43.349831,2019-01-25 08:57:36,2019-01-25 09:18:17,6109.125718271551,-1241.0
C51633,1a516c64-e0c1-41ab-9975-71487d6bd5a6,32,-22.885668,-43.290084,-22.894871,-43.349831,2019-01-25 08:57:36,2019-01-25 09:18:51,6205.352649671838,-1275.0
C51633,1a516c64-e0c1-41ab-9975-71487d6bd5a6,33,-22.88744,-43.2864,-22.894871,-43.349831,2019-01-25 08:57:36,2019-01-25 09:19:46,6550.060588032857,-1330.0
C51633,1a516c64-e0c1-41ab-9975-71487d6bd5a6,34,-22.887738,-43.283511,-22.894871,-43.349831,2019-01-25 08:57:36,2019-01-25 09:20:22,6839.8119952017405,-1366.0
C51633,1a516c64-e0c1-41ab-9975-71487d6bd5a6,35,-22.887155,-43.280679,-22.894871,-43.349831,2019-01-25 08:57:36,2019-01-25 09:21:08,7135.557201077654,-1412.0
C51633,1a516c64-e0c1-41ab-9975-71487d6bd5a6,36,-22.88591,-43.27898,-22.894871,-43.349831,2019-01-25 08:57:36,2019-01-25 09:21:41,7325.9417566607035,-1445.0
C51633,1a516c64-e0c1-41ab-9975-71487d6bd5a6,37,-22.88441,-43.27719,-22.894871,-43.349831,2019-01-25 08:57:36,2019-01-25 09:22:16,7531.635868981575,-1480.0
C51633,1a516c64-e0c1-41ab-9975-71487d6bd5a6,38,-22.8822,-43.2754,-22.894871,-43.349831,2019-01-25 08:57:36,2019-01-25 09:22:59,7753.7823596209255,-1523.0
C51633,1a516c64-e0c1-41ab-9975-71487d6bd5a6,39,-22.881083,-43.272751,-22.894871,-43.349831,2019-01-25 08:57:36,2019-01-25 09:23:43,8043.55871344242,-1567.0
C51633,1a516c64-e0c1-41ab-9975-71487d6bd5a6,40,-22.878863,-43.265859,-22.894871,-43.349831,2019-01-25 08:57:36,2019-01-25 09:25:29,8784.414484520294,-1673.0
C51633,1a516c64-e0c1-41ab-9975-71487d6bd5a6,41,-22.87833,-43.26397,-22.894871,-43.349831,2019-01-25 08:57:36,2019-01-25 09:26:01,8985.95724093364,-1705.0
C51633,1a516c64-e0c1-41ab-9975-71487d6bd5a6,42,-22.878337,-43.261822,-22.894871,-43.349831,2019-01-25 08:57:36,2019-01-25 09:26:32,9201.296791275041,-1736.0
C51633,1a516c64-e0c1-41ab-9975-71487d6bd5a6,43,-22.880394,-43.259223,-22.894871,-43.349831,2019-01-25 08:57:36,2019-01-25 09:27:27,9420.484235097572,-1791.0
C51633,1a516c64-e0c1-41ab-9975-71487d6bd5a6,44,-22.882581,-43.254845,-22.894871,-43.349831,2019-01-25 08:57:36,2019-01-25 09:28:39,9825.829995020082,-1863.0
C51633,1a516c64-e0c1-41ab-9975-71487d6bd5a6,45,-22.88517,-43.25266,-22.894871,-43.349831,2019-01-25 08:57:36,2019-01-25 09:29:30,10012.346377574066,-1914.0
C51633,1a516c64-e0c1-41ab-9975-71487d6bd5a6,46,-22.886927,-43.250822,-22.894871,-43.349831,2019-01-25 08:57:36,2019-01-25 09:30:08,10180.679066449304,-1952.0
C51633,1a516c64-e0c1-41ab-9975-71487d6bd5a6,47,-22.890046,-43.244457,-22.894871,-43.349831,2019-01-25 08:57:36,2019-01-25 09:32:08,10807.504421159889,-2072.0
C51633,1a516c64-e0c1-41ab-9975-71487d6bd5a6,48,-22.890765,-43.242335,-22.894871,-43.349831,2019-01-25 08:57:36,2019-01-25 09:32:39,11020.982055328841,-2103.0
C51633,1a516c64-e0c1-41ab-9975-71487d6bd5a6,49,-22.891768,-43.240794,-22.894871,-43.349831,2019-01-25 08:57:36,2019-01-25 09:33:03,11174.662463953087,-2127.0
C51633,1a516c64-e0c1-41ab-9975-71487d6bd5a6,50,-22.89495,-43.24279,-22.894871,-43.349831,2019-01-25 08:57:36,2019-01-25 09:34:19,10964.746686766493,-2203.0
C51633,1a516c64-e0c1-41ab-9975-71487d6bd5a6,51,-22.897995,-43.241305,-22.894871,-43.349831,2019-01-25 08:57:36,2019-01-25 09:35:30,11122.16034180321,-2274.0
C51633,1a516c64-e0c1-41ab-9975-71487d6bd5a6,52,-22.90138,-43.241176,-22.894871,-43.349831,2019-01-25 08:57:36,2019-01-25 09:36:30,11153.317811132425,-2334.0
C51633,1a516c64-e0c1-41ab-9975-71487d6bd5a6,53,-22.90591,-43.23964,-22.894871,-43.349831,2019-01-25 08:57:36,2019-01-25 09:37:43,11353.5067498607,-2407.0
C51633,1a516c64-e0c1-41ab-9975-71487d6bd5a6,54,-22.907884,-43.236917,-22.894871,-43.349831,2019-01-25 08:57:36,2019-01-25 09:38:33,11655.95568361968,-2457.0
C51633,1a516c64-e0c1-41ab-9975-71487d6bd5a6,55,-22.908756,-43.234655,-22.894871,-43.349831,2019-01-25 08:57:36,2019-01-25 09:39:05,11898.050802647891,-2489.0
C51633,1a516c64-e0c1-41ab-9975-71487d6bd5a6,56,-22.908374,-43.231002,-22.894871,-43.349831,2019-01-25 08:57:36,2019-01-25 09:40:02,12263.90331319806,-2546.0
C51633,1a516c64-e0c1-41ab-9975-71487d6bd5a6,57,-22.90931,-43.22631,-22.894871,-43.349831,2019-01-25 08:57:36,2019-01-25 09:41:23,12753.665427793087,-2627.0
C51633,1a516c64-e0c1-41ab-9975-71487d6bd5a6,58,-22.909238,-43.222916,-22.894871,-43.349831,2019-01-25 08:57:36,2019-01-25 09:42:13,13097.643212943964,-2677.0
C51633,1a516c64-e0c1-41ab-9975-71487d6bd5a6,59,-22.906357,-43.220639,-22.894871,-43.349831,2019-01-25 08:57:36,2019-01-25 09:43:10,13294.713881907215,-2734.0
C51633,1a516c64-e0c1-41ab-9975-71487d6bd5a6,60,-22.904907,-43.218901,-22.894871,-43.349831,2019-01-25 08:57:36,2019-01-25 09:43:56,13457.669090572717,-2780.0
C51633,1a516c64-e0c1-41ab-9975-71487d6bd5a6,61,-22.90411,-43.21611,-22.894871,-43.349831,2019-01-25 08:57:36,2019-01-25 09:44:41,13735.718121037406,-2825.0
C51633,1a516c64-e0c1-41ab-9975-71487d6bd5a6,62,-22.90341,-43.21449,-22.894871,-43.349831,2019-01-25 08:57:36,2019-01-25 09:45:07,13895.698155888138,-2851.0
C51633,1a516c64-e0c1-41ab-9975-71487d6bd5a6,63,-22.902025,-43.210979,-22.894871,-43.349831,2019-01-25 08:57:36,2019-01-25 09:46:02,14245.159809256367,-2906.0
C51633,1a516c64-e0c1-41ab-9975-71487d6bd5a6,64,-22.908498,-43.209965,-22.894871,-43.349831,2019-01-25 08:57:36,2019-01-25 09:47:48,14406.364167929914,-3012.0
C51633,1a516c64-e0c1-41ab-9975-71487d6bd5a6,65,-22.91013,-43.205583,-22.894871,-43.349831,2019-01-25 08:57:36,2019-01-25 09:49:22,14872.317741946455,-3106.0
C51633,1a516c64-e0c1-41ab-9975-71487d6bd5a6,66,-22.908619,-43.201048,-22.894871,-43.349831,2019-01-25 08:57:36,2019-01-25 09:50:31,15316.296591909902,-3175.0
C51633,1a516c64-e0c1-41ab-9975-71487d6bd5a6,67,-22.90623,-43.193405,-22.894871,-43.349831,2019-01-25 08:57:36,2019-01-25 09:52:28,16072.534134224636,-3292.0
C51633,1a516c64-e0c1-41ab-9975-71487d6bd5a6,68,-22.905052,-43.189782,-22.894871,-43.349831,2019-01-25 08:57:36,2019-01-25 09:53:23,16433.046734642103,-3347.0
C51633,1a516c64-e0c1-41ab-9975-71487d6bd5a6,69,-22.903332,-43.184461,-22.894871,-43.349831,2019-01-25 08:57:36,2019-01-25 09:54:44,16965.256522775457,-3428.0
C51633,1a516c64-e0c1-41ab-9975-71487d6bd5a6,70,-22.905593,-43.182786,-22.894871,-43.349831,2019-01-25 08:57:36,2019-01-25 09:55:37,17152.066072353045,-3481.0
C51633,1a516c64-e0c1-41ab-9975-71487d6bd5a6,71,-22.90723,-43.18272,-22.894871,-43.349831,2019-01-25 08:57:36,2019-01-25 09:56:13,17172.31486658694,-3517.0
C51633,1a516c64-e0c1-41ab-9975-71487d6bd5a6,72,-22.90879,-43.18819,-22.894871,-43.349831,2019-01-25 08:57:36,2019-01-25 09:57:36,16629.03076259284,-3600.0
C51558,1a516c64-e0c1-41ab-9975-71487d6bd5a6,0,-22.901318,-43.347259,-22.88163,-43.29459,2019-01-25 08:57:31,2019-01-25 08:57:31,5822.5184172530835,0.0
C51558,1a516c64-e0c1-41ab-9975-71487d6bd5a6,1,-22.90189,-43.34779,-22.88163,-43.29459,2019-01-25 08:57:31,2019-01-25 08:57:42,5896.950738282273,-11.0
C51558,1a516c64-e0c1-41ab-9975-71487d6bd5a6,2,-22.900466,-43.349828,-22.88163,-43.29459,2019-01-25 08:57:31,2019-01-25 08:58:22,6033.657146183702,-51.0
C51558,1a516c64-e0c1-41ab-9975-71487d6bd5a6,3,-22.89911,-43.35167,-22.88163,-43.29459,2019-01-25 08:57:31,2019-01-25 08:58:56,6161.776406793037,-85.0
C51558,1a516c64-e0c1-41ab-9975-71487d6bd5a6,4,-22.898012,-43.352228,-22.88163,-43.29459,2019-01-25 08:57:31,2019-01-25 08:59:23,6178.979245030986,-112.0
C51558,1a516c64-e0c1-41ab-9975-71487d6bd5a6,5,-22.89818,-43.350146,-22.88163,-43.29459,2019-01-25 08:57:31,2019-01-25 09:00:07,5981.228841233689,-156.0
C51558,1a516c64-e0c1-41ab-9975-71487d6bd5a6,6,-22.896967,-43.348397,-22.88163,-43.29459,2019-01-25 08:57:31,2019-01-25 09:00:43,5769.7434829597505,-192.0
C51558,1a516c64-e0c1-41ab-9975-71487d6bd5a6,7,-22.8954,-43.34742,-22.88163,-43.29459,2019-01-25 08:57:31,2019-01-25 09:01:11,5624.32613298464,-220.0
C51558,1a516c64-e0c1-41ab-9975-71487d6bd5a6,8,-22.89369,-43.34688,-22.88163,-43.29459,2019-01-25 08:57:31,2019-01-25 09:01:39,5521.919777263772,-248.0
C51558,1a516c64-e0c1-41ab-9975-71487d6bd5a6,9,-22.890381,-43.34553,-22.88163,-43.29459,2019-01-25 08:57:31,2019-01-25 09:02:40,5308.328859037207,-309.0
C51558,1a516c64-e0c1-41ab-9975-71487d6bd5a6,10,-22.88842,-43.34439,-22.88163,-43.29459,2019-01-25 08:57:31,2019-01-25 09:03:15,5157.200227814482,-344.0
C51558,1a516c64-e0c1-41ab-9975-71487d6bd5a6,11,-22.88717,-43.34339,-22.88163,-43.29459,2019-01-25 08:57:31,2019-01-25 09:03:39,5037.025523344838,-368.0
C51558,1a516c64-e0c1-41ab-9975-71487d6bd5a6,12,-22.88579,-43.34209,-22.88163,-43.29459,2019-01-25 08:57:31,2019-01-25 09:04:08,4888.000127010401,-397.0
C51558,1a516c64-e0c1-41ab-9975-71487d6bd5a6,13,-22.88283,-43.34025,-22.88163,-43.29459,2019-01-25 08:57:31,2019-01-25 09:05:25,4679.521292471659,-474.0
C51558,1a516c64-e0c1-41ab-9975-71487d6bd5a6,14,-22.882534,-43.33687,-22.88163,-43.29459,2019-01-25 08:57:31,2019-01-25 09:06:14,4332.526884680694,-523.0
C51558,1a516c64-e0c1-41ab-9975-71487d6bd5a6,15,-22.882382,-43.333901,-22.88163,-43.29459,2019-01-25 08:57:31,2019-01-25 09:06:57,4028.072671725394,-566.0
C51558,1a516c64-e0c1-41ab-9975-71487d6bd5a6,16,-22.882138,-43.331007,-22.88163,-43.29459,2019-01-25 08:57:31,2019-01-25 09:07:45,3731.1605858628513,-614.0
C51558,1a516c64-e0c1-41ab-9975-71487d6bd5a6,17,-22.88256,-43.32373,-22.88163,-43.29459,2019-01-25 08:57:31,2019-01-25 09:09:26,2987.027982500204,-715.0
C51558,1a516c64-e0c1-41ab-9975-71487d6bd5a6,18,-22.88284,-43.3224,-22.88163,-43.29459,2019-01-25 08:57:31,2019-01-25 09:09:46,2852.1583116577267,-735.0
C51558,1a516c64-e0c1-41ab-9975-71487d6bd5a6,19,-22.8835,-43.32058,-22.88163,-43.29459,2019-01-25 08:57:31,2019-01-25 09:10:14,2670.6346470888047,-763.0
C51558,1a516c64-e0c1-41ab-9975-71487d6bd5a6,20,-22.88445,-43.31751,-22.88163,-43.29459,2019-01-25 08:57:31,2019-01-25 09:11:01,2368.8608276728432,-810.0
C51558,1a516c64-e0c1-41ab-9975-71487d6bd5a6,21,-22.884744,-43.316116,-22.88163,-43.29459,2019-01-25 08:57:31,2019-01-25 09:11:22,2232.2253999094764,-831.0
C51558,1a516c64-e0c1-41ab-9975-71487d6bd5a6,22,-22.88498,-43.31429,-22.88163,-43.29459,2019-01-25 08:57:31,2019-01-25 09:11:48,2052.231679751267,-857.0
C51558,1a516c64-e0c1-41ab-9975-71487d6bd5a6,23,-22.885103,-43.311568,-22.88163,-43.29459,2019-01-25 08:57:31,2019-01-25 09:12:27,1781.6457878190445,-896.0
C51558,1a516c64-e0c1-41ab-9975-71487d6bd5a6,24,-22.88562,-43.30967,-22.88163,-43.29459,2019-01-25 08:57:31,2019-01-25 09:12:57,1607.2948118001486,-926.0
C51558,1a516c64-e0c1-41ab-9975-71487d6bd5a6,25,-22.88672,-43.306443,-22.88163,-43.29459,2019-01-25 08:57:31,2019-01-25 09:13:46,1339.6858559452933,-975.0
C51558,1a516c64-e0c1-41ab-9975-71487d6bd5a6,26,-22.88646,-43.30281,-22.88163,-43.29459,2019-01-25 08:57:31,2019-01-25 09:14:40,998.7740413873851,-1029.0
C51558,1a516c64-e0c1-41ab-9975-71487d6bd5a6,27,-22.88548,-43.30031,-22.88163,-43.29459,2019-01-25 08:57:31,2019-01-25 09:15:21,725.6991350111919,-1070.0
C51558,1a516c64-e0c1-41ab-9975-71487d6bd5a6,28,-22.884601,-43.297845,-22.88163,-43.29459,2019-01-25 08:57:31,2019-01-25 09:16:00,469.3931810615241,-1109.0
C51558,1a516c64-e0c1-41ab-9975-71487d6bd5a6,29,-22.88341,-43.29648,-22.88163,-43.29459,2019-01-25 08:57:31,2019-01-25 09:16:27,276.8821278464975,-1136.0
C51558,1a516c64-e0c1-41ab-9975-71487d6bd5a6,30,-22.88182,-43.29431,-22.88163,-43.29459,2019-01-25 08:57:31,2019-01-25 09:17:08,35.62522918925725,-1177.0
C51558,1a516c64-e0c1-41ab-9975-71487d6bd5a6,31,-22.8842,-43.29133,-22.88163,-43.29459,2019-01-25 08:57:31,2019-01-25 09:18:12,439.54451796688267,-1241.0
C51558,1a516c64-e0c1-41ab-9975-71487d6bd5a6,32,-22.885668,-43.290084,-22.88163,-43.29459,2019-01-25 08:57:31,2019-01-25 09:18:46,643.964060378817,-1275.0
C51558,1a516c64-e0c1-41ab-9975-71487d6bd5a6,33,-22.88744,-43.2864,-22.88163,-43.29459,2019-01-25 08:57:31,2019-01-25 09:19:41,1058.9160304147542,-1330.0
C51558,1a516c64-e0c1-41ab-9975-71487d6bd5a6,34,-22.887738,-43.283511,-22.88163,-43.29459,2019-01-25 08:57:31,2019-01-25 09:20:17,1322.6579345830469,-1366.0
C51558,1a516c64-e0c1-41ab-9975-71487d6bd5a6,35,-22.887155,-43.280679,-22.88163,-43.29459,2019-01-25 08:57:31,2019-01-25 09:21:03,1551.8670869147547,-1412.0
C51558,1a516c64-e0c1-41ab-9975-71487d6bd5a6,36,-22.88591,-43.27898,-22.88163,-43.29459,2019-01-25 08:57:31,2019-01-25 09:21:36,1668.456670198786,-1445.0
C51558,1a516c64-e0c1-41ab-9975-71487d6bd5a6,37,-22.88441,-43.27719,-22.88163,-43.29459,2019-01-25 08:57:31,2019-01-25 09:22:11,1809.1300402607465,-1480.0
C51558,1a516c64-e0c1-41ab-9975-71487d6bd5a6,38,-22.8822,-43.2754,-22.88163,-43.29459,2019-01-25 08:57:31,2019-01-25 09:22:54,1966.9370702168526,-1523.0
C51558,1a516c64-e0c1-41ab-9975-71487d6bd5a6,39,-22.881083,-43.272751,-22.88163,-43.29459,2019-01-25 08:57:31,2019-01-25 09:23:38,2238.127727708921,-1567.0
C51558,1a516c64-e0c1-41ab-9975-71487d6bd5a6,40,-22.878863,-43.265859,-22.88163,-43.29459,2019-01-25 08:57:31,2019-01-25 09:25:24,2959.4148810746174,-1673.0
C51558,1a516c64-e0c1-41ab-9975-71487d6bd5a6,41,-22.87833,-43.26397,-22.88163,-43.29459,2019-01-25 08:57:31,2019-01-25 09:25:56,3158.2932540856627,-1705.0
C51558,1a516c64-e0c1-41ab-9975-71487d6bd5a6,42,-22.878337,-43.261822,-22.88163,-43.29459,2019-01-25 08:57:31,2019-01-25 09:26:27,3376.869744901971,-1736.0
C51558,1a516c64-e0c1-41ab-9975-71487d6bd5a6,43,-22.880394,-43.259223,-22.88163,-43.29459,2019-01-25 08:57:31,2019-01-25 09:27:22,3625.7949196967247,-1791.0
C51558,1a516c64-e0c1-41ab-9975-71487d6bd5a6,44,-22.882581,-43.254845,-22.88163,-43.29459,2019-01-25 08:57:31,2019-01-25 09:28:34,4073.0356418487927,-1863.0
C51558,1a516c64-e0c1-41ab-9975-71487d6bd5a6,45,-22.88517,-43.25266,-22.88163,-43.29459,2019-01-25 08:57:31,2019-01-25 09:29:25,4313.461426269025,-1914.0
C51558,1a516c64-e0c1-41ab-9975-71487d6bd5a6,46,-22.886927,-43.250822,-22.88163,-43.29459,2019-01-25 08:57:31,2019-01-25 09:30:03,4522.246895510662,-1952.0
C51558,1a516c64-e0c1-41ab-9975-71487d6bd5a6,47,-22.890046,-43.244457,-22.88163,-43.29459,2019-01-25 08:57:31,2019-01-25 09:32:03,5220.281264329503,-2072.0
C51558,1a516c64-e0c1-41ab-9975-71487d6bd5a6,48,-22.890765,-43.242335,-22.88163,-43.29459,2019-01-25 08:57:31,2019-01-25 09:32:34,5448.604132799862,-2103.0
C51558,1a516c64-e0c1-41ab-9975-71487d6bd5a6,49,-22.891768,-43.240794,-22.88163,-43.29459,2019-01-25 08:57:31,2019-01-25 09:32:58,5625.041974306284,-2127.0
C51558,1a516c64-e0c1-41ab-9975-71487d6bd5a6,50,-22.89495,-43.24279,-22.88163,-43.29459,2019-01-25 08:57:31,2019-01-25 09:34:14,5509.218907620764,-2203.0
C51558,1a516c64-e0c1-41ab-9975-71487d6bd5a6,51,-22.897995,-43.241305,-22.88163,-43.29459,2019-01-25 08:57:31,2019-01-25 09:35:25,5753.784706954304,-2274.0
C51558,1a516c64-e0c1-41ab-9975-71487d6bd5a6,52,-22.90138,-43.241176,-22.88163,-43.29459,2019-01-25 08:57:31,2019-01-25 09:36:25,5895.867783552729,-2334.0
C51558,1a516c64-e0c1-41ab-9975-71487d6bd5a6,53,-22.90591,-43.23964,-22.88163,-43.29459,2019-01-25 08:57:31,2019-01-25 09:37:38,6242.830978123817,-2407.0
C51558,1a516c64-e0c1-41ab-9975-71487d6bd5a6,54,-22.907884,-43.236917,-22.88163,-43.29459,2019-01-25 08:57:31,2019-01-25 09:38:28,6589.671226807009,-2457.0
C51558,1a516c64-e0c1-41ab-9975-71487d6bd5a6,55,-22.908756,-43.234655,-22.88163,-43.29459,2019-01-25 08:57:31,2019-01-25 09:39:00,6840.35690817688,-2489.0
C51558,1a516c64-e0c1-41ab-9975-71487d6bd5a6,56,-22.908374,-43.231002,-22.88163,-43.29459,2019-01-25 08:57:31,2019-01-25 09:39:57,7160.367539369985,-2546.0
C51558,1a516c64-e0c1-41ab-9975-71487d6bd5a6,57,-22.90931,-43.22631,-22.88163,-43.29459,2019-01-25 08:57:31,2019-01-25 09:41:18,7641.504930567675,-2627.0
C51558,1a516c64-e0c1-41ab-9975-71487d6bd5a6,58,-22.909238,-43.222916,-22.88163,-43.29459,2019-01-25 08:57:31,2019-01-25 09:42:08,7957.860671632637,-2677.0
C51558,1a516c64-e0c1-41ab-9975-71487d6bd5a6,59,-22.906357,-43.220639,-22.88163,-43.29459,2019-01-25 08:57:31,2019-01-25 09:43:05,8058.772398183779,-2734.0
C51558,1a516c64-e0c1-41ab-9975-71487d6bd5a6,60,-22.904907,-43.218901,-22.88163,-43.29459,2019-01-25 08:57:31,2019-01-25 09:43:51,8173.910005313117,-2780.0
C51558,1a516c64-e0c1-41ab-9975-71487d6bd5a6,61,-22.90411,-43.21611,-22.88163,-43.29459,2019-01-25 08:57:31,2019-01-25 09:44:36,8418.868314103202,-2825.0
C51558,1a516c64-e0c1-41ab-9975-71487d6bd5a6,62,-22.90341,-43.21449,-22.88163,-43.29459,2019-01-25 08:57:31,2019-01-25 09:45:02,8555.13468686631,-2851.0
C51558,1a516c64-e0c1-41ab-9975-71487d6bd5a6,63,-22.902025,-43.210979,-22.88163,-43.29459,2019-01-25 08:57:31,2019-01-25 09:45:57,8860.038590727208,-2906.0
C51558,1a516c64-e0c1-41ab-9975-71487d6bd5a6,64,-22.908498,-43.209965,-22.88163,-43.29459,2019-01-25 08:57:31,2019-01-25 09:47:43,9168.93871068839,-3012.0
C51558,1a516c64-e0c1-41ab-9975-71487d6bd5a6,65,-22.91013,-43.205583,-22.88163,-43.29459,2019-01-25 08:57:31,2019-01-25 09:49:17,9652.422723749358,-3106.0
C51558,1a516c64-e0c1-41ab-9975-71487d6bd5a6,66,-22.908619,-43.201048,-22.88163,-43.29459,2019-01-25 08:57:31,2019-01-25 09:50:26,10040.92434049062,-3175.0
C51558,1a516c64-e0c1-41ab-9975-71487d6bd5a6,67,-22.90623,-43.193405,-22.88163,-43.29459,2019-01-25 08:57:31,2019-01-25 09:52:23,10719.83002983915,-3292.0
C51558,1a516c64-e0c1-41ab-9975-71487d6bd5a6,68,-22.905052,-43.189782,-22.88163,-43.29459,2019-01-25 08:57:31,2019-01-25 09:53:18,11047.50762931639,-3347.0
C51558,1a516c64-e0c1-41ab-9975-71487d6bd5a6,69,-22.903332,-43.184461,-22.88163,-43.29459,2019-01-25 08:57:31,2019-01-25 09:54:39,11536.473805156016,-3428.0
C51558,1a516c64-e0c1-41ab-9975-71487d6bd5a6,70,-22.905593,-43.182786,-22.88163,-43.29459,2019-01-25 08:57:31,2019-01-25 09:55:32,11758.630679144368,-3481.0
C51558,1a516c64-e0c1-41ab-9975-71487d6bd5a6,71,-22.90723,-43.18272,-22.88163,-43.29459,2019-01-25 08:57:31,2019-01-25 09:56:08,11807.704649478033,-3517.0
C51558,1a516c64-e0c1-41ab-9975-71487d6bd5a6,72,-22.90879,-43.18819,-22.88163,-43.29459,2019-01-25 08:57:31,2019-01-25 09:57:31,11309.738967569834,-3600.0
C51574,1a516c64-e0c1-41ab-9975-71487d6bd5a6,0,-22.901318,-43.347259,-22.905809,-43.190632,2019-01-25 08:58:49,2019-01-25 08:58:49,16050.830664682033,0.0
C51574,1a516c64-e0c1-41ab-9975-71487d6bd5a6,1,-22.90189,-43.34779,-22.905809,-43.190632,2019-01-25 08:58:49,2019-01-25 08:59:00,16103.313312624237,-11.0
C51574,1a516c64-e0c1-41ab-9975-71487d6bd5a6,2,-22.900466,-43.349828,-22.905809,-43.190632,2019-01-25 08:58:49,2019-01-25 08:59:40,16317.069936191727,-51.0
C51574,1a516c64-e0c1-41ab-9975-71487d6bd5a6,3,-22.89911,-43.35167,-22.905809,-43.190632,2019-01-25 08:58:49,2019-01-25 09:00:14,16511.8172588177,-85.0
C51574,1a516c64-e0c1-41ab-9975-71487d6bd5a6,4,-22.898012,-43.352228,-22.905809,-43.190632,2019-01-25 08:58:49,2019-01-25 09:00:41,16574.91941292194,-112.0
C51574,1a516c64-e0c1-41ab-9975-71487d6bd5a6,5,-22.89818,-43.350146,-22.905809,-43.190632,2019-01-25 08:58:49,2019-01-25 09:01:25,16360.967226786226,-156.0
C51574,1a516c64-e0c1-41ab-9975-71487d6bd5a6,6,-22.896967,-43.348397,-22.905809,-43.190632,2019-01-25 08:58:49,2019-01-25 09:02:01,16189.764631885128,-192.0
C51574,1a516c64-e0c1-41ab-9975-71487d6bd5a6,7,-22.8954,-43.34742,-22.905809,-43.190632,2019-01-25 08:58:49,2019-01-25 09:02:29,16101.555345728842,-220.0
C51574,1a516c64-e0c1-41ab-9975-71487d6bd5a6,8,-22.89369,-43.34688,-22.905809,-43.190632,2019-01-25 08:58:49,2019-01-25 09:02:57,16061.321651586997,-248.0
C51574,1a516c64-e0c1-41ab-9975-71487d6bd5a6,9,-22.890381,-43.34553,-22.905809,-43.190632,2019-01-25 08:58:49,2019-01-25 09:03:58,15959.073589907423,-309.0
C51574,1a516c64-e0c1-41ab-9975-71487d6bd5a6,10,-22.88842,-43.34439,-22.905809,-43.190632,2019-01-25 08:58:49,2019-01-25 09:04:33,15868.187055063721,-344.0
C51574,1a516c64-e0c1-41ab-9975-71487d6bd5a6,11,-22.88717,-43.34339,-22.905809,-43.190632,2019-01-25 08:58:49,2019-01-25 09:04:57,15784.242081821014,-368.0
C51574,1a516c64-e0c1-41ab-9975-71487d6bd5a6,12,-22.88579,-43.34209,-22.905809,-43.190632,2019-01-25 08:58:49,2019-01-25 09:05:26,15673.375649669651,-397.0
C51574,1a516c64-e0c1-41ab-9975-71487d6bd5a6,13,-22.88283,-43.34025,-22.905809,-43.190632,2019-01-25 08:58:49,2019-01-25 09:06:43,15537.71835686239,-474.0
C51574,1a516c64-e0c1-41ab-9975-71487d6bd5a6,14,-22.882534,-43.33687,-22.905809,-43.190632,2019-01-25 08:58:49,2019-01-25 09:07:32,15201.891916144597,-523.0
C51574,1a516c64-e0c1-41ab-9975-71487d6bd5a6,15,-22.882382,-43.333901,-22.905809,-43.190632,2019-01-25 08:58:49,2019-01-25 09:08:15,14905.243274573635,-566.0
C51574,1a516c64-e0c1-41ab-9975-71487d6bd5a6,16,-22.882138,-43.331007,-22.905809,-43.190632,2019-01-25 08:58:49,2019-01-25 09:09:03,14618.322496567425,-614.0
C51574,1a516c64-e0c1-41ab-9975-71487d6bd5a6,17,-22.88256,-43.32373,-22.905809,-43.190632,2019-01-25 08:58:49,2019-01-25 09:10:44,13876.890439943276,-715.0
C51574,1a516c64-e0c1-41ab-9975-71487d6bd5a6,18,-22.88284,-43.3224,-22.905809,-43.190632,2019-01-25 08:58:49,2019-01-25 09:11:04,13737.22331676934,-735.0
C51574,1a516c64-e0c1-41ab-9975-71487d6bd5a6,19,-22.8835,-43.32058,-22.905809,-43.190632,2019-01-25 08:58:49,2019-01-25 09:11:32,13540.416837882914,-763.0
C51574,1a516c64-e0c1-41ab-9975-71487d6bd5a6,20,-22.88445,-43.31751,-22.905809,-43.190632,2019-01-25 08:58:49,2019-01-25 09:12:19,13211.946795807076,-810.0
C51574,1a516c64-e0c1-41ab-9975-71487d6bd5a6,21,-22.884744,-43.316116,-22.905809,-43.190632,2019-01-25 08:58:49,2019-01-25 09:12:40,13065.590021587537,-831.0
C51574,1a516c64-e0c1-41ab-9975-71487d6bd5a6,22,-22.88498,-43.31429,-22.905809,-43.190632,2019-01-25 08:58:49,2019-01-25 09:13:06,12876.861520918315,-857.0
C51574,1a516c64-e0c1-41ab-9975-71487d6bd5a6,23,-22.885103,-43.311568,-22.905809,-43.190632,2019-01-25 08:58:49,2019-01-25 09:13:45,12600.16967156694,-896.0
C51574,1a516c64-e0c1-41ab-9975-71487d6bd5a6,24,-22.88562,-43.30967,-22.905809,-43.190632,2019-01-25 08:58:49,2019-01-25 09:14:15,12398.512536630722,-926.0
C51574,1a516c64-e0c1-41ab-9975-71487d6bd5a6,25,-22.88672,-43.306443,-22.905809,-43.190632,2019-01-25 08:58:49,2019-01-25 09:15:04,12051.378018237096,-975.0
C51574,1a516c64-e0c1-41ab-9975-71487d6bd5a6,26,-22.88646,-43.30281,-22.905809,-43.190632,2019-01-25 08:58:49,2019-01-25 09:15:58,11690.533928834953,-1029.0
C51574,1a516c64-e0c1-41ab-9975-71487d6bd5a6,27,-22.88548,-43.30031,-22.905809,-43.190632,2019-01-25 08:58:49,2019-01-25 09:16:39,11459.955643705873,-1070.0
C51574,1a516c64-e0c1-41ab-9975-71487d6bd5a6,28,-22.884601,-43.297845,-22.905809,-43.190632,2019-01-25 08:58:49,2019-01-25 09:17:18,11232.673770834155,-1109.0
C51574,1a516c64-e0c1-41ab-9975-71487d6bd5a6,29,-22.88341,-43.29648,-22.905809,-43.190632,2019-01-25 08:58:49,2019-01-25 09:17:45,11124.950242118854,-1136.0
C51574,1a516c64-e0c1-41ab-9975-71487d6bd5a6,30,-22.88182,-43.29431,-22.905809,-43.190632,2019-01-25 08:58:49,2019-01-25 09:18:26,10950.202667393565,-1177.0
C51574,1a516c64-e0c1-41ab-9975-71487d6bd5a6,31,-22.8842,-43.29133,-22.905809,-43.190632,2019-01-25 08:58:49,2019-01-25 09:19:30,10591.153747213559,-1241.0
C51574,1a516c64-e0c1-41ab-9975-71487d6bd5a6,32,-22.885668,-43.290084,-22.905809,-43.190632,2019-01-25 08:58:49,2019-01-25 09:20:04,10430.571611424244,-1275.0
C51574,1a516c64-e0c1-41ab-9975-71487d6bd5a6,33,-22.88744,-43.2864,-22.905809,-43.190632,2019-01-25 08:58:49,2019-01-25 09:20:59,10020.254995856278,-1330.0
C51574,1a516c64-e0c1-41ab-9975-71487d6bd5a6,34,-22.887738,-43.283511,-22.905809,-43.190632,2019-01-25 08:58:49,2019-01-25 09:21:35,9723.81270149222,-1366.0
C51574,1a516c64-e0c1-41ab-9975-71487d6bd5a6,35,-22.887155,-43.280679,-22.905809,-43.190632,2019-01-25 08:58:49,2019-01-25 09:22:21,9454.202972610547,-1412.0
C51574,1a516c64-e0c1-41ab-9975-71487d6bd5a6,36,-22.88591,-43.27898,-22.905809,-43.190632,2019-01-25 08:58:49,2019-01-25 09:22:54,9316.43245943887,-1445.0
C51574,1a516c64-e0c1-41ab-9975-71487d6bd5a6,37,-22.88441,-43.27719,-22.905809,-43.190632,2019-01-25 08:58:49,2019-01-25 09:23:29,9180.28416336091,-1480.0
C51574,1a516c64-e0c1-41ab-9975-71487d6bd5a6,38,-22.8822,-43.2754,-22.905809,-43.190632,2019-01-25 08:58:49,2019-01-25 09:24:12,9071.42774667782,-1523.0
C51574,1a516c64-e0c1-41ab-9975-71487d6bd5a6,39,-22.881083,-43.272751,-22.905809,-43.190632,2019-01-25 08:58:49,2019-01-25 09:24:56,8849.865669919618,-1567.0
C51574,1a516c64-e0c1-41ab-9975-71487d6bd5a6,40,-22.878863,-43.265859,-22.905809,-43.190632,2019-01-25 08:58:49,2019-01-25 09:26:42,8268.031922584347,-1673.0
C51574,1a516c64-e0c1-41ab-9975-71487d6bd5a6,41,-22.87833,-43.26397,-22.905809,-43.190632,2019-01-25 08:58:49,2019-01-25 09:27:14,8110.142108090834,-1705.0
C51574,1a516c64-e0c1-41ab-9975-71487d6bd5a6,42,-22.878337,-43.261822,-22.905809,-43.190632,2019-01-25 08:58:49,2019-01-25 09:27:45,7906.454419620545,-1736.0
C51574,1a516c64-e0c1-41ab-9975-71487d6bd5a6,43,-22.880394,-43.259223,-22.905809,-43.190632,2019-01-25 08:58:49,2019-01-25 09:28:40,7573.244653539584,-1791.0
C51574,1a516c64-e0c1-41ab-9975-71487d6bd5a6,44,-22.882581,-43.254845,-22.905809,-43.190632,2019-01-25 08:58:49,2019-01-25 09:29:52,7066.617112693017,-1863.0
C51574,1a516c64-e0c1-41ab-9975-71487d6bd5a6,45,-22.88517,-43.25266,-22.905809,-43.190632,2019-01-25 08:58:49,2019-01-25 09:30:43,6755.568693140234,-1914.0
C51574,1a516c64-e0c1-41ab-9975-71487d6bd5a6,46,-22.886927,-43.250822,-22.905809,-43.190632,2019-01-25 08:58:49,2019-01-25 09:31:21,6513.185256278798,-1952.0
C51574,1a516c64-e0c1-41ab-9975-71487d6bd5a6,47,-22.890046,-43.244457,-22.905809,-43.190632,2019-01-25 08:58:49,2019-01-25 09:33:21,5785.344703044344,-2072.0
C51574,1a516c64-e0c1-41ab-9975-71487d6bd5a6,48,-22.890765,-43.242335,-22.905809,-43.190632,2019-01-25 08:58:49,2019-01-25 09:33:52,5553.972586371294,-2103.0
C51574,1a516c64-e0c1-41ab-9975-71487d6bd5a6,49,-22.891768,-43.240794,-22.905809,-43.190632,2019-01-25 08:58:49,2019-01-25 09:34:16,5370.166404480868,-2127.0
C51574,1a516c64-e0c1-41ab-9975-71487d6bd5a6,50,-22.89495,-43.24279,-22.905809,-43.190632,2019-01-25 08:58:49,2019-01-25 09:35:32,5477.337526579297,-2203.0
C51574,1a516c64-e0c1-41ab-9975-71487d6bd5a6,51,-22.897995,-43.241305,-22.905809,-43.190632,2019-01-25 08:58:49,2019-01-25 09:36:43,5262.643128179895,-2274.0
C51574,1a516c64-e0c1-41ab-9975-71487d6bd5a6,52,-22.90138,-43.241176,-22.905809,-43.190632,2019-01-25 08:58:49,2019-01-25 09:37:43,5200.513737644279,-2334.0
C51574,1a516c64-e0c1-41ab-9975-71487d6bd5a6,53,-22.90591,-43.23964,-22.905809,-43.190632,2019-01-25 08:58:49,2019-01-25 09:38:56,5019.741140066636,-2407.0
C51574,1a516c64-e0c1-41ab-9975-71487d6bd5a6,54,-22.907884,-43.236917,-22.905809,-43.190632,2019-01-25 08:58:49,2019-01-25 09:39:46,4746.397487742494,-2457.0
C51574,1a516c64-e0c1-41ab-9975-71487d6bd5a6,55,-22.908756,-43.234655,-22.905809,-43.190632,2019-01-25 08:58:49,2019-01-25 09:40:18,4520.975652786401,-2489.0
C51574,1a516c64-e0c1-41ab-9975-71487d6bd5a6,56,-22.908374,-43.231002,-22.905809,-43.190632,2019-01-25 08:58:49,2019-01-25 09:41:15,4144.753990271411,-2546.0
C51574,1a516c64-e0c1-41ab-9975-71487d6bd5a6,57,-22.90931,-43.22631,-22.905809,-43.190632,2019-01-25 08:58:49,2019-01-25 09:42:36,3675.011688269628,-2627.0
C51574,1a516c64-e0c1-41ab-9975-71487d6bd5a6,58,-22.909238,-43.222916,-22.905809,-43.190632,2019-01-25 08:58:49,2019-01-25 09:43:26,3328.613622250938,-2677.0
C51574,1a516c64-e0c1-41ab-9975-71487d6bd5a6,59,-22.906357,-43.220639,-22.905809,-43.190632,2019-01-25 08:58:49,2019-01-25 09:44:23,3074.1174393833494,-2734.0
C51574,1a516c64-e0c1-41ab-9975-71487d6bd5a6,60,-22.904907,-43.218901,-22.905809,-43.190632,2019-01-25 08:58:49,2019-01-25 09:45:09,2897.2481885132734,-2780.0
C51574,1a516c64-e0c1-41ab-9975-71487d6bd5a6,61,-22.90411,-43.21611,-22.905809,-43.190632,2019-01-25 08:58:49,2019-01-25 09:45:54,2616.474558408496,-2825.0
C51574,1a516c64-e0c1-41ab-9975-71487d6bd5a6,62,-22.90341,-43.21449,-22.905809,-43.190632,2019-01-25 08:58:49,2019-01-25 09:46:20,2458.235637326155,-2851.0
C51574,1a516c64-e0c1-41ab-9975-71487d6bd5a6,63,-22.902025,-43.210979,-22.905809,-43.190632,2019-01-25 08:58:49,2019-01-25 09:47:15,2126.155998744395,-2906.0
C51574,1a516c64-e0c1-41ab-9975-71487d6bd5a6,64,-22.908498,-43.209965,-22.905809,-43.190632,2019-01-25 08:58:49,2019-01-25 09:49:01,2002.6438575949362,-3012.0
C51574,1a516c64-e0c1-41ab-9975-71487d6bd5a6,65,-22.91013,-43.205583,-22.905809,-43.190632,2019-01-25 08:58:49,2019-01-25 09:50:35,1604.9647937573116,-3106.0
C51574,1a516c64-e0c1-41ab-9975-71487d6bd5a6,66,-22.908619,-43.201048,-22.905809,-43.190632,2019-01-25 08:58:49,2019-01-25 09:51:44,1111.6802528257351,-3175.0
C51574,1a516c64-e0c1-41ab-9975-71487d6bd5a6,67,-22.90623,-43.193405,-22.905809,-43.190632,2019-01-25 08:58:49,2019-01-25 09:53:41,287.8609208357113,-3292.0
C51574,1a516c64-e0c1-41ab-9975-71487d6bd5a6,68,-22.905052,-43.189782,-22.905809,-43.190632,2019-01-25 08:58:49,2019-01-25 09:54:36,121.10045400708067,-3347.0
C51574,1a516c64-e0c1-41ab-9975-71487d6bd5a6,69,-22.903332,-43.184461,-22.905809,-43.190632,2019-01-25 08:58:49,2019-01-25 09:55:57,689.484114794555,-3428.0
C51574,1a516c64-e0c1-41ab-9975-71487d6bd5a6,70,-22.905593,-43.182786,-22.905809,-43.190632,2019-01-25 08:58:49,2019-01-25 09:56:50,803.999799117877,-3481.0
C51574,1a516c64-e0c1-41ab-9975-71487d6bd5a6,71,-22.90723,-43.18272,-22.905809,-43.190632,2019-01-25 08:58:49,2019-01-25 09:57:26,825.6564693256264,-3517.0
C51574,1a516c64-e0c1-41ab-9975-71487d6bd5a6,72,-22.90879,-43.18819,-22.905809,-43.190632,2019-01-25 08:58:49,2019-01-25 09:58:49,415.2534734624842,-3600.0
C51608,1a516c64-e0c1-41ab-9975-71487d6bd5a6,0,-22.901318,-43.347259,-22.885389,-43.299992,2019-01-25 08:59:02,2019-01-25 08:59:02,5155.65186634408,0.0
C51608,1a516c64-e0c1-41ab-9975-71487d6bd5a6,1,-22.90189,-43.34779,-22.885389,-43.299992,2019-01-25 08:59:02,2019-01-25 08:59:13,5228.737185510522,-11.0
C51608,1a516c64-e0c1-41ab-9975-71487d6bd5a6,2,-22.900466,-43.349828,-22.885389,-43.299992,2019-01-25 08:59:02,2019-01-25 08:59:53,5373.256067917945,-51.0
C51608,1a516c64-e0c1-41ab-9975-71487d6bd5a6,3,-22.89911,-43.35167,-22.885389,-43.299992,2019-01-25 08:59:02,2019-01-25 09:00:27,5509.215036165155,-85.0
C51608,1a516c64-e0c1-41ab-9975-71487d6bd5a6,4,-22.898012,-43.352228,-22.885389,-43.299992,2019-01-25 08:59:02,2019-01-25 09:00:54,5531.95095251628,-112.0
C51608,1a516c64-e0c1-41ab-9975-71487d6bd5a6,5,-22.89818,-43.350146,-22.885389,-43.299992,2019-01-25 08:59:02,2019-01-25 09:01:38,5330.881076973982,-156.0
C51608,1a516c64-e0c1-41ab-9975-71487d6bd5a6,6,-22.896967,-43.348397,-22.885389,-43.299992,2019-01-25 08:59:02,2019-01-25 09:02:14,5122.907189285601,-192.0
C51608,1a516c64-e0c1-41ab-9975-71487d6bd5a6,7,-22.8954,-43.34742,-22.885389,-43.299992,2019-01-25 08:59:02,2019-01-25 09:02:42,4984.342673897123,-220.0
C51608,1a516c64-e0c1-41ab-9975-71487d6bd5a6,8,-22.89369,-43.34688,-22.885389,-43.299992,2019-01-25 08:59:02,2019-01-25 09:03:10,4891.047482675174,-248.0
C51608,1a516c64-e0c1-41ab-9975-71487d6bd5a6,9,-22.890381,-43.34553,-22.885389,-43.299992,2019-01-25 08:59:02,2019-01-25 09:04:11,4697.834955775359,-309.0
C51608,1a516c64-e0c1-41ab-9975-71487d6bd5a6,10,-22.88842,-43.34439,-22.885389,-43.299992,2019-01-25 08:59:02,2019-01-25 09:04:46,4560.647223422337,-344.0
C51608,1a516c64-e0c1-41ab-9975-71487d6bd5a6,11,-22.88717,-43.34339,-22.885389,-43.299992,2019-01-25 08:59:02,2019-01-25 09:05:10,4450.164954469,-368.0
C51608,1a516c64-e0c1-41ab-9975-71487d6bd5a6,12,-22.88579,-43.34209,-22.885389,-43.299992,2019-01-25 08:59:02,2019-01-25 09:05:39,4312.83476778269,-397.0
C51608,1a516c64-e0c1-41ab-9975-71487d6bd5a6,13,-22.88283,-43.34025,-22.885389,-43.299992,2019-01-25 08:59:02,2019-01-25 09:06:56,4133.960502155829,-474.0
C51608,1a516c64-e0c1-41ab-9975-71487d6bd5a6,14,-22.882534,-43.33687,-22.885389,-43.299992,2019-01-25 08:59:02,2019-01-25 09:07:45,3791.2170862171874,-523.0
C51608,1a516c64-e0c1-41ab-9975-71487d6bd5a6,15,-22.882382,-43.333901,-22.885389,-43.299992,2019-01-25 08:59:02,2019-01-25 09:08:28,3489.8049855034483,-566.0
C51608,1a516c64-e0c1-41ab-9975-71487d6bd5a6,16,-22.882138,-43.331007,-22.885389,-43.299992,2019-01-25 08:59:02,2019-01-25 09:09:16,3197.7804493453555,-614.0
C51608,1a516c64-e0c1-41ab-9975-71487d6bd5a6,17,-22.88256,-43.32373,-22.885389,-43.299992,2019-01-25 08:59:02,2019-01-25 09:10:57,2452.059230415234,-715.0
C51608,1a516c64-e0c1-41ab-9975-71487d6bd5a6,18,-22.88284,-43.3224,-22.885389,-43.299992,2019-01-25 08:59:02,2019-01-25 09:11:17,2312.9778138974234,-735.0
C51608,1a516c64-e0c1-41ab-9975-71487d6bd5a6,19,-22.8835,-43.32058,-22.885389,-43.299992,2019-01-25 08:59:02,2019-01-25 09:11:45,2119.5277758219213,-763.0
C51608,1a516c64-e0c1-41ab-9975-71487d6bd5a6,20,-22.88445,-43.31751,-22.885389,-43.299992,2019-01-25 08:59:02,2019-01-25 09:12:32,1797.6230779790676,-810.0
C51608,1a516c64-e0c1-41ab-9975-71487d6bd5a6,21,-22.884744,-43.316116,-22.885389,-43.299992,2019-01-25 08:59:02,2019-01-25 09:12:53,1653.3378723571525,-831.0
C51608,1a516c64-e0c1-41ab-9975-71487d6bd5a6,22,-22.88498,-43.31429,-22.885389,-43.299992,2019-01-25 08:59:02,2019-01-25 09:13:19,1465.4262868765784,-857.0
C51608,1a516c64-e0c1-41ab-9975-71487d6bd5a6,23,-22.885103,-43.311568,-22.885389,-43.299992,2019-01-25 08:59:02,2019-01-25 09:13:58,1186.2981976567562,-896.0
C51608,1a516c64-e0c1-41ab-9975-71487d6bd5a6,24,-22.88562,-43.30967,-22.885389,-43.299992,2019-01-25 08:59:02,2019-01-25 09:14:28,991.7671983135432,-926.0
C51608,1a516c64-e0c1-41ab-9975-71487d6bd5a6,25,-22.88672,-43.306443,-22.885389,-43.299992,2019-01-25 08:59:02,2019-01-25 09:15:17,677.2211416198826,-975.0
C51608,1a516c64-e0c1-41ab-9975-71487d6bd5a6,26,-22.88646,-43.30281,-22.885389,-43.299992,2019-01-25 08:59:02,2019-01-25 09:16:11,312.2803853739018,-1029.0
C51608,1a516c64-e0c1-41ab-9975-71487d6bd5a6,27,-22.88548,-43.30031,-22.885389,-43.299992,2019-01-25 08:59:02,2019-01-25 09:16:52,34.1119299331079,-1070.0
C51608,1a516c64-e0c1-41ab-9975-71487d6bd5a6,28,-22.884601,-43.297845,-22.885389,-43.299992,2019-01-25 08:59:02,2019-01-25 09:17:31,236.7549415259643,-1109.0
C51608,1a516c64-e0c1-41ab-9975-71487d6bd5a6,29,-22.88341,-43.29648,-22.885389,-43.299992,2019-01-25 08:59:02,2019-01-25 09:17:58,421.74093186681176,-1136.0
C51608,1a516c64-e0c1-41ab-9975-71487d6bd5a6,30,-22.88182,-43.29431,-22.885389,-43.299992,2019-01-25 08:59:02,2019-01-25 09:18:39,704.4966504788896,-1177.0
C51608,1a516c64-e0c1-41ab-9975-71487d6bd5a6,31,-22.8842,-43.29133,-22.885389,-43.299992,2019-01-25 08:59:02,2019-01-25 09:19:43,897.1532231748579,-1241.0
C51608,1a516c64-e0c1-41ab-9975-71487d6bd5a6,32,-22.885668,-43.290084,-22.885389,-43.299992,2019-01-25 08:59:02,2019-01-25 09:20:17,1015.4700232729667,-1275.0
C51608,1a516c64-e0c1-41ab-9975-71487d6bd5a6,33,-22.88744,-43.2864,-22.885389,-43.299992,2019-01-25 08:59:02,2019-01-25 09:21:12,1410.9371240150567,-1330.0
C51608,1a516c64-e0c1-41ab-9975-71487d6bd5a6,34,-22.887738,-43.283511,-22.885389,-43.299992,2019-01-25 08:59:02,2019-01-25 09:21:48,1708.419860314045,-1366.0
C51608,1a516c64-e0c1-41ab-9975-71487d6bd5a6,35,-22.887155,-43.280679,-22.885389,-43.299992,2019-01-25 08:59:02,2019-01-25 09:22:34,1988.1742637919913,-1412.0
C51608,1a516c64-e0c1-41ab-9975-71487d6bd5a6,36,-22.88591,-43.27898,-22.885389,-43.299992,2019-01-25 08:59:02,2019-01-25 09:23:07,2153.2902869886348,-1445.0
C51608,1a516c64-e0c1-41ab-9975-71487d6bd5a6,37,-22.88441,-43.27719,-22.885389,-43.299992,2019-01-25 08:59:02,2019-01-25 09:23:42,2338.43010202097,-1480.0
C51608,1a516c64-e0c1-41ab-9975-71487d6bd5a6,38,-22.8822,-43.2754,-22.885389,-43.299992,2019-01-25 08:59:02,2019-01-25 09:24:25,2544.1209283097965,-1523.0
C51608,1a516c64-e0c1-41ab-9975-71487d6bd5a6,39,-22.881083,-43.272751,-22.885389,-43.299992,2019-01-25 08:59:02,2019-01-25 09:25:09,2831.4487681385804,-1567.0
C51608,1a516c64-e0c1-41ab-9975-71487d6bd5a6,40,-22.878863,-43.265859,-22.885389,-43.299992,2019-01-25 08:59:02,2019-01-25 09:26:55,3571.2448376128245,-1673.0
C51608,1a516c64-e0c1-41ab-9975-71487d6bd5a6,41,-22.87833,-43.26397,-22.885389,-43.299992,2019-01-25 08:59:02,2019-01-25 09:27:27,3772.821843642045,-1705.0
C51608,1a516c64-e0c1-41ab-9975-71487d6bd5a6,42,-22.878337,-43.261822,-22.885389,-43.299992,2019-01-25 08:59:02,2019-01-25 09:27:58,3988.1679117974013,-1736.0
C51608,1a516c64-e0c1-41ab-9975-71487d6bd5a6,43,-22.880394,-43.259223,-22.885389,-43.299992,2019-01-25 08:59:02,2019-01-25 09:28:53,4213.311229737902,-1791.0
C51608,1a516c64-e0c1-41ab-9975-71487d6bd5a6,44,-22.882581,-43.254845,-22.885389,-43.299992,2019-01-25 08:59:02,2019-01-25 09:30:05,4635.532223859016,-1863.0
C51608,1a516c64-e0c1-41ab-9975-71487d6bd5a6,45,-22.88517,-43.25266,-22.885389,-43.299992,2019-01-25 08:59:02,2019-01-25 09:30:56,4848.858029179603,-1914.0
C51608,1a516c64-e0c1-41ab-9975-71487d6bd5a6,46,-22.886927,-43.250822,-22.885389,-43.299992,2019-01-25 08:59:02,2019-01-25 09:31:34,5039.95550185637,-1952.0
C51608,1a516c64-e0c1-41ab-9975-71487d6bd5a6,47,-22.890046,-43.244457,-22.885389,-43.299992,2019-01-25 08:59:02,2019-01-25 09:33:34,5712.547436275002,-2072.0
C51608,1a516c64-e0c1-41ab-9975-71487d6bd5a6,48,-22.890765,-43.242335,-22.885389,-43.299992,2019-01-25 08:59:02,2019-01-25 09:34:05,5936.565105068311,-2103.0
C51608,1a516c64-e0c1-41ab-9975-71487d6bd5a6,49,-22.891768,-43.240794,-22.885389,-43.299992,2019-01-25 08:59:02,2019-01-25 09:34:29,6105.571291823513,-2127.0
C51608,1a516c64-e0c1-41ab-9975-71487d6bd5a6,50,-22.89495,-43.24279,-22.885389,-43.299992,2019-01-25 08:59:02,2019-01-25 09:35:45,5955.353191064008,-2203.0
C51608,1a516c64-e0c1-41ab-9975-71487d6bd5a6,51,-22.897995,-43.241305,-22.885389,-43.299992,2019-01-25 08:59:02,2019-01-25 09:36:56,6172.997754353757,-2274.0
C51608,1a516c64-e0c1-41ab-9975-71487d6bd5a6,52,-22.90138,-43.241176,-22.885389,-43.299992,2019-01-25 08:59:02,2019-01-25 09:37:56,6281.793495866613,-2334.0
C51608,1a516c64-e0c1-41ab-9975-71487d6bd5a6,53,-22.90591,-43.23964,-22.885389,-43.299992,2019-01-25 08:59:02,2019-01-25 09:39:09,6589.794557935092,-2407.0
C51608,1a516c64-e0c1-41ab-9975-71487d6bd5a6,54,-22.907884,-43.236917,-22.885389,-43.299992,2019-01-25 08:59:02,2019-01-25 09:39:59,6928.2919919635,-2457.0
C51608,1a516c64-e0c1-41ab-9975-71487d6bd5a6,55,-22.908756,-43.234655,-22.885389,-43.299992,2019-01-25 08:59:02,2019-01-25 09:40:31,7179.358774588053,-2489.0
C51608,1a516c64-e0c1-41ab-9975-71487d6bd5a6,56,-22.908374,-43.231002,-22.885389,-43.299992,2019-01-25 08:59:02,2019-01-25 09:41:28,7514.857488709198,-2546.0
C51608,1a516c64-e0c1-41ab-9975-71487d6bd5a6,57,-22.90931,-43.22631,-22.885389,-43.299992,2019-01-25 08:59:02,2019-01-25 09:42:49,8002.466618989011,-2627.0
C51608,1a516c64-e0c1-41ab-9975-71487d6bd5a6,58,-22.909238,-43.222916,-22.885389,-43.299992,2019-01-25 08:59:02,2019-01-25 09:43:39,8328.609061529678,-2677.0
C51608,1a516c64-e0c1-41ab-9975-71487d6bd5a6,59,-22.906357,-43.220639,-22.885389,-43.299992,2019-01-25 08:59:02,2019-01-25 09:44:36,8456.240921239585,-2734.0
C51608,1a516c64-e0c1-41ab-9975-71487d6bd5a6,60,-22.904907,-43.218901,-22.885389,-43.299992,2019-01-25 08:59:02,2019-01-25 09:45:22,8585.384866007302,-2780.0
C51608,1a516c64-e0c1-41ab-9975-71487d6bd5a6,61,-22.90411,-43.21611,-22.885389,-43.299992,2019-01-25 08:59:02,2019-01-25 09:46:07,8841.028698870883,-2825.0
C51608,1a516c64-e0c1-41ab-9975-71487d6bd5a6,62,-22.90341,-43.21449,-22.885389,-43.299992,2019-01-25 08:59:02,2019-01-25 09:46:33,8984.73533962819,-2851.0
C51608,1a516c64-e0c1-41ab-9975-71487d6bd5a6,63,-22.902025,-43.210979,-22.885389,-43.299992,2019-01-25 08:59:02,2019-01-25 09:47:28,9303.877057642258,-2906.0
C51608,1a516c64-e0c1-41ab-9975-71487d6bd5a6,64,-22.908498,-43.209965,-22.885389,-43.299992,2019-01-25 08:59:02,2019-01-25 09:49:14,9573.088171107003,-3012.0
C51608,1a516c64-e0c1-41ab-9975-71487d6bd5a6,65,-22.91013,-43.205583,-22.885389,-43.299992,2019-01-25 08:59:02,2019-01-25 09:50:48,10054.280123273202,-3106.0
C51608,1a516c64-e0c1-41ab-9975-71487d6bd5a6,66,-22.908619,-43.201048,-22.885389,-43.299992,2019-01-25 08:59:02,2019-01-25 09:51:57,10459.152592678583,-3175.0
C51608,1a516c64-e0c1-41ab-9975-71487d6bd5a6,67,-22.90623,-43.193405,-22.885389,-43.299992,2019-01-25 08:59:02,2019-01-25 09:53:54,11161.394962564626,-3292.0
C51608,1a516c64-e0c1-41ab-9975-71487d6bd5a6,68,-22.905052,-43.189782,-22.885389,-43.299992,2019-01-25 08:59:02,2019-01-25 09:54:49,11499.109279217737,-3347.0
C51608,1a516c64-e0c1-41ab-9975-71487d6bd5a6,69,-22.903332,-43.184461,-22.885389,-43.299992,2019-01-25 08:59:02,2019-01-25 09:56:10,12001.468443383132,-3428.0
C51608,1a516c64-e0c1-41ab-9975-71487d6bd5a6,70,-22.905593,-43.182786,-22.885389,-43.299992,2019-01-25 08:59:02,2019-01-25 09:57:03,12214.327886652884,-3481.0
C51608,1a516c64-e0c1-41ab-9975-71487d6bd5a6,71,-22.90723,-43.18272,-22.885389,-43.299992,2019-01-25 08:59:02,2019-01-25 09:57:39,12255.670245873178,-3517.0
C51608,1a516c64-e0c1-41ab-9975-71487d6bd5a6,72,-22.90879,-43.18819,-22.885389,-43.299992,2019-01-25 08:59:02,2019-01-25 09:59:02,11744.141431603912,-3600.0
C51597,1a516c64-e0c1-41ab-9975-71487d6bd5a6,0,-22.901318,-43.347259,-22.908091,-43.221809,2019-01-25 09:00:49,2019-01-25 09:00:49,12871.5925251073,0.0
C51597,1a516c64-e0c1-41ab-9975-71487d6bd5a6,1,-22.90189,-43.34779,-22.908091,-43.221809,2019-01-25 09:00:49,2019-01-25 09:01:00,12922.311765763758,-11.0
C51597,1a516c64-e0c1-41ab-9975-71487d6bd5a6,2,-22.900466,-43.349828,-22.908091,-43.221809,2019-01-25 09:00:49,2019-01-25 09:01:40,13140.101011019164,-51.0
C51597,1a516c64-e0c1-41ab-9975-71487d6bd5a6,3,-22.89911,-43.35167,-22.908091,-43.221809,2019-01-25 09:00:49,2019-01-25 09:02:14,13338.892301588636,-85.0
C51597,1a516c64-e0c1-41ab-9975-71487d6bd5a6,4,-22.898012,-43.352228,-22.908091,-43.221809,2019-01-25 09:00:49,2019-01-25 09:02:41,13405.596185213555,-112.0
C51597,1a516c64-e0c1-41ab-9975-71487d6bd5a6,5,-22.89818,-43.350146,-22.908091,-43.221809,2019-01-25 09:00:49,2019-01-25 09:03:25,13191.516090366393,-156.0
C51597,1a516c64-e0c1-41ab-9975-71487d6bd5a6,6,-22.896967,-43.348397,-22.908091,-43.221809,2019-01-25 09:00:49,2019-01-25 09:04:01,13025.176887652371,-192.0
C51597,1a516c64-e0c1-41ab-9975-71487d6bd5a6,7,-22.8954,-43.34742,-22.908091,-43.221809,2019-01-25 09:00:49,2019-01-25 09:04:29,12943.469714449995,-220.0
C51597,1a516c64-e0c1-41ab-9975-71487d6bd5a6,8,-22.89369,-43.34688,-22.908091,-43.221809,2019-01-25 09:00:49,2019-01-25 09:04:57,12910.771337225018,-248.0
C51597,1a516c64-e0c1-41ab-9975-71487d6bd5a6,9,-22.890381,-43.34553,-22.908091,-43.221809,2019-01-25 09:00:49,2019-01-25 09:05:58,12825.044555318635,-309.0
C51597,1a516c64-e0c1-41ab-9975-71487d6bd5a6,10,-22.88842,-43.34439,-22.908091,-43.221809,2019-01-25 09:00:49,2019-01-25 09:06:33,12745.365483979947,-344.0
C51597,1a516c64-e0c1-41ab-9975-71487d6bd5a6,11,-22.88717,-43.34339,-22.908091,-43.221809,2019-01-25 09:00:49,2019-01-25 09:06:57,12669.304958959963,-368.0
C51597,1a516c64-e0c1-41ab-9975-71487d6bd5a6,12,-22.88579,-43.34209,-22.908091,-43.221809,2019-01-25 09:00:49,2019-01-25 09:07:26,12567.866115455185,-397.0
C51597,1a516c64-e0c1-41ab-9975-71487d6bd5a6,13,-22.88283,-43.34025,-22.908091,-43.221809,2019-01-25 09:00:49,2019-01-25 09:08:43,12453.36489987008,-474.0
C51597,1a516c64-e0c1-41ab-9975-71487d6bd5a6,14,-22.882534,-43.33687,-22.908091,-43.221809,2019-01-25 09:00:49,2019-01-25 09:09:32,12123.9948366118,-523.0
C51597,1a516c64-e0c1-41ab-9975-71487d6bd5a6,15,-22.882382,-43.333901,-22.908091,-43.221809,2019-01-25 09:00:49,2019-01-25 09:10:15,11832.631940437845,-566.0
C51597,1a516c64-e0c1-41ab-9975-71487d6bd5a6,16,-22.882138,-43.331007,-22.908091,-43.221809,2019-01-25 09:00:49,2019-01-25 09:11:03,11551.947286640941,-614.0
C51597,1a516c64-e0c1-41ab-9975-71487d6bd5a6,17,-22.88256,-43.32373,-22.908091,-43.221809,2019-01-25 09:00:49,2019-01-25 09:12:44,10819.341400926134,-715.0
C51597,1a516c64-e0c1-41ab-9975-71487d6bd5a6,18,-22.88284,-43.3224,-22.908091,-43.221809,2019-01-25 09:00:49,2019-01-25 09:13:04,10679.698699828075,-735.0
C51597,1a516c64-e0c1-41ab-9975-71487d6bd5a6,19,-22.8835,-43.32058,-22.908091,-43.221809,2019-01-25 09:00:49,2019-01-25 09:13:32,10480.530701282392,-763.0
C51597,1a516c64-e0c1-41ab-9975-71487d6bd5a6,20,-22.88445,-43.31751,-22.908091,-43.221809,2019-01-25 09:00:49,2019-01-25 09:14:19,10149.375044680302,-810.0
C51597,1a516c64-e0c1-41ab-9975-71487d6bd5a6,21,-22.884744,-43.316116,-22.908091,-43.221809,2019-01-25 09:00:49,2019-01-25 09:14:40,10002.978937151436,-831.0
C51597,1a516c64-e0c1-41ab-9975-71487d6bd5a6,22,-22.88498,-43.31429,-22.908091,-43.221809,2019-01-25 09:00:49,2019-01-25 09:15:06,9815.552670750094,-857.0
C51597,1a516c64-e0c1-41ab-9975-71487d6bd5a6,23,-22.885103,-43.311568,-22.908091,-43.221809,2019-01-25 09:00:49,2019-01-25 09:15:45,9543.056235966013,-896.0
C51597,1a516c64-e0c1-41ab-9975-71487d6bd5a6,24,-22.88562,-43.30967,-22.908091,-43.221809,2019-01-25 09:00:49,2019-01-25 09:16:15,9340.32696455221,-926.0
C51597,1a516c64-e0c1-41ab-9975-71487d6bd5a6,25,-22.88672,-43.306443,-22.908091,-43.221809,2019-01-25 09:00:49,2019-01-25 09:17:04,8989.114847599621,-975.0
C51597,1a516c64-e0c1-41ab-9975-71487d6bd5a6,26,-22.88646,-43.30281,-22.908091,-43.221809,2019-01-25 09:00:49,2019-01-25 09:17:58,8638.78757408545,-1029.0
C51597,1a516c64-e0c1-41ab-9975-71487d6bd5a6,27,-22.88548,-43.30031,-22.908091,-43.221809,2019-01-25 09:00:49,2019-01-25 09:18:39,8425.03640598882,-1070.0
C51597,1a516c64-e0c1-41ab-9975-71487d6bd5a6,28,-22.884601,-43.297845,-22.908091,-43.221809,2019-01-25 09:00:49,2019-01-25 09:19:18,8214.966162975754,-1109.0
C51597,1a516c64-e0c1-41ab-9975-71487d6bd5a6,29,-22.88341,-43.29648,-22.908091,-43.221809,2019-01-25 09:00:49,2019-01-25 09:19:45,8126.317524803008,-1136.0
C51597,1a516c64-e0c1-41ab-9975-71487d6bd5a6,30,-22.88182,-43.29431,-22.908091,-43.221809,2019-01-25 09:00:49,2019-01-25 09:20:26,7980.497969482078,-1177.0
C51597,1a516c64-e0c1-41ab-9975-71487d6bd5a6,31,-22.8842,-43.29133,-22.908091,-43.221809,2019-01-25 09:00:49,2019-01-25 09:21:30,7600.68856622659,-1241.0
C51597,1a516c64-e0c1-41ab-9975-71487d6bd5a6,32,-22.885668,-43.290084,-22.908091,-43.221809,2019-01-25 09:00:49,2019-01-25 09:22:04,7424.807287414738,-1275.0
C51597,1a516c64-e0c1-41ab-9975-71487d6bd5a6,33,-22.88744,-43.2864,-22.908091,-43.221809,2019-01-25 09:00:49,2019-01-25 09:22:59,7003.395479916977,-1330.0
C51597,1a516c64-e0c1-41ab-9975-71487d6bd5a6,34,-22.887738,-43.283511,-22.908091,-43.221809,2019-01-25 09:00:49,2019-01-25 09:23:35,6713.276827651457,-1366.0
C51597,1a516c64-e0c1-41ab-9975-71487d6bd5a6,35,-22.887155,-43.280679,-22.908091,-43.221809,2019-01-25 09:00:49,2019-01-25 09:24:21,6463.985963442898,-1412.0
C51597,1a516c64-e0c1-41ab-9975-71487d6bd5a6,36,-22.88591,-43.27898,-22.908091,-43.221809,2019-01-25 09:00:49,2019-01-25 09:24:54,6354.40930754723,-1445.0
C51597,1a516c64-e0c1-41ab-9975-71487d6bd5a6,37,-22.88441,-43.27719,-22.908091,-43.221809,2019-01-25 09:00:49,2019-01-25 09:25:29,6254.240718131552,-1480.0
C51597,1a516c64-e0c1-41ab-9975-71487d6bd5a6,38,-22.8822,-43.2754,-22.908091,-43.221809,2019-01-25 09:00:49,2019-01-25 09:26:12,6198.699102432518,-1523.0
C51597,1a516c64-e0c1-41ab-9975-71487d6bd5a6,39,-22.881083,-43.272751,-22.908091,-43.221809,2019-01-25 09:00:49,2019-01-25 09:26:56,6020.723808967342,-1567.0
C51597,1a516c64-e0c1-41ab-9975-71487d6bd5a6,40,-22.878863,-43.265859,-22.908091,-43.221809,2019-01-25 09:00:49,2019-01-25 09:28:42,5560.8870493316335,-1673.0
C51597,1a516c64-e0c1-41ab-9975-71487d6bd5a6,41,-22.87833,-43.26397,-22.908091,-43.221809,2019-01-25 09:00:49,2019-01-25 09:29:14,5440.905243891162,-1705.0
C51597,1a516c64-e0c1-41ab-9975-71487d6bd5a6,42,-22.878337,-43.261822,-22.908091,-43.221809,2019-01-25 09:00:49,2019-01-25 09:29:45,5267.4612284784625,-1736.0
C51597,1a516c64-e0c1-41ab-9975-71487d6bd5a6,43,-22.880394,-43.259223,-22.908091,-43.221809,2019-01-25 09:00:49,2019-01-25 09:30:40,4916.622634408352,-1791.0
C51597,1a516c64-e0c1-41ab-9975-71487d6bd5a6,44,-22.882581,-43.254845,-22.908091,-43.221809,2019-01-25 09:00:49,2019-01-25 09:31:52,4415.639285829148,-1863.0
C51597,1a516c64-e0c1-41ab-9975-71487d6bd5a6,45,-22.88517,-43.25266,-22.908091,-43.221809,2019-01-25 09:00:49,2019-01-25 09:32:43,4059.878611697662,-1914.0
C51597,1a516c64-e0c1-41ab-9975-71487d6bd5a6,46,-22.886927,-43.250822,-22.908091,-43.221809,2019-01-25 09:00:49,2019-01-25 09:33:21,3790.8159393805477,-1952.0
C51597,1a516c64-e0c1-41ab-9975-71487d6bd5a6,47,-22.890046,-43.244457,-22.908091,-43.221809,2019-01-25 09:00:49,2019-01-25 09:35:21,3067.2331150321593,-2072.0
C51597,1a516c64-e0c1-41ab-9975-71487d6bd5a6,48,-22.890765,-43.242335,-22.908091,-43.221809,2019-01-25 09:00:49,2019-01-25 09:35:52,2851.70064565758,-2103.0
C51597,1a516c64-e0c1-41ab-9975-71487d6bd5a6,49,-22.891768,-43.240794,-22.908091,-43.221809,2019-01-25 09:00:49,2019-01-25 09:36:16,2660.0825648598748,-2127.0
C51597,1a516c64-e0c1-41ab-9975-71487d6bd5a6,50,-22.89495,-43.24279,-22.908091,-43.221809,2019-01-25 09:00:49,2019-01-25 09:37:32,2598.7887385245813,-2203.0
C51597,1a516c64-e0c1-41ab-9975-71487d6bd5a6,51,-22.897995,-43.241305,-22.908091,-43.221809,2019-01-25 09:00:49,2019-01-25 09:38:43,2290.874275464941,-2274.0
C51597,1a516c64-e0c1-41ab-9975-71487d6bd5a6,52,-22.90138,-43.241176,-22.908091,-43.221809,2019-01-25 09:00:49,2019-01-25 09:39:43,2119.4296201385096,-2334.0
C51597,1a516c64-e0c1-41ab-9975-71487d6bd5a6,53,-22.90591,-43.23964,-22.908091,-43.221809,2019-01-25 09:00:49,2019-01-25 09:40:56,1842.3865693921607,-2407.0
C51597,1a516c64-e0c1-41ab-9975-71487d6bd5a6,54,-22.907884,-43.236917,-22.908091,-43.221809,2019-01-25 09:00:49,2019-01-25 09:41:46,1547.609746466544,-2457.0
C51597,1a516c64-e0c1-41ab-9975-71487d6bd5a6,55,-22.908756,-43.234655,-22.908091,-43.221809,2019-01-25 09:00:49,2019-01-25 09:42:18,1317.8249325126726,-2489.0
C51597,1a516c64-e0c1-41ab-9975-71487d6bd5a6,56,-22.908374,-43.231002,-22.908091,-43.221809,2019-01-25 09:00:49,2019-01-25 09:43:15,942.1180289411296,-2546.0
C51597,1a516c64-e0c1-41ab-9975-71487d6bd5a6,57,-22.90931,-43.22631,-22.908091,-43.221809,2019-01-25 09:00:49,2019-01-25 09:44:36,480.52665869763104,-2627.0
C51597,1a516c64-e0c1-41ab-9975-71487d6bd5a6,58,-22.909238,-43.222916,-22.908091,-43.221809,2019-01-25 09:00:49,2019-01-25 09:45:26,170.65326927976764,-2677.0
C51597,1a516c64-e0c1-41ab-9975-71487d6bd5a6,59,-22.906357,-43.220639,-22.908091,-43.221809,2019-01-25 09:00:49,2019-01-25 09:46:23,227.01900286395687,-2734.0
C51597,1a516c64-e0c1-41ab-9975-71487d6bd5a6,60,-22.904907,-43.218901,-22.908091,-43.221809,2019-01-25 09:00:49,2019-01-25 09:47:09,462.6721359909787,-2780.0
C51597,1a516c64-e0c1-41ab-9975-71487d6bd5a6,61,-22.90411,-43.21611,-22.908091,-43.221809,2019-01-25 09:00:49,2019-01-25 09:47:54,732.593626078137,-2825.0
C51597,1a516c64-e0c1-41ab-9975-71487d6bd5a6,62,-22.90341,-43.21449,-22.908091,-43.221809,2019-01-25 09:00:49,2019-01-25 09:48:20,912.6426383813975,-2851.0
C51597,1a516c64-e0c1-41ab-9975-71487d6bd5a6,63,-22.902025,-43.210979,-22.908091,-43.221809,2019-01-25 09:00:49,2019-01-25 09:49:15,1298.2608706099813,-2906.0
C51597,1a516c64-e0c1-41ab-9975-71487d6bd5a6,64,-22.908498,-43.209965,-22.908091,-43.221809,2019-01-25 09:00:49,2019-01-25 09:51:01,1213.9641296051977,-3012.0
C51597,1a516c64-e0c1-41ab-9975-71487d6bd5a6,65,-22.91013,-43.205583,-22.908091,-43.221809,2019-01-25 09:00:49,2019-01-25 09:52:35,1677.3301443954354,-3106.0
C51597,1a516c64-e0c1-41ab-9975-71487d6bd5a6,66,-22.908619,-43.201048,-22.908091,-43.221809,2019-01-25 09:00:49,2019-01-25 09:53:44,2127.2523036921716,-3175.0
C51597,1a516c64-e0c1-41ab-9975-71487d6bd5a6,67,-22.90623,-43.193405,-22.908091,-43.221809,2019-01-25 09:00:49,2019-01-25 09:55:41,2916.650725601414,-3292.0
C51597,1a516c64-e0c1-41ab-9975-71487d6bd5a6,68,-22.905052,-43.189782,-22.908091,-43.221809,2019-01-25 09:00:49,2019-01-25 09:56:36,3297.76234167573,-3347.0
C51597,1a516c64-e0c1-41ab-9975-71487d6bd5a6,69,-22.903332,-43.184461,-22.908091,-43.221809,2019-01-25 09:00:49,2019-01-25 09:57:57,3861.8645674092727,-3428.0
C51597,1a516c64-e0c1-41ab-9975-71487d6bd5a6,70,-22.905593,-43.182786,-22.908091,-43.221809,2019-01-25 09:00:49,2019-01-25 09:58:50,4006.6087048844333,-3481.0
C51597,1a516c64-e0c1-41ab-9975-71487d6bd5a6,71,-22.90723,-43.18272,-22.908091,-43.221809,2019-01-25 09:00:49,2019-01-25 09:59:26,4004.849309214549,-3517.0
C51597,1a516c64-e0c1-41ab-9975-71487d6bd5a6,72,-22.90879,-43.18819,-22.908091,-43.221809,2019-01-25 09:00:49,2019-01-25 10:00:49,3444.2953812684004,-3600.0
C51631,1a516c64-e0c1-41ab-9975-71487d6bd5a6,0,-22.901318,-43.347259,-22.880659,-43.32457,2019-01-25 08:57:45,2019-01-25 08:57:45,3267.8725349487786,0.0
C51631,1a516c64-e0c1-41ab-9975-71487d6bd5a6,1,-22.90189,-43.34779,-22.880659,-43.32457,2019-01-25 08:57:45,2019-01-25 08:57:56,3351.273979985026,-11.0
C51631,1a516c64-e0c1-41ab-9975-71487d6bd5a6,2,-22.900466,-43.349828,-22.880659,-43.32457,2019-01-25 08:57:45,2019-01-25 08:58:36,3397.8372438646365,-51.0
C51631,1a516c64-e0c1-41ab-9975-71487d6bd5a6,3,-22.89911,-43.35167,-22.880659,-43.32457,2019-01-25 08:57:45,2019-01-25 08:59:10,3451.9530412007193,-85.0
C51631,1a516c64-e0c1-41ab-9975-71487d6bd5a6,4,-22.898012,-43.352228,-22.880659,-43.32457,2019-01-25 08:57:45,2019-01-25 08:59:37,3427.9153844538528,-112.0
C51631,1a516c64-e0c1-41ab-9975-71487d6bd5a6,5,-22.89818,-43.350146,-22.880659,-43.32457,2019-01-25 08:57:45,2019-01-25 09:00:21,3264.9618322663964,-156.0
C51631,1a516c64-e0c1-41ab-9975-71487d6bd5a6,6,-22.896967,-43.348397,-22.880659,-43.32457,2019-01-25 08:57:45,2019-01-25 09:00:57,3040.7139221380316,-192.0
C51631,1a516c64-e0c1-41ab-9975-71487d6bd5a6,7,-22.8954,-43.34742,-22.880659,-43.32457,2019-01-25 08:57:45,2019-01-25 09:01:25,2857.5999479319203,-220.0
C51631,1a516c64-e0c1-41ab-9975-71487d6bd5a6,8,-22.89369,-43.34688,-22.880659,-43.32457,2019-01-25 08:57:45,2019-01-25 09:01:53,2706.076492485448,-248.0
C51631,1a516c64-e0c1-41ab-9975-71487d6bd5a6,9,-22.890381,-43.34553,-22.880659,-43.32457,2019-01-25 08:57:45,2019-01-25 09:02:54,2403.9651455733524,-309.0
C51631,1a516c64-e0c1-41ab-9975-71487d6bd5a6,10,-22.88842,-43.34439,-22.880659,-43.32457,2019-01-25 08:57:45,2019-01-25 09:03:29,2206.2032172850572,-344.0
C51631,1a516c64-e0c1-41ab-9975-71487d6bd5a6,11,-22.88717,-43.34339,-22.880659,-43.32457,2019-01-25 08:57:45,2019-01-25 09:03:53,2059.4365476976272,-368.0
C51631,1a516c64-e0c1-41ab-9975-71487d6bd5a6,12,-22.88579,-43.34209,-22.880659,-43.32457,2019-01-25 08:57:45,2019-01-25 09:04:22,1883.3162075680953,-397.0
C51631,1a516c64-e0c1-41ab-9975-71487d6bd5a6,13,-22.88283,-43.34025,-22.880659,-43.32457,2019-01-25 08:57:45,2019-01-25 09:05:39,1624.3745454667842,-474.0
C51631,1a516c64-e0c1-41ab-9975-71487d6bd5a6,14,-22.882534,-43.33687,-22.880659,-43.32457,2019-01-25 08:57:45,2019-01-25 09:06:28,1277.2057906627492,-523.0
C51631,1a516c64-e0c1-41ab-9975-71487d6bd5a6,15,-22.882382,-43.333901,-22.880659,-43.32457,2019-01-25 08:57:45,2019-01-25 09:07:11,974.9256893260473,-566.0
C51631,1a516c64-e0c1-41ab-9975-71487d6bd5a6,16,-22.882138,-43.331007,-22.880659,-43.32457,2019-01-25 08:57:45,2019-01-25 09:07:59,679.6373059913991,-614.0
C51631,1a516c64-e0c1-41ab-9975-71487d6bd5a6,17,-22.88256,-43.32373,-22.880659,-43.32457,2019-01-25 08:57:45,2019-01-25 09:09:40,228.22669069390793,-715.0
C51631,1a516c64-e0c1-41ab-9975-71487d6bd5a6,18,-22.88284,-43.3224,-22.880659,-43.32457,2019-01-25 08:57:45,2019-01-25 09:10:00,328.98905961754963,-735.0
C51631,1a516c64-e0c1-41ab-9975-71487d6bd5a6,19,-22.8835,-43.32058,-22.880659,-43.32457,2019-01-25 08:57:45,2019-01-25 09:10:28,516.6002934531318,-763.0
C51631,1a516c64-e0c1-41ab-9975-71487d6bd5a6,20,-22.88445,-43.31751,-22.880659,-43.32457,2019-01-25 08:57:45,2019-01-25 09:11:15,837.1358417267771,-810.0
C51631,1a516c64-e0c1-41ab-9975-71487d6bd5a6,21,-22.884744,-43.316116,-22.880659,-43.32457,2019-01-25 08:57:45,2019-01-25 09:11:36,977.9527944262275,-831.0
C51631,1a516c64-e0c1-41ab-9975-71487d6bd5a6,22,-22.88498,-43.31429,-22.880659,-43.32457,2019-01-25 08:57:45,2019-01-25 09:12:02,1157.5525290299458,-857.0
C51631,1a516c64-e0c1-41ab-9975-71487d6bd5a6,23,-22.885103,-43.311568,-22.880659,-43.32457,2019-01-25 08:57:45,2019-01-25 09:12:41,1420.6861792826905,-896.0
C51631,1a516c64-e0c1-41ab-9975-71487d6bd5a6,24,-22.88562,-43.30967,-22.880659,-43.32457,2019-01-25 08:57:45,2019-01-25 09:13:11,1623.0352025660213,-926.0
C51631,1a516c64-e0c1-41ab-9975-71487d6bd5a6,25,-22.88672,-43.306443,-22.880659,-43.32457,2019-01-25 08:57:45,2019-01-25 09:14:00,1975.508338467469,-975.0
C51631,1a516c64-e0c1-41ab-9975-71487d6bd5a6,26,-22.88646,-43.30281,-22.880659,-43.32457,2019-01-25 08:57:45,2019-01-25 09:14:54,2320.621809267353,-1029.0
C51631,1a516c64-e0c1-41ab-9975-71487d6bd5a6,27,-22.88548,-43.30031,-22.880659,-43.32457,2019-01-25 08:57:45,2019-01-25 09:15:35,2542.446908244542,-1070.0
C51631,1a516c64-e0c1-41ab-9975-71487d6bd5a6,28,-22.884601,-43.297845,-22.880659,-43.32457,2019-01-25 08:57:45,2019-01-25 09:16:14,2772.6894764072617,-1109.0
C51631,1a516c64-e0c1-41ab-9975-71487d6bd5a6,29,-22.88341,-43.29648,-22.880659,-43.32457,2019-01-25 08:57:45,2019-01-25 09:16:41,2893.88458549346,-1136.0
C51631,1a516c64-e0c1-41ab-9975-71487d6bd5a6,30,-22.88182,-43.29431,-22.880659,-43.32457,2019-01-25 08:57:45,2019-01-25 09:17:22,3102.68186667018,-1177.0
C51631,1a516c64-e0c1-41ab-9975-71487d6bd5a6,31,-22.8842,-43.29133,-22.880659,-43.32457,2019-01-25 08:57:45,2019-01-25 09:18:26,3427.9402042241786,-1241.0
C51631,1a516c64-e0c1-41ab-9975-71487d6bd5a6,32,-22.885668,-43.290084,-22.880659,-43.32457,2019-01-25 08:57:45,2019-01-25 09:19:00,3576.514184188498,-1275.0
C51631,1a516c64-e0c1-41ab-9975-71487d6bd5a6,33,-22.88744,-43.2864,-22.880659,-43.32457,2019-01-25 08:57:45,2019-01-25 09:19:55,3982.2908122030367,-1330.0
C51631,1a516c64-e0c1-41ab-9975-71487d6bd5a6,34,-22.887738,-43.283511,-22.880659,-43.32457,2019-01-25 08:57:45,2019-01-25 09:20:31,4279.229697117371,-1366.0
C51631,1a516c64-e0c1-41ab-9975-71487d6bd5a6,35,-22.887155,-43.280679,-22.880659,-43.32457,2019-01-25 08:57:45,2019-01-25 09:21:17,4553.988325822254,-1412.0
C51631,1a516c64-e0c1-41ab-9975-71487d6bd5a6,36,-22.88591,-43.27898,-22.880659,-43.32457,2019-01-25 08:57:45,2019-01-25 09:21:50,4706.767585470801,-1445.0
C51631,1a516c64-e0c1-41ab-9975-71487d6bd5a6,37,-22.88441,-43.27719,-22.880659,-43.32457,2019-01-25 08:57:45,2019-01-25 09:22:25,4871.699839005354,-1480.0
C51631,1a516c64-e0c1-41ab-9975-71487d6bd5a6,38,-22.8822,-43.2754,-22.880659,-43.32457,2019-01-25 08:57:45,2019-01-25 09:23:08,5040.142192752418,-1523.0
C51631,1a516c64-e0c1-41ab-9975-71487d6bd5a6,39,-22.881083,-43.272751,-22.880659,-43.32457,2019-01-25 08:57:45,2019-01-25 09:23:52,5308.837029271309,-1567.0
C51631,1a516c64-e0c1-41ab-9975-71487d6bd5a6,40,-22.878863,-43.265859,-22.880659,-43.32457,2019-01-25 08:57:45,2019-01-25 09:25:38,6018.046290054652,-1673.0
C51631,1a516c64-e0c1-41ab-9975-71487d6bd5a6,41,-22.87833,-43.26397,-22.880659,-43.32457,2019-01-25 08:57:45,2019-01-25 09:26:10,6213.664352703699,-1705.0
C51631,1a516c64-e0c1-41ab-9975-71487d6bd5a6,42,-22.878337,-43.261822,-22.880659,-43.32457,2019-01-25 08:57:45,2019-01-25 09:26:41,6433.503572386754,-1736.0
C51631,1a516c64-e0c1-41ab-9975-71487d6bd5a6,43,-22.880394,-43.259223,-22.880659,-43.32457,2019-01-25 08:57:45,2019-01-25 09:27:36,6694.593341590156,-1791.0
C51631,1a516c64-e0c1-41ab-9975-71487d6bd5a6,44,-22.882581,-43.254845,-22.880659,-43.32457,2019-01-25 08:57:45,2019-01-25 09:28:48,7146.17531659192,-1863.0
C51631,1a516c64-e0c1-41ab-9975-71487d6bd5a6,45,-22.88517,-43.25266,-22.880659,-43.32457,2019-01-25 08:57:45,2019-01-25 09:29:39,7383.808135677688,-1914.0
C51631,1a516c64-e0c1-41ab-9975-71487d6bd5a6,46,-22.886927,-43.250822,-22.880659,-43.32457,2019-01-25 08:57:45,2019-01-25 09:30:17,7587.074823535166,-1952.0
C51631,1a516c64-e0c1-41ab-9975-71487d6bd5a6,47,-22.890046,-43.244457,-22.880659,-43.32457,2019-01-25 08:57:45,2019-01-25 09:32:17,8273.061818549257,-2072.0
C51631,1a516c64-e0c1-41ab-9975-71487d6bd5a6,48,-22.890765,-43.242335,-22.880659,-43.32457,2019-01-25 08:57:45,2019-01-25 09:32:48,8498.930255117659,-2103.0
C51631,1a516c64-e0c1-41ab-9975-71487d6bd5a6,49,-22.891768,-43.240794,-22.880659,-43.32457,2019-01-25 08:57:45,2019-01-25 09:33:12,8670.58603287243,-2127.0
C51631,1a516c64-e0c1-41ab-9975-71487d6bd5a6,50,-22.89495,-43.24279,-22.880659,-43.32457,2019-01-25 08:57:45,2019-01-25 09:34:28,8526.951699546258,-2203.0
C51631,1a516c64-e0c1-41ab-9975-71487d6bd5a6,51,-22.897995,-43.241305,-22.880659,-43.32457,2019-01-25 08:57:45,2019-01-25 09:35:39,8744.713126349057,-2274.0
C51631,1a516c64-e0c1-41ab-9975-71487d6bd5a6,52,-22.90138,-43.241176,-22.880659,-43.32457,2019-01-25 08:57:45,2019-01-25 09:36:39,8847.971521289037,-2334.0
C51631,1a516c64-e0c1-41ab-9975-71487d6bd5a6,53,-22.90591,-43.23964,-22.880659,-43.32457,2019-01-25 08:57:45,2019-01-25 09:37:52,9141.774202657563,-2407.0
C51631,1a516c64-e0c1-41ab-9975-71487d6bd5a6,54,-22.907884,-43.236917,-22.880659,-43.32457,2019-01-25 08:57:45,2019-01-25 09:38:42,9475.381389532798,-2457.0
C51631,1a516c64-e0c1-41ab-9975-71487d6bd5a6,55,-22.908756,-43.234655,-22.880659,-43.32457,2019-01-25 08:57:45,2019-01-25 09:39:14,9725.913166964752,-2489.0
C51631,1a516c64-e0c1-41ab-9975-71487d6bd5a6,56,-22.908374,-43.231002,-22.880659,-43.32457,2019-01-25 08:57:45,2019-01-25 09:40:11,10067.92338150699,-2546.0
C51631,1a516c64-e0c1-41ab-9975-71487d6bd5a6,57,-22.90931,-43.22631,-22.880659,-43.32457,2019-01-25 08:57:45,2019-01-25 09:41:32,10557.414037046019,-2627.0
C51631,1a516c64-e0c1-41ab-9975-71487d6bd5a6,58,-22.909238,-43.222916,-22.880659,-43.32457,2019-01-25 08:57:45,2019-01-25 09:42:22,10887.039453805768,-2677.0
C51631,1a516c64-e0c1-41ab-9975-71487d6bd5a6,59,-22.906357,-43.220639,-22.880659,-43.32457,2019-01-25 08:57:45,2019-01-25 09:43:19,11023.090190049457,-2734.0
C51631,1a516c64-e0c1-41ab-9975-71487d6bd5a6,60,-22.904907,-43.218901,-22.880659,-43.32457,2019-01-25 08:57:45,2019-01-25 09:44:05,11155.125169462788,-2780.0
C51631,1a516c64-e0c1-41ab-9975-71487d6bd5a6,61,-22.90411,-43.21611,-22.880659,-43.32457,2019-01-25 08:57:45,2019-01-25 09:44:50,11412.213888973225,-2825.0
C51631,1a516c64-e0c1-41ab-9975-71487d6bd5a6,62,-22.90341,-43.21449,-22.880659,-43.32457,2019-01-25 08:57:45,2019-01-25 09:45:16,11556.573967316657,-2851.0
C51631,1a516c64-e0c1-41ab-9975-71487d6bd5a6,63,-22.902025,-43.210979,-22.880659,-43.32457,2019-01-25 08:57:45,2019-01-25 09:46:11,11876.061475293465,-2906.0
C51631,1a516c64-e0c1-41ab-9975-71487d6bd5a6,64,-22.908498,-43.209965,-22.880659,-43.32457,2019-01-25 08:57:45,2019-01-25 09:47:57,12140.858096671693,-3012.0
C51631,1a516c64-e0c1-41ab-9975-71487d6bd5a6,65,-22.91013,-43.205583,-22.880659,-43.32457,2019-01-25 08:57:45,2019-01-25 09:49:31,12621.23975852342,-3106.0
C51631,1a516c64-e0c1-41ab-9975-71487d6bd5a6,66,-22.908619,-43.201048,-22.880659,-43.32457,2019-01-25 08:57:45,2019-01-25 09:50:40,13029.364236081426,-3175.0
C51631,1a516c64-e0c1-41ab-9975-71487d6bd5a6,67,-22.90623,-43.193405,-22.880659,-43.32457,2019-01-25 08:57:45,2019-01-25 09:52:37,13733.594515983737,-3292.0
C51631,1a516c64-e0c1-41ab-9975-71487d6bd5a6,68,-22.905052,-43.189782,-22.880659,-43.32457,2019-01-25 08:57:45,2019-01-25 09:53:32,14071.11198598983,-3347.0
C51631,1a516c64-e0c1-41ab-9975-71487d6bd5a6,69,-22.903332,-43.184461,-22.880659,-43.32457,2019-01-25 08:57:45,2019-01-25 09:54:53,14572.117840363075,-3428.0
C51631,1a516c64-e0c1-41ab-9975-71487d6bd5a6,70,-22.905593,-43.182786,-22.880659,-43.32457,2019-01-25 08:57:45,2019-01-25 09:55:46,14786.096683913072,-3481.0
C51631,1a516c64-e0c1-41ab-9975-71487d6bd5a6,71,-22.90723,-43.18272,-22.880659,-43.32457,2019-01-25 08:57:45,2019-01-25 09:56:22,14827.846061706907,-3517.0
C51631,1a516c64-e0c1-41ab-9975-71487d6bd5a6,72,-22.90879,-43.18819,-22.880659,-43.32457,2019-01-25 08:57:45,2019-01-25 09:57:45,14316.014977908007,-3600.0
C51560,1a516c64-e0c1-41ab-9975-71487d6bd5a6,0,-22.901318,-43.347259,-22.897369,-43.23682,2019-01-25 08:57:37,2019-01-25 08:57:37,11320.966659763895,0.0
C51560,1a516c64-e0c1-41ab-9975-71487d6bd5a6,1,-22.90189,-43.34779,-22.897369,-43.23682,2019-01-25 08:57:37,2019-01-25 08:57:48,11377.925903411218,-11.0
C51560,1a516c64-e0c1-41ab-9975-71487d6bd5a6,2,-22.900466,-43.349828,-22.897369,-43.23682,2019-01-25 08:57:37,2019-01-25 08:58:28,11580.752086126771,-51.0
C51560,1a516c64-e0c1-41ab-9975-71487d6bd5a6,3,-22.89911,-43.35167,-22.897369,-43.23682,2019-01-25 08:57:37,2019-01-25 08:59:02,11765.961950207115,-85.0
C51560,1a516c64-e0c1-41ab-9975-71487d6bd5a6,4,-22.898012,-43.352228,-22.897369,-43.23682,2019-01-25 08:57:37,2019-01-25 08:59:29,11821.790603157802,-112.0
C51560,1a516c64-e0c1-41ab-9975-71487d6bd5a6,5,-22.89818,-43.350146,-22.897369,-43.23682,2019-01-25 08:57:37,2019-01-25 09:00:13,11608.652218420892,-156.0
C51560,1a516c64-e0c1-41ab-9975-71487d6bd5a6,6,-22.896967,-43.348397,-22.897369,-43.23682,2019-01-25 08:57:37,2019-01-25 09:00:49,11429.285460815805,-192.0
C51560,1a516c64-e0c1-41ab-9975-71487d6bd5a6,7,-22.8954,-43.34742,-22.897369,-43.23682,2019-01-25 08:57:37,2019-01-25 09:01:17,11331.301567383618,-220.0
C51560,1a516c64-e0c1-41ab-9975-71487d6bd5a6,8,-22.89369,-43.34688,-22.897369,-43.23682,2019-01-25 08:57:37,2019-01-25 09:01:45,11281.362536077231,-248.0
C51560,1a516c64-e0c1-41ab-9975-71487d6bd5a6,9,-22.890381,-43.34553,-22.897369,-43.23682,2019-01-25 08:57:37,2019-01-25 09:02:46,11162.868904972596,-309.0
C51560,1a516c64-e0c1-41ab-9975-71487d6bd5a6,10,-22.88842,-43.34439,-22.897369,-43.23682,2019-01-25 08:57:37,2019-01-25 09:03:21,11063.934436482883,-344.0
C51560,1a516c64-e0c1-41ab-9975-71487d6bd5a6,11,-22.88717,-43.34339,-22.897369,-43.23682,2019-01-25 08:57:37,2019-01-25 09:03:45,10975.457208251348,-368.0
C51560,1a516c64-e0c1-41ab-9975-71487d6bd5a6,12,-22.88579,-43.34209,-22.897369,-43.23682,2019-01-25 08:57:37,2019-01-25 09:04:14,10860.18672747198,-397.0
C51560,1a516c64-e0c1-41ab-9975-71487d6bd5a6,13,-22.88283,-43.34025,-22.897369,-43.23682,2019-01-25 08:57:37,2019-01-25 09:05:31,10717.85495926281,-474.0
C51560,1a516c64-e0c1-41ab-9975-71487d6bd5a6,14,-22.882534,-43.33687,-22.897369,-43.23682,2019-01-25 08:57:37,2019-01-25 09:06:20,10380.895751049482,-523.0
C51560,1a516c64-e0c1-41ab-9975-71487d6bd5a6,15,-22.882382,-43.333901,-22.897369,-43.23682,2019-01-25 08:57:37,2019-01-25 09:07:03,10083.5204824582,-566.0
C51560,1a516c64-e0c1-41ab-9975-71487d6bd5a6,16,-22.882138,-43.331007,-22.897369,-43.23682,2019-01-25 08:57:37,2019-01-25 09:07:51,9795.924723660506,-614.0
C51560,1a516c64-e0c1-41ab-9975-71487d6bd5a6,17,-22.88256,-43.32373,-22.897369,-43.23682,2019-01-25 08:57:37,2019-01-25 09:09:32,9053.953575852998,-715.0
C51560,1a516c64-e0c1-41ab-9975-71487d6bd5a6,18,-22.88284,-43.3224,-22.897369,-43.23682,2019-01-25 08:57:37,2019-01-25 09:09:52,8914.312816356209,-735.0
C51560,1a516c64-e0c1-41ab-9975-71487d6bd5a6,19,-22.8835,-43.32058,-22.897369,-43.23682,2019-01-25 08:57:37,2019-01-25 09:10:20,8717.725528947334,-763.0
C51560,1a516c64-e0c1-41ab-9975-71487d6bd5a6,20,-22.88445,-43.31751,-22.897369,-43.23682,2019-01-25 08:57:37,2019-01-25 09:11:07,8389.623467327805,-810.0
C51560,1a516c64-e0c1-41ab-9975-71487d6bd5a6,21,-22.884744,-43.316116,-22.897369,-43.23682,2019-01-25 08:57:37,2019-01-25 09:11:28,8243.331145196438,-831.0
C51560,1a516c64-e0c1-41ab-9975-71487d6bd5a6,22,-22.88498,-43.31429,-22.897369,-43.23682,2019-01-25 08:57:37,2019-01-25 09:11:54,8054.538372430586,-857.0
C51560,1a516c64-e0c1-41ab-9975-71487d6bd5a6,23,-22.885103,-43.311568,-22.897369,-43.23682,2019-01-25 08:57:37,2019-01-25 09:12:33,7777.543868700662,-896.0
C51560,1a516c64-e0c1-41ab-9975-71487d6bd5a6,24,-22.88562,-43.30967,-22.897369,-43.23682,2019-01-25 08:57:37,2019-01-25 09:13:03,7576.067988915933,-926.0
C51560,1a516c64-e0c1-41ab-9975-71487d6bd5a6,25,-22.88672,-43.306443,-22.897369,-43.23682,2019-01-25 08:57:37,2019-01-25 09:13:52,7229.612019689764,-975.0
C51560,1a516c64-e0c1-41ab-9975-71487d6bd5a6,26,-22.88646,-43.30281,-22.897369,-43.23682,2019-01-25 08:57:37,2019-01-25 09:14:46,6867.807943232437,-1029.0
C51560,1a516c64-e0c1-41ab-9975-71487d6bd5a6,27,-22.88548,-43.30031,-22.897369,-43.23682,2019-01-25 08:57:37,2019-01-25 09:15:27,6636.763153827179,-1070.0
C51560,1a516c64-e0c1-41ab-9975-71487d6bd5a6,28,-22.884601,-43.297845,-22.897369,-43.23682,2019-01-25 08:57:37,2019-01-25 09:16:06,6410.468189810491,-1109.0
C51560,1a516c64-e0c1-41ab-9975-71487d6bd5a6,29,-22.88341,-43.29648,-22.897369,-43.23682,2019-01-25 08:57:37,2019-01-25 09:16:33,6305.502098125591,-1136.0
C51560,1a516c64-e0c1-41ab-9975-71487d6bd5a6,30,-22.88182,-43.29431,-22.897369,-43.23682,2019-01-25 08:57:37,2019-01-25 09:17:14,6137.770450120084,-1177.0
C51560,1a516c64-e0c1-41ab-9975-71487d6bd5a6,31,-22.8842,-43.29133,-22.897369,-43.23682,2019-01-25 08:57:37,2019-01-25 09:18:18,5772.711626182959,-1241.0
C51560,1a516c64-e0c1-41ab-9975-71487d6bd5a6,32,-22.885668,-43.290084,-22.897369,-43.23682,2019-01-25 08:57:37,2019-01-25 09:18:52,5609.217756269267,-1275.0
C51560,1a516c64-e0c1-41ab-9975-71487d6bd5a6,33,-22.88744,-43.2864,-22.897369,-43.23682,2019-01-25 08:57:37,2019-01-25 09:19:47,5197.437151038184,-1330.0
C51560,1a516c64-e0c1-41ab-9975-71487d6bd5a6,34,-22.887738,-43.283511,-22.897369,-43.23682,2019-01-25 08:57:37,2019-01-25 09:20:23,4901.301822366446,-1366.0
C51560,1a516c64-e0c1-41ab-9975-71487d6bd5a6,35,-22.887155,-43.280679,-22.897369,-43.23682,2019-01-25 08:57:37,2019-01-25 09:21:09,4634.115074217351,-1412.0
C51560,1a516c64-e0c1-41ab-9975-71487d6bd5a6,36,-22.88591,-43.27898,-22.897369,-43.23682,2019-01-25 08:57:37,2019-01-25 09:21:42,4502.80539330547,-1445.0
C51560,1a516c64-e0c1-41ab-9975-71487d6bd5a6,37,-22.88441,-43.27719,-22.897369,-43.23682,2019-01-25 08:57:37,2019-01-25 09:22:17,4379.28441313705,-1480.0
C51560,1a516c64-e0c1-41ab-9975-71487d6bd5a6,38,-22.8822,-43.2754,-22.897369,-43.23682,2019-01-25 08:57:37,2019-01-25 09:23:00,4296.9796415734945,-1523.0
C51560,1a516c64-e0c1-41ab-9975-71487d6bd5a6,39,-22.881083,-43.272751,-22.897369,-43.23682,2019-01-25 08:57:37,2019-01-25 09:23:44,4102.111899933586,-1567.0
C51560,1a516c64-e0c1-41ab-9975-71487d6bd5a6,40,-22.878863,-43.265859,-22.897369,-43.23682,2019-01-25 08:57:37,2019-01-25 09:25:30,3617.128578476619,-1673.0
C51560,1a516c64-e0c1-41ab-9975-71487d6bd5a6,41,-22.87833,-43.26397,-22.897369,-43.23682,2019-01-25 08:57:37,2019-01-25 09:26:02,3495.3163397849557,-1705.0
C51560,1a516c64-e0c1-41ab-9975-71487d6bd5a6,42,-22.878337,-43.261822,-22.897369,-43.23682,2019-01-25 08:57:37,2019-01-25 09:26:33,3322.404971483957,-1736.0
C51560,1a516c64-e0c1-41ab-9975-71487d6bd5a6,43,-22.880394,-43.259223,-22.897369,-43.23682,2019-01-25 08:57:37,2019-01-25 09:27:28,2971.463145587726,-1791.0
C51560,1a516c64-e0c1-41ab-9975-71487d6bd5a6,44,-22.882581,-43.254845,-22.897369,-43.23682,2019-01-25 08:57:37,2019-01-25 09:28:40,2472.507871635433,-1863.0
C51560,1a516c64-e0c1-41ab-9975-71487d6bd5a6,45,-22.88517,-43.25266,-22.897369,-43.23682,2019-01-25 08:57:37,2019-01-25 09:29:31,2114.9179129635436,-1914.0
C51560,1a516c64-e0c1-41ab-9975-71487d6bd5a6,46,-22.886927,-43.250822,-22.897369,-43.23682,2019-01-25 08:57:37,2019-01-25 09:30:09,1845.3813234667766,-1952.0
C51560,1a516c64-e0c1-41ab-9975-71487d6bd5a6,47,-22.890046,-43.244457,-22.897369,-43.23682,2019-01-25 08:57:37,2019-01-25 09:32:09,1129.1813495323058,-2072.0
C51560,1a516c64-e0c1-41ab-9975-71487d6bd5a6,48,-22.890765,-43.242335,-22.897369,-43.23682,2019-01-25 08:57:37,2019-01-25 09:32:40,926.4940041241323,-2103.0
C51560,1a516c64-e0c1-41ab-9975-71487d6bd5a6,49,-22.891768,-43.240794,-22.897369,-43.23682,2019-01-25 08:57:37,2019-01-25 09:33:04,744.0400067239283,-2127.0
C51560,1a516c64-e0c1-41ab-9975-71487d6bd5a6,50,-22.89495,-43.24279,-22.897369,-43.23682,2019-01-25 08:57:37,2019-01-25 09:34:20,668.0725875065667,-2203.0
C51560,1a516c64-e0c1-41ab-9975-71487d6bd5a6,51,-22.897995,-43.241305,-22.897369,-43.23682,2019-01-25 08:57:37,2019-01-25 09:35:31,464.6549586534123,-2274.0
C51560,1a516c64-e0c1-41ab-9975-71487d6bd5a6,52,-22.90138,-43.241176,-22.897369,-43.23682,2019-01-25 08:57:37,2019-01-25 09:36:31,630.877127426562,-2334.0
C51560,1a516c64-e0c1-41ab-9975-71487d6bd5a6,53,-22.90591,-43.23964,-22.897369,-43.23682,2019-01-25 08:57:37,2019-01-25 09:37:44,992.6710940991834,-2407.0
C51560,1a516c64-e0c1-41ab-9975-71487d6bd5a6,54,-22.907884,-43.236917,-22.897369,-43.23682,2019-01-25 08:57:37,2019-01-25 09:38:34,1169.2568678714713,-2457.0
C51560,1a516c64-e0c1-41ab-9975-71487d6bd5a6,55,-22.908756,-43.234655,-22.897369,-43.23682,2019-01-25 08:57:37,2019-01-25 09:39:06,1285.4493586006872,-2489.0
C51560,1a516c64-e0c1-41ab-9975-71487d6bd5a6,56,-22.908374,-43.231002,-22.897369,-43.23682,2019-01-25 08:57:37,2019-01-25 09:40:03,1361.0939647443504,-2546.0
C51560,1a516c64-e0c1-41ab-9975-71487d6bd5a6,57,-22.90931,-43.22631,-22.897369,-43.23682,2019-01-25 08:57:37,2019-01-25 09:41:24,1709.3571087151106,-2627.0
C51560,1a516c64-e0c1-41ab-9975-71487d6bd5a6,58,-22.909238,-43.222916,-22.897369,-43.23682,2019-01-25 08:57:37,2019-01-25 09:42:14,1941.662678889338,-2677.0
C51560,1a516c64-e0c1-41ab-9975-71487d6bd5a6,59,-22.906357,-43.220639,-22.897369,-43.23682,2019-01-25 08:57:37,2019-01-25 09:43:11,1935.4241637192763,-2734.0
C51560,1a516c64-e0c1-41ab-9975-71487d6bd5a6,60,-22.904907,-43.218901,-22.897369,-43.23682,2019-01-25 08:57:37,2019-01-25 09:43:57,2017.778074367572,-2780.0
C51560,1a516c64-e0c1-41ab-9975-71487d6bd5a6,61,-22.90411,-43.21611,-22.897369,-43.23682,2019-01-25 08:57:37,2019-01-25 09:44:42,2249.8711332296994,-2825.0
C51560,1a516c64-e0c1-41ab-9975-71487d6bd5a6,62,-22.90341,-43.21449,-22.897369,-43.23682,2019-01-25 08:57:37,2019-01-25 09:45:08,2383.8777234476406,-2851.0
C51560,1a516c64-e0c1-41ab-9975-71487d6bd5a6,63,-22.902025,-43.210979,-22.897369,-43.23682,2019-01-25 08:57:37,2019-01-25 09:46:03,2697.0857071348228,-2906.0
C51560,1a516c64-e0c1-41ab-9975-71487d6bd5a6,64,-22.908498,-43.209965,-22.897369,-43.23682,2019-01-25 08:57:37,2019-01-25 09:47:49,3016.270316330121,-3012.0
C51560,1a516c64-e0c1-41ab-9975-71487d6bd5a6,65,-22.91013,-43.205583,-22.897369,-43.23682,2019-01-25 08:57:37,2019-01-25 09:49:23,3500.08336119384,-3106.0
C51560,1a516c64-e0c1-41ab-9975-71487d6bd5a6,66,-22.908619,-43.201048,-22.897369,-43.23682,2019-01-25 08:57:37,2019-01-25 09:50:32,3871.741747528601,-3175.0
C51560,1a516c64-e0c1-41ab-9975-71487d6bd5a6,67,-22.90623,-43.193405,-22.897369,-43.23682,2019-01-25 08:57:37,2019-01-25 09:52:29,4554.83528459035,-3292.0
C51560,1a516c64-e0c1-41ab-9975-71487d6bd5a6,68,-22.905052,-43.189782,-22.897369,-43.23682,2019-01-25 08:57:37,2019-01-25 09:53:24,4893.2668575384305,-3347.0
C51560,1a516c64-e0c1-41ab-9975-71487d6bd5a6,69,-22.903332,-43.184461,-22.897369,-43.23682,2019-01-25 08:57:37,2019-01-25 09:54:45,5404.0100369166785,-3428.0
C51560,1a516c64-e0c1-41ab-9975-71487d6bd5a6,70,-22.905593,-43.182786,-22.897369,-43.23682,2019-01-25 08:57:37,2019-01-25 09:55:38,5609.741325593257,-3481.0
C51560,1a516c64-e0c1-41ab-9975-71487d6bd5a6,71,-22.90723,-43.18272,-22.897369,-43.23682,2019-01-25 08:57:37,2019-01-25 09:56:14,5648.871872163848,-3517.0
C51560,1a516c64-e0c1-41ab-9975-71487d6bd5a6,72,-22.90879,-43.18819,-22.897369,-43.23682,2019-01-25 08:57:37,2019-01-25 09:57:37,5140.455419390556,-3600.0
C51623,1a516c64-e0c1-41ab-9975-71487d6bd5a6,0,-22.901318,-43.347259,-22.88327,-43.34256,2019-01-25 08:50:39,2019-01-25 08:50:39,2063.7659918203126,0.0
C51623,1a516c64-e0c1-41ab-9975-71487d6bd5a6,1,-22.90189,-43.34779,-22.88327,-43.34256,2019-01-25 08:50:39,2019-01-25 08:50:50,2138.640479019683,-11.0
C51623,1a516c64-e0c1-41ab-9975-71487d6bd5a6,2,-22.900466,-43.349828,-22.88327,-43.34256,2019-01-25 08:50:39,2019-01-25 08:51:30,2051.9401062829834,-51.0
C51623,1a516c64-e0c1-41ab-9975-71487d6bd5a6,3,-22.89911,-43.35167,-22.88327,-43.34256,2019-01-25 08:50:39,2019-01-25 08:52:04,1993.276900743524,-85.0
C51623,1a516c64-e0c1-41ab-9975-71487d6bd5a6,4,-22.898012,-43.352228,-22.88327,-43.34256,2019-01-25 08:50:39,2019-01-25 08:52:31,1915.1844000359115,-112.0
C51623,1a516c64-e0c1-41ab-9975-71487d6bd5a6,5,-22.89818,-43.350146,-22.88327,-43.34256,2019-01-25 08:50:39,2019-01-25 08:53:15,1831.0009529949698,-156.0
C51623,1a516c64-e0c1-41ab-9975-71487d6bd5a6,6,-22.896967,-43.348397,-22.88327,-43.34256,2019-01-25 08:50:39,2019-01-25 08:53:51,1636.2049552753213,-192.0
C51623,1a516c64-e0c1-41ab-9975-71487d6bd5a6,7,-22.8954,-43.34742,-22.88327,-43.34256,2019-01-25 08:50:39,2019-01-25 08:54:19,1437.743227869661,-220.0
C51623,1a516c64-e0c1-41ab-9975-71487d6bd5a6,8,-22.89369,-43.34688,-22.88327,-43.34256,2019-01-25 08:50:39,2019-01-25 08:54:47,1240.2879527530129,-248.0
C51623,1a516c64-e0c1-41ab-9975-71487d6bd5a6,9,-22.890381,-43.34553,-22.88327,-43.34256,2019-01-25 08:50:39,2019-01-25 08:55:48,847.222426502178,-309.0
C51623,1a516c64-e0c1-41ab-9975-71487d6bd5a6,10,-22.88842,-43.34439,-22.88327,-43.34256,2019-01-25 08:50:39,2019-01-25 08:56:23,602.558639624303,-344.0
C51623,1a516c64-e0c1-41ab-9975-71487d6bd5a6,11,-22.88717,-43.34339,-22.88327,-43.34256,2019-01-25 08:50:39,2019-01-25 08:56:47,441.91717622077823,-368.0
C51623,1a516c64-e0c1-41ab-9975-71487d6bd5a6,12,-22.88579,-43.34209,-22.88327,-43.34256,2019-01-25 08:50:39,2019-01-25 08:57:16,284.31772224850505,-397.0
C51623,1a516c64-e0c1-41ab-9975-71487d6bd5a6,13,-22.88283,-43.34025,-22.88327,-43.34256,2019-01-25 08:50:39,2019-01-25 08:58:33,241.6502088451648,-474.0
C51623,1a516c64-e0c1-41ab-9975-71487d6bd5a6,14,-22.882534,-43.33687,-22.88327,-43.34256,2019-01-25 08:50:39,2019-01-25 08:59:22,588.6237012228462,-523.0
C51623,1a516c64-e0c1-41ab-9975-71487d6bd5a6,15,-22.882382,-43.333901,-22.88327,-43.34256,2019-01-25 08:50:39,2019-01-25 09:00:05,892.5421664244211,-566.0
C51623,1a516c64-e0c1-41ab-9975-71487d6bd5a6,16,-22.882138,-43.331007,-22.88327,-43.34256,2019-01-25 08:50:39,2019-01-25 09:00:53,1190.212486923586,-614.0
C51623,1a516c64-e0c1-41ab-9975-71487d6bd5a6,17,-22.88256,-43.32373,-22.88327,-43.34256,2019-01-25 08:50:39,2019-01-25 09:02:34,1930.6361672988335,-715.0
C51623,1a516c64-e0c1-41ab-9975-71487d6bd5a6,18,-22.88284,-43.3224,-22.88327,-43.34256,2019-01-25 08:50:39,2019-01-25 09:02:54,2065.8231443368713,-735.0
C51623,1a516c64-e0c1-41ab-9975-71487d6bd5a6,19,-22.8835,-43.32058,-22.88327,-43.34256,2019-01-25 08:50:39,2019-01-25 09:03:22,2251.857463554342,-763.0
C51623,1a516c64-e0c1-41ab-9975-71487d6bd5a6,20,-22.88445,-43.31751,-22.88327,-43.34256,2019-01-25 08:50:39,2019-01-25 09:04:09,2569.5575594175734,-810.0
C51623,1a516c64-e0c1-41ab-9975-71487d6bd5a6,21,-22.884744,-43.316116,-22.88327,-43.34256,2019-01-25 08:50:39,2019-01-25 09:04:30,2713.9621085769068,-831.0
C51623,1a516c64-e0c1-41ab-9975-71487d6bd5a6,22,-22.88498,-43.31429,-22.88327,-43.34256,2019-01-25 08:50:39,2019-01-25 09:04:56,2902.3025123245147,-857.0
C51623,1a516c64-e0c1-41ab-9975-71487d6bd5a6,23,-22.885103,-43.311568,-22.88327,-43.34256,2019-01-25 08:50:39,2019-01-25 09:05:35,3181.4515890668918,-896.0
C51623,1a516c64-e0c1-41ab-9975-71487d6bd5a6,24,-22.88562,-43.30967,-22.88327,-43.34256,2019-01-25 08:50:39,2019-01-25 09:06:05,3379.4641557265422,-926.0
C51623,1a516c64-e0c1-41ab-9975-71487d6bd5a6,25,-22.88672,-43.306443,-22.88327,-43.34256,2019-01-25 08:50:39,2019-01-25 09:06:54,3719.749355403544,-975.0
C51623,1a516c64-e0c1-41ab-9975-71487d6bd5a6,26,-22.88646,-43.30281,-22.88327,-43.34256,2019-01-25 08:50:39,2019-01-25 09:07:48,4087.5120546813914,-1029.0
C51623,1a516c64-e0c1-41ab-9975-71487d6bd5a6,27,-22.88548,-43.30031,-22.88327,-43.34256,2019-01-25 08:50:39,2019-01-25 09:08:29,4335.1847135453945,-1070.0
C51623,1a516c64-e0c1-41ab-9975-71487d6bd5a6,28,-22.884601,-43.297845,-22.88327,-43.34256,2019-01-25 08:50:39,2019-01-25 09:09:08,4583.141117230419,-1109.0
C51623,1a516c64-e0c1-41ab-9975-71487d6bd5a6,29,-22.88341,-43.29648,-22.88327,-43.34256,2019-01-25 08:50:39,2019-01-25 09:09:35,4720.632292516228,-1136.0
C51623,1a516c64-e0c1-41ab-9975-71487d6bd5a6,30,-22.88182,-43.29431,-22.88327,-43.34256,2019-01-25 08:50:39,2019-01-25 09:10:16,4945.567349454941,-1177.0
C51623,1a516c64-e0c1-41ab-9975-71487d6bd5a6,31,-22.8842,-43.29133,-22.88327,-43.34256,2019-01-25 08:50:39,2019-01-25 09:11:20,5249.1952275343465,-1241.0
C51623,1a516c64-e0c1-41ab-9975-71487d6bd5a6,32,-22.885668,-43.290084,-22.88327,-43.34256,2019-01-25 08:50:39,2019-01-25 09:11:54,5382.400836942687,-1275.0
C51623,1a516c64-e0c1-41ab-9975-71487d6bd5a6,33,-22.88744,-43.2864,-22.88327,-43.34256,2019-01-25 08:50:39,2019-01-25 09:12:49,5771.809219004217,-1330.0
C51623,1a516c64-e0c1-41ab-9975-71487d6bd5a6,34,-22.887738,-43.283511,-22.88327,-43.34256,2019-01-25 08:50:39,2019-01-25 09:13:25,6069.470607032752,-1366.0
C51623,1a516c64-e0c1-41ab-9975-71487d6bd5a6,35,-22.887155,-43.280679,-22.88327,-43.34256,2019-01-25 08:50:39,2019-01-25 09:14:11,6353.934565071442,-1412.0
C51623,1a516c64-e0c1-41ab-9975-71487d6bd5a6,36,-22.88591,-43.27898,-22.88327,-43.34256,2019-01-25 08:50:39,2019-01-25 09:14:44,6519.923612839377,-1445.0
C51623,1a516c64-e0c1-41ab-9975-71487d6bd5a6,37,-22.88441,-43.27719,-22.88327,-43.34256,2019-01-25 08:50:39,2019-01-25 09:15:19,6697.920925030403,-1480.0
C51623,1a516c64-e0c1-41ab-9975-71487d6bd5a6,38,-22.8822,-43.2754,-22.88327,-43.34256,2019-01-25 08:50:39,2019-01-25 09:16:02,6881.179548363179,-1523.0
C51623,1a516c64-e0c1-41ab-9975-71487d6bd5a6,39,-22.881083,-43.272751,-22.88327,-43.34256,2019-01-25 08:50:39,2019-01-25 09:16:46,7155.688354359946,-1567.0
C51623,1a516c64-e0c1-41ab-9975-71487d6bd5a6,40,-22.878863,-43.265859,-22.88327,-43.34256,2019-01-25 08:50:39,2019-01-25 09:18:32,7872.932800499945,-1673.0
C51623,1a516c64-e0c1-41ab-9975-71487d6bd5a6,41,-22.87833,-43.26397,-22.88327,-43.34256,2019-01-25 08:50:39,2019-01-25 09:19:04,8069.919205989464,-1705.0
C51623,1a516c64-e0c1-41ab-9975-71487d6bd5a6,42,-22.878337,-43.261822,-22.88327,-43.34256,2019-01-25 08:50:39,2019-01-25 09:19:35,8289.423832340743,-1736.0
C51623,1a516c64-e0c1-41ab-9975-71487d6bd5a6,43,-22.880394,-43.259223,-22.88327,-43.34256,2019-01-25 08:50:39,2019-01-25 09:20:30,8543.434450413804,-1791.0
C51623,1a516c64-e0c1-41ab-9975-71487d6bd5a6,44,-22.882581,-43.254845,-22.88327,-43.34256,2019-01-25 08:50:39,2019-01-25 09:21:42,8986.204849177386,-1863.0
C51623,1a516c64-e0c1-41ab-9975-71487d6bd5a6,45,-22.88517,-43.25266,-22.88327,-43.34256,2019-01-25 08:50:39,2019-01-25 09:22:33,9212.053599962934,-1914.0
C51623,1a516c64-e0c1-41ab-9975-71487d6bd5a6,46,-22.886927,-43.250822,-22.88327,-43.34256,2019-01-25 08:50:39,2019-01-25 09:23:11,9406.653554311455,-1952.0
C51623,1a516c64-e0c1-41ab-9975-71487d6bd5a6,47,-22.890046,-43.244457,-22.88327,-43.34256,2019-01-25 08:50:39,2019-01-25 09:25:11,10077.995112404184,-2072.0
C51623,1a516c64-e0c1-41ab-9975-71487d6bd5a6,48,-22.890765,-43.242335,-22.88327,-43.34256,2019-01-25 08:50:39,2019-01-25 09:25:42,10300.912649921558,-2103.0
C51623,1a516c64-e0c1-41ab-9975-71487d6bd5a6,49,-22.891768,-43.240794,-22.88327,-43.34256,2019-01-25 08:50:39,2019-01-25 09:26:06,10467.704007653298,-2127.0
C51623,1a516c64-e0c1-41ab-9975-71487d6bd5a6,50,-22.89495,-43.24279,-22.88327,-43.34256,2019-01-25 08:50:39,2019-01-25 09:27:22,10302.564735199352,-2203.0
C51623,1a516c64-e0c1-41ab-9975-71487d6bd5a6,51,-22.897995,-43.241305,-22.88327,-43.34256,2019-01-25 08:50:39,2019-01-25 09:28:33,10500.818754020733,-2274.0
C51623,1a516c64-e0c1-41ab-9975-71487d6bd5a6,52,-22.90138,-43.241176,-22.88327,-43.34256,2019-01-25 08:50:39,2019-01-25 09:29:33,10578.896916130529,-2334.0
C51623,1a516c64-e0c1-41ab-9975-71487d6bd5a6,53,-22.90591,-43.23964,-22.88327,-43.34256,2019-01-25 08:50:39,2019-01-25 09:30:46,10839.035455939997,-2407.0
C51623,1a516c64-e0c1-41ab-9975-71487d6bd5a6,54,-22.907884,-43.236917,-22.88327,-43.34256,2019-01-25 08:50:39,2019-01-25 09:31:36,11162.233657666962,-2457.0
C51623,1a516c64-e0c1-41ab-9975-71487d6bd5a6,55,-22.908756,-43.234655,-22.88327,-43.34256,2019-01-25 08:50:39,2019-01-25 09:32:08,11410.668177916968,-2489.0
C51623,1a516c64-e0c1-41ab-9975-71487d6bd5a6,56,-22.908374,-43.231002,-22.88327,-43.34256,2019-01-25 08:50:39,2019-01-25 09:33:05,11763.36665533791,-2546.0
C51623,1a516c64-e0c1-41ab-9975-71487d6bd5a6,57,-22.90931,-43.22631,-22.88327,-43.34256,2019-01-25 08:50:39,2019-01-25 09:34:26,12254.92480204359,-2627.0
C51623,1a516c64-e0c1-41ab-9975-71487d6bd5a6,58,-22.909238,-43.222916,-22.88327,-43.34256,2019-01-25 08:50:39,2019-01-25 09:35:16,12591.17475980822,-2677.0
C51623,1a516c64-e0c1-41ab-9975-71487d6bd5a6,59,-22.906357,-43.220639,-22.88327,-43.34256,2019-01-25 08:50:39,2019-01-25 09:36:13,12750.099181815847,-2734.0
C51623,1a516c64-e0c1-41ab-9975-71487d6bd5a6,60,-22.904907,-43.218901,-22.88327,-43.34256,2019-01-25 08:50:39,2019-01-25 09:36:59,12893.544793779416,-2780.0
C51623,1a516c64-e0c1-41ab-9975-71487d6bd5a6,61,-22.90411,-43.21611,-22.88327,-43.34256,2019-01-25 08:50:39,2019-01-25 09:37:44,13158.670867364306,-2825.0
C51623,1a516c64-e0c1-41ab-9975-71487d6bd5a6,62,-22.90341,-43.21449,-22.88327,-43.34256,2019-01-25 08:50:39,2019-01-25 09:38:10,13308.770429255645,-2851.0
C51623,1a516c64-e0c1-41ab-9975-71487d6bd5a6,63,-22.902025,-43.210979,-22.88327,-43.34256,2019-01-25 08:50:39,2019-01-25 09:39:05,13639.101895184853,-2906.0
C51623,1a516c64-e0c1-41ab-9975-71487d6bd5a6,64,-22.908498,-43.209965,-22.88327,-43.34256,2019-01-25 08:50:39,2019-01-25 09:40:51,13868.933668942806,-3012.0
C51623,1a516c64-e0c1-41ab-9975-71487d6bd5a6,65,-22.91013,-43.205583,-22.88327,-43.34256,2019-01-25 08:50:39,2019-01-25 09:42:25,14345.408829391521,-3106.0
C51623,1a516c64-e0c1-41ab-9975-71487d6bd5a6,66,-22.908619,-43.201048,-22.88327,-43.34256,2019-01-25 08:50:39,2019-01-25 09:43:34,14767.171925634813,-3175.0
C51623,1a516c64-e0c1-41ab-9975-71487d6bd5a6,67,-22.90623,-43.193405,-22.88327,-43.34256,2019-01-25 08:50:39,2019-01-25 09:45:31,15490.5422572341,-3292.0
C51623,1a516c64-e0c1-41ab-9975-71487d6bd5a6,68,-22.905052,-43.189782,-22.88327,-43.34256,2019-01-25 08:50:39,2019-01-25 09:46:26,15836.212409750382,-3347.0
C51623,1a516c64-e0c1-41ab-9975-71487d6bd5a6,69,-22.903332,-43.184461,-22.88327,-43.34256,2019-01-25 08:50:39,2019-01-25 09:47:47,16347.978763600684,-3428.0
C51623,1a516c64-e0c1-41ab-9975-71487d6bd5a6,70,-22.905593,-43.182786,-22.88327,-43.34256,2019-01-25 08:50:39,2019-01-25 09:48:40,16553.664371979732,-3481.0
C51623,1a516c64-e0c1-41ab-9975-71487d6bd5a6,71,-22.90723,-43.18272,-22.88327,-43.34256,2019-01-25 08:50:39,2019-01-25 09:49:16,16588.5110525413,-3517.0
C51623,1a516c64-e0c1-41ab-9975-71487d6bd5a6,72,-22.90879,-43.18819,-22.88327,-43.34256,2019-01-25 08:50:39,2019-01-25 09:50:39,16065.36054793768,-3600.0
C51618,1a516c64-e0c1-41ab-9975-71487d6bd5a6,0,-22.901318,-43.347259,-22.90122,-43.34705,2019-01-25 08:57:52,2019-01-25 08:57:52,24.021769404379185,0.0
C51618,1a516c64-e0c1-41ab-9975-71487d6bd5a6,1,-22.90189,-43.34779,-22.90122,-43.34705,2019-01-25 08:57:52,2019-01-25 08:58:03,106.28124576581557,-11.0
C51618,1a516c64-e0c1-41ab-9975-71487d6bd5a6,2,-22.900466,-43.349828,-22.90122,-43.34705,2019-01-25 08:57:52,2019-01-25 08:58:43,296.6464568306759,-51.0
C51618,1a516c64-e0c1-41ab-9975-71487d6bd5a6,3,-22.89911,-43.35167,-22.90122,-43.34705,2019-01-25 08:57:52,2019-01-25 08:59:17,528.1997943440201,-85.0
C51618,1a516c64-e0c1-41ab-9975-71487d6bd5a6,4,-22.898012,-43.352228,-22.90122,-43.34705,2019-01-25 08:57:52,2019-01-25 08:59:44,639.1853477805565,-112.0
C51618,1a516c64-e0c1-41ab-9975-71487d6bd5a6,5,-22.89818,-43.350146,-22.90122,-43.34705,2019-01-25 08:57:52,2019-01-25 09:00:28,463.50392476630634,-156.0
C51618,1a516c64-e0c1-41ab-9975-71487d6bd5a6,6,-22.896967,-43.348397,-22.90122,-43.34705,2019-01-25 08:57:52,2019-01-25 09:01:04,492.62873212098503,-192.0
C51618,1a516c64-e0c1-41ab-9975-71487d6bd5a6,7,-22.8954,-43.34742,-22.90122,-43.34705,2019-01-25 08:57:52,2019-01-25 09:01:32,648.2633119808538,-220.0
C51618,1a516c64-e0c1-41ab-9975-71487d6bd5a6,8,-22.89369,-43.34688,-22.90122,-43.34705,2019-01-25 08:57:52,2019-01-25 09:02:00,837.4788571193917,-248.0
C51618,1a516c64-e0c1-41ab-9975-71487d6bd5a6,9,-22.890381,-43.34553,-22.90122,-43.34705,2019-01-25 08:57:52,2019-01-25 09:03:01,1215.2573223511927,-309.0
C51618,1a516c64-e0c1-41ab-9975-71487d6bd5a6,10,-22.88842,-43.34439,-22.90122,-43.34705,2019-01-25 08:57:52,2019-01-25 09:03:36,1449.1420496625037,-344.0
C51618,1a516c64-e0c1-41ab-9975-71487d6bd5a6,11,-22.88717,-43.34339,-22.90122,-43.34705,2019-01-25 08:57:52,2019-01-25 09:04:00,1606.644506492763,-368.0
C51618,1a516c64-e0c1-41ab-9975-71487d6bd5a6,12,-22.88579,-43.34209,-22.90122,-43.34705,2019-01-25 08:57:52,2019-01-25 09:04:29,1789.386499288508,-397.0
C51618,1a516c64-e0c1-41ab-9975-71487d6bd5a6,13,-22.88283,-43.34025,-22.90122,-43.34705,2019-01-25 08:57:52,2019-01-25 09:05:46,2160.2606543816137,-474.0
C51618,1a516c64-e0c1-41ab-9975-71487d6bd5a6,14,-22.882534,-43.33687,-22.90122,-43.34705,2019-01-25 08:57:52,2019-01-25 09:06:35,2324.7925492860727,-523.0
C51618,1a516c64-e0c1-41ab-9975-71487d6bd5a6,15,-22.882382,-43.333901,-22.90122,-43.34705,2019-01-25 08:57:52,2019-01-25 09:07:18,2490.380808555678,-566.0
C51618,1a516c64-e0c1-41ab-9975-71487d6bd5a6,16,-22.882138,-43.331007,-22.90122,-43.34705,2019-01-25 08:57:52,2019-01-25 09:08:06,2683.8223329597313,-614.0
C51618,1a516c64-e0c1-41ab-9975-71487d6bd5a6,17,-22.88256,-43.32373,-22.90122,-43.34705,2019-01-25 08:57:52,2019-01-25 09:09:47,3164.1335914334186,-715.0
C51618,1a516c64-e0c1-41ab-9975-71487d6bd5a6,18,-22.88284,-43.3224,-22.90122,-43.34705,2019-01-25 08:57:52,2019-01-25 09:10:07,3248.534290250276,-735.0
C51618,1a516c64-e0c1-41ab-9975-71487d6bd5a6,19,-22.8835,-43.32058,-22.90122,-43.34705,2019-01-25 08:57:52,2019-01-25 09:10:35,3351.810513138382,-763.0
C51618,1a516c64-e0c1-41ab-9975-71487d6bd5a6,20,-22.88445,-43.31751,-22.90122,-43.34705,2019-01-25 08:57:52,2019-01-25 09:11:22,3554.4029907473796,-810.0
C51618,1a516c64-e0c1-41ab-9975-71487d6bd5a6,21,-22.884744,-43.316116,-22.90122,-43.34705,2019-01-25 08:57:52,2019-01-25 09:11:43,3660.258838147253,-831.0
C51618,1a516c64-e0c1-41ab-9975-71487d6bd5a6,22,-22.88498,-43.31429,-22.90122,-43.34705,2019-01-25 08:57:52,2019-01-25 09:12:09,3810.830312560754,-857.0
C51618,1a516c64-e0c1-41ab-9975-71487d6bd5a6,23,-22.885103,-43.311568,-22.90122,-43.34705,2019-01-25 08:57:52,2019-01-25 09:12:48,4052.452280295277,-896.0
C51618,1a516c64-e0c1-41ab-9975-71487d6bd5a6,24,-22.88562,-43.30967,-22.90122,-43.34705,2019-01-25 08:57:52,2019-01-25 09:13:18,4203.652395203734,-926.0
C51618,1a516c64-e0c1-41ab-9975-71487d6bd5a6,25,-22.88672,-43.306443,-22.90122,-43.34705,2019-01-25 08:57:52,2019-01-25 09:14:07,4461.15693260129,-975.0
C51618,1a516c64-e0c1-41ab-9975-71487d6bd5a6,26,-22.88646,-43.30281,-22.90122,-43.34705,2019-01-25 08:57:52,2019-01-25 09:15:01,4819.803286332775,-1029.0
C51618,1a516c64-e0c1-41ab-9975-71487d6bd5a6,27,-22.88548,-43.30031,-22.90122,-43.34705,2019-01-25 08:57:52,2019-01-25 09:15:42,5097.734033690413,-1070.0
C51618,1a516c64-e0c1-41ab-9975-71487d6bd5a6,28,-22.884601,-43.297845,-22.90122,-43.34705,2019-01-25 08:57:52,2019-01-25 09:16:21,5368.465558647059,-1109.0
C51618,1a516c64-e0c1-41ab-9975-71487d6bd5a6,29,-22.88341,-43.29648,-22.90122,-43.34705,2019-01-25 08:57:52,2019-01-25 09:16:48,5545.877722955282,-1136.0
C51618,1a516c64-e0c1-41ab-9975-71487d6bd5a6,30,-22.88182,-43.29431,-22.90122,-43.34705,2019-01-25 08:57:52,2019-01-25 09:17:29,5817.305654595725,-1177.0
C51618,1a516c64-e0c1-41ab-9975-71487d6bd5a6,31,-22.8842,-43.29133,-22.90122,-43.34705,2019-01-25 08:57:52,2019-01-25 09:18:33,6013.34654750797,-1241.0
C51618,1a516c64-e0c1-41ab-9975-71487d6bd5a6,32,-22.885668,-43.290084,-22.90122,-43.34705,2019-01-25 08:57:52,2019-01-25 09:19:07,6086.22096915847,-1275.0
C51618,1a516c64-e0c1-41ab-9975-71487d6bd5a6,33,-22.88744,-43.2864,-22.90122,-43.34705,2019-01-25 08:57:52,2019-01-25 09:20:02,6398.873787070182,-1330.0
C51618,1a516c64-e0c1-41ab-9975-71487d6bd5a6,34,-22.887738,-43.283511,-22.90122,-43.34705,2019-01-25 08:57:52,2019-01-25 09:20:38,6679.053043141109,-1366.0
C51618,1a516c64-e0c1-41ab-9975-71487d6bd5a6,35,-22.887155,-43.280679,-22.90122,-43.34705,2019-01-25 08:57:52,2019-01-25 09:21:24,6976.313034226139,-1412.0
C51618,1a516c64-e0c1-41ab-9975-71487d6bd5a6,36,-22.88591,-43.27898,-22.90122,-43.34705,2019-01-25 08:57:52,2019-01-25 09:21:57,7177.628135561599,-1445.0
C51618,1a516c64-e0c1-41ab-9975-71487d6bd5a6,37,-22.88441,-43.27719,-22.90122,-43.34705,2019-01-25 08:57:52,2019-01-25 09:22:32,7396.3047157016135,-1480.0
C51618,1a516c64-e0c1-41ab-9975-71487d6bd5a6,38,-22.8822,-43.2754,-22.90122,-43.34705,2019-01-25 08:57:52,2019-01-25 09:23:15,7638.274066855482,-1523.0
C51618,1a516c64-e0c1-41ab-9975-71487d6bd5a6,39,-22.881083,-43.272751,-22.90122,-43.34705,2019-01-25 08:57:52,2019-01-25 09:23:59,7933.565224250711,-1567.0
C51618,1a516c64-e0c1-41ab-9975-71487d6bd5a6,40,-22.878863,-43.265859,-22.90122,-43.34705,2019-01-25 08:57:52,2019-01-25 09:25:45,8680.68131838706,-1673.0
C51618,1a516c64-e0c1-41ab-9975-71487d6bd5a6,41,-22.87833,-43.26397,-22.90122,-43.34705,2019-01-25 08:57:52,2019-01-25 09:26:17,8883.072103438135,-1705.0
C51618,1a516c64-e0c1-41ab-9975-71487d6bd5a6,42,-22.878337,-43.261822,-22.90122,-43.34705,2019-01-25 08:57:52,2019-01-25 09:26:48,9093.885454319994,-1736.0
C51618,1a516c64-e0c1-41ab-9975-71487d6bd5a6,43,-22.880394,-43.259223,-22.90122,-43.34705,2019-01-25 08:57:52,2019-01-25 09:27:43,9290.08167811704,-1791.0
C51618,1a516c64-e0c1-41ab-9975-71487d6bd5a6,44,-22.882581,-43.254845,-22.90122,-43.34705,2019-01-25 08:57:52,2019-01-25 09:28:55,9669.944790945818,-1863.0
C51618,1a516c64-e0c1-41ab-9975-71487d6bd5a6,45,-22.88517,-43.25266,-22.90122,-43.34705,2019-01-25 08:57:52,2019-01-25 09:29:46,9832.28729460949,-1914.0
C51618,1a516c64-e0c1-41ab-9975-71487d6bd5a6,46,-22.886927,-43.250822,-22.90122,-43.34705,2019-01-25 08:57:52,2019-01-25 09:30:24,9984.47757182242,-1952.0
C51618,1a516c64-e0c1-41ab-9975-71487d6bd5a6,47,-22.890046,-43.244457,-22.90122,-43.34705,2019-01-25 08:57:52,2019-01-25 09:32:24,10582.251780466397,-2072.0
C51618,1a516c64-e0c1-41ab-9975-71487d6bd5a6,48,-22.890765,-43.242335,-22.90122,-43.34705,2019-01-25 08:57:52,2019-01-25 09:32:55,10789.208998872082,-2103.0
C51618,1a516c64-e0c1-41ab-9975-71487d6bd5a6,49,-22.891768,-43.240794,-22.90122,-43.34705,2019-01-25 08:57:52,2019-01-25 09:33:19,10934.831603503451,-2127.0
C51618,1a516c64-e0c1-41ab-9975-71487d6bd5a6,50,-22.89495,-43.24279,-22.90122,-43.34705,2019-01-25 08:57:52,2019-01-25 09:34:35,10702.354594608709,-2203.0
C51618,1a516c64-e0c1-41ab-9975-71487d6bd5a6,51,-22.897995,-43.241305,-22.90122,-43.34705,2019-01-25 08:57:52,2019-01-25 09:35:46,10837.546931756462,-2274.0
C51618,1a516c64-e0c1-41ab-9975-71487d6bd5a6,52,-22.90138,-43.241176,-22.90122,-43.34705,2019-01-25 08:57:52,2019-01-25 09:36:46,10844.705314378745,-2334.0
C51618,1a516c64-e0c1-41ab-9975-71487d6bd5a6,53,-22.90591,-43.23964,-22.90122,-43.34705,2019-01-25 08:57:52,2019-01-25 09:37:59,11014.192810474555,-2407.0
C51618,1a516c64-e0c1-41ab-9975-71487d6bd5a6,54,-22.907884,-43.236917,-22.90122,-43.34705,2019-01-25 08:57:52,2019-01-25 09:38:49,11304.981488997788,-2457.0
C51618,1a516c64-e0c1-41ab-9975-71487d6bd5a6,55,-22.908756,-43.234655,-22.90122,-43.34705,2019-01-25 08:57:52,2019-01-25 09:39:21,11542.781498066824,-2489.0
C51618,1a516c64-e0c1-41ab-9975-71487d6bd5a6,56,-22.908374,-43.231002,-22.90122,-43.34705,2019-01-25 08:57:52,2019-01-25 09:40:18,11913.097353784986,-2546.0
C51618,1a516c64-e0c1-41ab-9975-71487d6bd5a6,57,-22.90931,-43.22631,-22.90122,-43.34705,2019-01-25 08:57:52,2019-01-25 09:41:39,12399.729425877984,-2627.0
C51618,1a516c64-e0c1-41ab-9975-71487d6bd5a6,58,-22.909238,-43.222916,-22.90122,-43.34705,2019-01-25 08:57:52,2019-01-25 09:42:29,12745.916969229893,-2677.0
C51618,1a516c64-e0c1-41ab-9975-71487d6bd5a6,59,-22.906357,-43.220639,-22.90122,-43.34705,2019-01-25 08:57:52,2019-01-25 09:43:26,12960.654604530879,-2734.0
C51618,1a516c64-e0c1-41ab-9975-71487d6bd5a6,60,-22.904907,-43.218901,-22.90122,-43.34705,2019-01-25 08:57:52,2019-01-25 09:44:12,13132.552640276237,-2780.0
C51618,1a516c64-e0c1-41ab-9975-71487d6bd5a6,61,-22.90411,-43.21611,-22.90122,-43.34705,2019-01-25 08:57:52,2019-01-25 09:44:57,13415.919222499773,-2825.0
C51618,1a516c64-e0c1-41ab-9975-71487d6bd5a6,62,-22.90341,-43.21449,-22.90122,-43.34705,2019-01-25 08:57:52,2019-01-25 09:45:23,13580.223692489046,-2851.0
C51618,1a516c64-e0c1-41ab-9975-71487d6bd5a6,63,-22.902025,-43.210979,-22.90122,-43.34705,2019-01-25 08:57:52,2019-01-25 09:46:18,13938.028345600302,-2906.0
C51618,1a516c64-e0c1-41ab-9975-71487d6bd5a6,64,-22.908498,-43.209965,-22.90122,-43.34705,2019-01-25 08:57:52,2019-01-25 09:48:04,14064.571953899906,-3012.0
C51618,1a516c64-e0c1-41ab-9975-71487d6bd5a6,65,-22.91013,-43.205583,-22.90122,-43.34705,2019-01-25 08:57:52,2019-01-25 09:49:38,14523.851040559877,-3106.0
C51618,1a516c64-e0c1-41ab-9975-71487d6bd5a6,66,-22.908619,-43.201048,-22.90122,-43.34705,2019-01-25 08:57:52,2019-01-25 09:50:47,14977.223007485507,-3175.0
C51618,1a516c64-e0c1-41ab-9975-71487d6bd5a6,67,-22.90623,-43.193405,-22.90122,-43.34705,2019-01-25 08:57:52,2019-01-25 09:52:44,15747.457005468525,-3292.0
C51618,1a516c64-e0c1-41ab-9975-71487d6bd5a6,68,-22.905052,-43.189782,-22.90122,-43.34705,2019-01-25 08:57:52,2019-01-25 09:53:39,16114.402312739725,-3347.0
C51618,1a516c64-e0c1-41ab-9975-71487d6bd5a6,69,-22.903332,-43.184461,-22.90122,-43.34705,2019-01-25 08:57:52,2019-01-25 09:55:00,16655.55262247158,-3428.0
C51618,1a516c64-e0c1-41ab-9975-71487d6bd5a6,70,-22.905593,-43.182786,-22.90122,-43.34705,2019-01-25 08:57:52,2019-01-25 09:55:53,16832.350865551653,-3481.0
C51618,1a516c64-e0c1-41ab-9975-71487d6bd5a6,71,-22.90723,-43.18272,-22.90122,-43.34705,2019-01-25 08:57:52,2019-01-25 09:56:29,16845.245769804354,-3517.0
C51618,1a516c64-e0c1-41ab-9975-71487d6bd5a6,72,-22.90879,-43.18819,-22.90122,-43.34705,2019-01-25 08:57:52,2019-01-25 09:57:52,16293.36775952202,-3600.0
C51579,1a516c64-e0c1-41ab-9975-71487d6bd5a6,0,-22.901318,-43.347259,-22.90464,-43.2197,2019-01-25 09:05:38,2019-01-25 09:05:38,13070.947431537626,0.0
C51579,1a516c64-e0c1-41ab-9975-71487d6bd5a6,1,-22.90189,-43.34779,-22.90464,-43.2197,2019-01-25 09:05:38,2019-01-25 09:05:49,13123.651868699422,-11.0
C51579,1a516c64-e0c1-41ab-9975-71487d6bd5a6,2,-22.900466,-43.349828,-22.90464,-43.2197,2019-01-25 09:05:38,2019-01-25 09:06:29,13336.986794715263,-51.0
C51579,1a516c64-e0c1-41ab-9975-71487d6bd5a6,3,-22.89911,-43.35167,-22.90464,-43.2197,2019-01-25 09:05:38,2019-01-25 09:07:03,13531.629314724272,-85.0
C51579,1a516c64-e0c1-41ab-9975-71487d6bd5a6,4,-22.898012,-43.352228,-22.90464,-43.2197,2019-01-25 09:05:38,2019-01-25 09:07:30,13594.853122484306,-112.0
C51579,1a516c64-e0c1-41ab-9975-71487d6bd5a6,5,-22.89818,-43.350146,-22.90464,-43.2197,2019-01-25 09:05:38,2019-01-25 09:08:14,13380.888095198989,-156.0
C51579,1a516c64-e0c1-41ab-9975-71487d6bd5a6,6,-22.896967,-43.348397,-22.90464,-43.2197,2019-01-25 09:05:38,2019-01-25 09:08:50,13210.083892352093,-192.0
C51579,1a516c64-e0c1-41ab-9975-71487d6bd5a6,7,-22.8954,-43.34742,-22.90464,-43.2197,2019-01-25 09:05:38,2019-01-25 09:09:18,13122.786588151215,-220.0
C51579,1a516c64-e0c1-41ab-9975-71487d6bd5a6,8,-22.89369,-43.34688,-22.90464,-43.2197,2019-01-25 09:05:38,2019-01-25 09:09:46,13084.049195356996,-248.0
C51579,1a516c64-e0c1-41ab-9975-71487d6bd5a6,9,-22.890381,-43.34553,-22.90464,-43.2197,2019-01-25 09:05:38,2019-01-25 09:10:47,12986.300800109293,-309.0
C51579,1a516c64-e0c1-41ab-9975-71487d6bd5a6,10,-22.88842,-43.34439,-22.90464,-43.2197,2019-01-25 09:05:38,2019-01-25 09:11:22,12899.177639056921,-344.0
C51579,1a516c64-e0c1-41ab-9975-71487d6bd5a6,11,-22.88717,-43.34339,-22.90464,-43.2197,2019-01-25 09:05:38,2019-01-25 09:11:46,12818.142774237203,-368.0
C51579,1a516c64-e0c1-41ab-9975-71487d6bd5a6,12,-22.88579,-43.34209,-22.90464,-43.2197,2019-01-25 09:05:38,2019-01-25 09:12:15,12710.996114433357,-397.0
C51579,1a516c64-e0c1-41ab-9975-71487d6bd5a6,13,-22.88283,-43.34025,-22.90464,-43.2197,2019-01-25 09:05:38,2019-01-25 09:13:32,12584.531000818057,-474.0
C51579,1a516c64-e0c1-41ab-9975-71487d6bd5a6,14,-22.882534,-43.33687,-22.90464,-43.2197,2019-01-25 09:05:38,2019-01-25 09:14:21,12251.5434038702,-523.0
C51579,1a516c64-e0c1-41ab-9975-71487d6bd5a6,15,-22.882382,-43.333901,-22.90464,-43.2197,2019-01-25 09:05:38,2019-01-25 09:15:04,11957.244237199155,-566.0
C51579,1a516c64-e0c1-41ab-9975-71487d6bd5a6,16,-22.882138,-43.331007,-22.90464,-43.2197,2019-01-25 09:05:38,2019-01-25 09:15:52,11673.171112052594,-614.0
C51579,1a516c64-e0c1-41ab-9975-71487d6bd5a6,17,-22.88256,-43.32373,-22.90464,-43.2197,2019-01-25 09:05:38,2019-01-25 09:17:33,10935.588393446635,-715.0
C51579,1a516c64-e0c1-41ab-9975-71487d6bd5a6,18,-22.88284,-43.3224,-22.90464,-43.2197,2019-01-25 09:05:38,2019-01-25 09:17:53,10795.825918504102,-735.0
C51579,1a516c64-e0c1-41ab-9975-71487d6bd5a6,19,-22.8835,-43.32058,-22.90464,-43.2197,2019-01-25 09:05:38,2019-01-25 09:18:21,10597.69166990675,-763.0
C51579,1a516c64-e0c1-41ab-9975-71487d6bd5a6,20,-22.88445,-43.31751,-22.90464,-43.2197,2019-01-25 09:05:38,2019-01-25 09:19:08,10267.636712895444,-810.0
C51579,1a516c64-e0c1-41ab-9975-71487d6bd5a6,21,-22.884744,-43.316116,-22.90464,-43.2197,2019-01-25 09:05:38,2019-01-25 09:19:29,10121.138747972529,-831.0
C51579,1a516c64-e0c1-41ab-9975-71487d6bd5a6,22,-22.88498,-43.31429,-22.90464,-43.2197,2019-01-25 09:05:38,2019-01-25 09:19:55,9932.882780116659,-857.0
C51579,1a516c64-e0c1-41ab-9975-71487d6bd5a6,23,-22.885103,-43.311568,-22.90464,-43.2197,2019-01-25 09:05:38,2019-01-25 09:20:34,9657.996447296693,-896.0
C51579,1a516c64-e0c1-41ab-9975-71487d6bd5a6,24,-22.88562,-43.30967,-22.90464,-43.2197,2019-01-25 09:05:38,2019-01-25 09:21:04,9455.616951801587,-926.0
C51579,1a516c64-e0c1-41ab-9975-71487d6bd5a6,25,-22.88672,-43.306443,-22.90464,-43.2197,2019-01-25 09:05:38,2019-01-25 09:21:53,9106.153910157745,-975.0
C51579,1a516c64-e0c1-41ab-9975-71487d6bd5a6,26,-22.88646,-43.30281,-22.90464,-43.2197,2019-01-25 09:05:38,2019-01-25 09:22:47,8750.049751373892,-1029.0
C51579,1a516c64-e0c1-41ab-9975-71487d6bd5a6,27,-22.88548,-43.30031,-22.90464,-43.2197,2019-01-25 09:05:38,2019-01-25 09:23:28,8527.695981172197,-1070.0
C51579,1a516c64-e0c1-41ab-9975-71487d6bd5a6,28,-22.884601,-43.297845,-22.90464,-43.2197,2019-01-25 09:05:38,2019-01-25 09:24:07,8309.14187224277,-1109.0
C51579,1a516c64-e0c1-41ab-9975-71487d6bd5a6,29,-22.88341,-43.29648,-22.90464,-43.2197,2019-01-25 09:05:38,2019-01-25 09:24:34,8211.6459041388,-1136.0
C51579,1a516c64-e0c1-41ab-9975-71487d6bd5a6,30,-22.88182,-43.29431,-22.90464,-43.2197,2019-01-25 09:05:38,2019-01-25 09:25:15,8052.990801108356,-1177.0
C51579,1a516c64-e0c1-41ab-9975-71487d6bd5a6,31,-22.8842,-43.29133,-22.90464,-43.2197,2019-01-25 09:05:38,2019-01-25 09:26:19,7681.394532172723,-1241.0
C51579,1a516c64-e0c1-41ab-9975-71487d6bd5a6,32,-22.885668,-43.290084,-22.90464,-43.2197,2019-01-25 09:05:38,2019-01-25 09:26:53,7512.068229967622,-1275.0
C51579,1a516c64-e0c1-41ab-9975-71487d6bd5a6,33,-22.88744,-43.2864,-22.90464,-43.2197,2019-01-25 09:05:38,2019-01-25 09:27:48,7094.995074694636,-1330.0
C51579,1a516c64-e0c1-41ab-9975-71487d6bd5a6,34,-22.887738,-43.283511,-22.90464,-43.2197,2019-01-25 09:05:38,2019-01-25 09:28:24,6801.246753732111,-1366.0
C51579,1a516c64-e0c1-41ab-9975-71487d6bd5a6,35,-22.887155,-43.280679,-22.90464,-43.2197,2019-01-25 09:05:38,2019-01-25 09:29:10,6541.927429714916,-1412.0
C51579,1a516c64-e0c1-41ab-9975-71487d6bd5a6,36,-22.88591,-43.27898,-22.90464,-43.2197,2019-01-25 09:05:38,2019-01-25 09:29:43,6419.5597189311,-1445.0
C51579,1a516c64-e0c1-41ab-9975-71487d6bd5a6,37,-22.88441,-43.27719,-22.90464,-43.2197,2019-01-25 09:05:38,2019-01-25 09:30:18,6304.006577060802,-1480.0
C51579,1a516c64-e0c1-41ab-9975-71487d6bd5a6,38,-22.8822,-43.2754,-22.90464,-43.2197,2019-01-25 09:05:38,2019-01-25 09:31:01,6227.439878501719,-1523.0
C51579,1a516c64-e0c1-41ab-9975-71487d6bd5a6,39,-22.881083,-43.272751,-22.90464,-43.2197,2019-01-25 09:05:38,2019-01-25 09:31:45,6032.713228764385,-1567.0
C51579,1a516c64-e0c1-41ab-9975-71487d6bd5a6,40,-22.878863,-43.265859,-22.90464,-43.2197,2019-01-25 09:05:38,2019-01-25 09:33:31,5529.316557185557,-1673.0
C51579,1a516c64-e0c1-41ab-9975-71487d6bd5a6,41,-22.87833,-43.26397,-22.90464,-43.2197,2019-01-25 09:05:38,2019-01-25 09:34:03,5396.683783983294,-1705.0
C51579,1a516c64-e0c1-41ab-9975-71487d6bd5a6,42,-22.878337,-43.261822,-22.90464,-43.2197,2019-01-25 09:05:38,2019-01-25 09:34:34,5212.712390072676,-1736.0
C51579,1a516c64-e0c1-41ab-9975-71487d6bd5a6,43,-22.880394,-43.259223,-22.90464,-43.2197,2019-01-25 09:05:38,2019-01-25 09:35:29,4864.136836789076,-1791.0
C51579,1a516c64-e0c1-41ab-9975-71487d6bd5a6,44,-22.882581,-43.254845,-22.90464,-43.2197,2019-01-25 09:05:38,2019-01-25 09:36:41,4356.29136991642,-1863.0
C51579,1a516c64-e0c1-41ab-9975-71487d6bd5a6,45,-22.88517,-43.25266,-22.90464,-43.2197,2019-01-25 09:05:38,2019-01-25 09:37:32,4010.758972679568,-1914.0
C51579,1a516c64-e0c1-41ab-9975-71487d6bd5a6,46,-22.886927,-43.250822,-22.90464,-43.2197,2019-01-25 09:05:38,2019-01-25 09:38:10,3747.319500651944,-1952.0
C51579,1a516c64-e0c1-41ab-9975-71487d6bd5a6,47,-22.890046,-43.244457,-22.90464,-43.2197,2019-01-25 09:05:38,2019-01-25 09:40:10,3010.7125086743013,-2072.0
C51579,1a516c64-e0c1-41ab-9975-71487d6bd5a6,48,-22.890765,-43.242335,-22.90464,-43.2197,2019-01-25 09:05:38,2019-01-25 09:40:41,2784.974267517984,-2103.0
C51579,1a516c64-e0c1-41ab-9975-71487d6bd5a6,49,-22.891768,-43.240794,-22.90464,-43.2197,2019-01-25 09:05:38,2019-01-25 09:41:05,2591.774579379235,-2127.0
C51579,1a516c64-e0c1-41ab-9975-71487d6bd5a6,50,-22.89495,-43.24279,-22.90464,-43.2197,2019-01-25 09:05:38,2019-01-25 09:42:21,2599.007809501266,-2203.0
C51579,1a516c64-e0c1-41ab-9975-71487d6bd5a6,51,-22.897995,-43.241305,-22.90464,-43.2197,2019-01-25 09:05:38,2019-01-25 09:43:32,2333.097236611111,-2274.0
C51579,1a516c64-e0c1-41ab-9975-71487d6bd5a6,52,-22.90138,-43.241176,-22.90464,-43.2197,2019-01-25 09:05:38,2019-01-25 09:44:32,2229.429894140427,-2334.0
C51579,1a516c64-e0c1-41ab-9975-71487d6bd5a6,53,-22.90591,-43.23964,-22.90464,-43.2197,2019-01-25 09:05:38,2019-01-25 09:45:45,2047.2738444027343,-2407.0
C51579,1a516c64-e0c1-41ab-9975-71487d6bd5a6,54,-22.907884,-43.236917,-22.90464,-43.2197,2019-01-25 09:05:38,2019-01-25 09:46:35,1799.9895452741669,-2457.0
C51579,1a516c64-e0c1-41ab-9975-71487d6bd5a6,55,-22.908756,-43.234655,-22.90464,-43.2197,2019-01-25 09:05:38,2019-01-25 09:47:07,1598.6950400871576,-2489.0
C51579,1a516c64-e0c1-41ab-9975-71487d6bd5a6,56,-22.908374,-43.231002,-22.90464,-43.2197,2019-01-25 09:05:38,2019-01-25 09:48:04,1229.829059314552,-2546.0
C51579,1a516c64-e0c1-41ab-9975-71487d6bd5a6,57,-22.90931,-43.22631,-22.90464,-43.2197,2019-01-25 09:05:38,2019-01-25 09:49:25,853.245848664923,-2627.0
C51579,1a516c64-e0c1-41ab-9975-71487d6bd5a6,58,-22.909238,-43.222916,-22.90464,-43.2197,2019-01-25 09:05:38,2019-01-25 09:50:15,608.1996906780449,-2677.0
C51579,1a516c64-e0c1-41ab-9975-71487d6bd5a6,59,-22.906357,-43.220639,-22.90464,-43.2197,2019-01-25 09:05:38,2019-01-25 09:51:12,213.77904640313483,-2734.0
C51579,1a516c64-e0c1-41ab-9975-71487d6bd5a6,60,-22.904907,-43.218901,-22.90464,-43.2197,2019-01-25 09:05:38,2019-01-25 09:51:58,87.05837159935462,-2780.0
C51579,1a516c64-e0c1-41ab-9975-71487d6bd5a6,61,-22.90411,-43.21611,-22.90464,-43.2197,2019-01-25 09:05:38,2019-01-25 09:52:43,372.408579633939,-2825.0
C51579,1a516c64-e0c1-41ab-9975-71487d6bd5a6,62,-22.90341,-43.21449,-22.90464,-43.2197,2019-01-25 09:05:38,2019-01-25 09:53:09,550.8981198602264,-2851.0
C51579,1a516c64-e0c1-41ab-9975-71487d6bd5a6,63,-22.902025,-43.210979,-22.90464,-43.2197,2019-01-25 09:05:38,2019-01-25 09:54:04,939.4142857534983,-2906.0
C51579,1a516c64-e0c1-41ab-9975-71487d6bd5a6,64,-22.908498,-43.209965,-22.90464,-43.2197,2019-01-25 09:05:38,2019-01-25 09:55:50,1085.4853797285289,-3012.0
C51579,1a516c64-e0c1-41ab-9975-71487d6bd5a6,65,-22.91013,-43.205583,-22.90464,-43.2197,2019-01-25 09:05:38,2019-01-25 09:57:24,1569.5250940233077,-3106.0
C51579,1a516c64-e0c1-41ab-9975-71487d6bd5a6,66,-22.908619,-43.201048,-22.90464,-43.2197,2019-01-25 09:05:38,2019-01-25 09:58:33,1961.0163711196271,-3175.0
C51579,1a516c64-e0c1-41ab-9975-71487d6bd5a6,67,-22.90623,-43.193405,-22.90464,-43.2197,2019-01-25 09:05:38,2019-01-25 10:00:30,2699.1156595416105,-3292.0
C51579,1a516c64-e0c1-41ab-9975-71487d6bd5a6,68,-22.905052,-43.189782,-22.90464,-43.2197,2019-01-25 09:05:38,2019-01-25 10:01:25,3064.7678715074594,-3347.0
C51579,1a516c64-e0c1-41ab-9975-71487d6bd5a6,69,-22.903332,-43.184461,-22.90464,-43.2197,2019-01-25 09:05:38,2019-01-25 10:02:46,3612.3940922409397,-3428.0
C51579,1a516c64-e0c1-41ab-9975-71487d6bd5a6,70,-22.905593,-43.182786,-22.90464,-43.2197,2019-01-25 09:05:38,2019-01-25 10:03:39,3782.485261616691,-3481.0
C51579,1a516c64-e0c1-41ab-9975-71487d6bd5a6,71,-22.90723,-43.18272,-22.90464,-43.2197,2019-01-25 09:05:38,2019-01-25 10:04:15,3798.6707616453477,-3517.0
C51579,1a516c64-e0c1-41ab-9975-71487d6bd5a6,72,-22.90879,-43.18819,-22.90464,-43.2197,2019-01-25 09:05:38,2019-01-25 10:05:38,3260.268228941164,-3600.0
C51543,1a516c64-e0c1-41ab-9975-71487d6bd5a6,0,-22.901318,-43.347259,-22.88224,-43.32901,2019-01-25 09:01:48,2019-01-25 09:01:48,2827.5109499185232,0.0
C51543,1a516c64-e0c1-41ab-9975-71487d6bd5a6,1,-22.90189,-43.34779,-22.88224,-43.32901,2019-01-25 09:01:48,2019-01-25 09:01:59,2911.190061125744,-11.0
C51543,1a516c64-e0c1-41ab-9975-71487d6bd5a6,2,-22.900466,-43.349828,-22.88224,-43.32901,2019-01-25 09:01:48,2019-01-25 09:02:39,2941.9420763001863,-51.0
C51543,1a516c64-e0c1-41ab-9975-71487d6bd5a6,3,-22.89911,-43.35167,-22.88224,-43.32901,2019-01-25 09:01:48,2019-01-25 09:03:13,2984.4669242741757,-85.0
C51543,1a516c64-e0c1-41ab-9975-71487d6bd5a6,4,-22.898012,-43.352228,-22.88224,-43.32901,2019-01-25 09:01:48,2019-01-25 09:03:40,2955.093100257567,-112.0
C51543,1a516c64-e0c1-41ab-9975-71487d6bd5a6,5,-22.89818,-43.350146,-22.88224,-43.32901,2019-01-25 09:01:48,2019-01-25 09:04:24,2798.107184715051,-156.0
C51543,1a516c64-e0c1-41ab-9975-71487d6bd5a6,6,-22.896967,-43.348397,-22.88224,-43.32901,2019-01-25 09:01:48,2019-01-25 09:05:00,2574.055817129132,-192.0
C51543,1a516c64-e0c1-41ab-9975-71487d6bd5a6,7,-22.8954,-43.34742,-22.88224,-43.32901,2019-01-25 09:01:48,2019-01-25 09:05:28,2387.0457935917684,-220.0
C51543,1a516c64-e0c1-41ab-9975-71487d6bd5a6,8,-22.89369,-43.34688,-22.88224,-43.32901,2019-01-25 09:01:48,2019-01-25 09:05:56,2229.8237171080373,-248.0
C51543,1a516c64-e0c1-41ab-9975-71487d6bd5a6,9,-22.890381,-43.34553,-22.88224,-43.32901,2019-01-25 09:01:48,2019-01-25 09:06:57,1919.2309388447306,-309.0
C51543,1a516c64-e0c1-41ab-9975-71487d6bd5a6,10,-22.88842,-43.34439,-22.88224,-43.32901,2019-01-25 09:01:48,2019-01-25 09:07:32,1718.8997115548113,-344.0
C51543,1a516c64-e0c1-41ab-9975-71487d6bd5a6,11,-22.88717,-43.34339,-22.88224,-43.32901,2019-01-25 09:01:48,2019-01-25 09:07:56,1571.8184496322558,-368.0
C51543,1a516c64-e0c1-41ab-9975-71487d6bd5a6,12,-22.88579,-43.34209,-22.88224,-43.32901,2019-01-25 09:01:48,2019-01-25 09:08:25,1396.8917421755007,-397.0
C51543,1a516c64-e0c1-41ab-9975-71487d6bd5a6,13,-22.88283,-43.34025,-22.88224,-43.32901,2019-01-25 09:01:48,2019-01-25 09:09:42,1153.3416486269707,-474.0
C51543,1a516c64-e0c1-41ab-9975-71487d6bd5a6,14,-22.882534,-43.33687,-22.88224,-43.32901,2019-01-25 09:01:48,2019-01-25 09:10:31,805.8766494277352,-523.0
C51543,1a516c64-e0c1-41ab-9975-71487d6bd5a6,15,-22.882382,-43.333901,-22.88224,-43.32901,2019-01-25 09:01:48,2019-01-25 09:11:14,501.30476203025466,-566.0
C51543,1a516c64-e0c1-41ab-9975-71487d6bd5a6,16,-22.882138,-43.331007,-22.88224,-43.32901,2019-01-25 09:01:48,2019-01-25 09:12:02,204.89599657895607,-614.0
C51543,1a516c64-e0c1-41ab-9975-71487d6bd5a6,17,-22.88256,-43.32373,-22.88224,-43.32901,2019-01-25 09:01:48,2019-01-25 09:13:43,542.0756816273677,-715.0
C51543,1a516c64-e0c1-41ab-9975-71487d6bd5a6,18,-22.88284,-43.3224,-22.88224,-43.32901,2019-01-25 09:01:48,2019-01-25 09:14:03,680.4356930781607,-735.0
C51543,1a516c64-e0c1-41ab-9975-71487d6bd5a6,19,-22.8835,-43.32058,-22.88224,-43.32901,2019-01-25 09:01:48,2019-01-25 09:14:31,874.8946679982485,-763.0
C51543,1a516c64-e0c1-41ab-9975-71487d6bd5a6,20,-22.88445,-43.31751,-22.88224,-43.32901,2019-01-25 09:01:48,2019-01-25 09:15:18,1203.4594330802508,-810.0
C51543,1a516c64-e0c1-41ab-9975-71487d6bd5a6,21,-22.884744,-43.316116,-22.88224,-43.32901,2019-01-25 09:01:48,2019-01-25 09:15:39,1349.9340684332221,-831.0
C51543,1a516c64-e0c1-41ab-9975-71487d6bd5a6,22,-22.88498,-43.31429,-22.88224,-43.32901,2019-01-25 09:01:48,2019-01-25 09:16:05,1538.4393078982273,-857.0
C51543,1a516c64-e0c1-41ab-9975-71487d6bd5a6,23,-22.885103,-43.311568,-22.88224,-43.32901,2019-01-25 09:01:48,2019-01-25 09:16:44,1814.9571836866612,-896.0
C51543,1a516c64-e0c1-41ab-9975-71487d6bd5a6,24,-22.88562,-43.30967,-22.88224,-43.32901,2019-01-25 09:01:48,2019-01-25 09:17:14,2016.585744553766,-926.0
C51543,1a516c64-e0c1-41ab-9975-71487d6bd5a6,25,-22.88672,-43.306443,-22.88224,-43.32901,2019-01-25 09:01:48,2019-01-25 09:18:03,2364.890165009659,-975.0
C51543,1a516c64-e0c1-41ab-9975-71487d6bd5a6,26,-22.88646,-43.30281,-22.88224,-43.32901,2019-01-25 09:01:48,2019-01-25 09:18:57,2724.7154262865633,-1029.0
C51543,1a516c64-e0c1-41ab-9975-71487d6bd5a6,27,-22.88548,-43.30031,-22.88224,-43.32901,2019-01-25 09:01:48,2019-01-25 09:19:38,2962.1144247940106,-1070.0
C51543,1a516c64-e0c1-41ab-9975-71487d6bd5a6,28,-22.884601,-43.297845,-22.88224,-43.32901,2019-01-25 09:01:48,2019-01-25 09:20:17,3203.432399496305,-1109.0
C51543,1a516c64-e0c1-41ab-9975-71487d6bd5a6,29,-22.88341,-43.29648,-22.88224,-43.32901,2019-01-25 09:01:48,2019-01-25 09:20:44,3335.04535439319,-1136.0
C51543,1a516c64-e0c1-41ab-9975-71487d6bd5a6,30,-22.88182,-43.29431,-22.88224,-43.32901,2019-01-25 09:01:48,2019-01-25 09:21:25,3555.1381603420923,-1177.0
C51543,1a516c64-e0c1-41ab-9975-71487d6bd5a6,31,-22.8842,-43.29133,-22.88224,-43.32901,2019-01-25 09:01:48,2019-01-25 09:22:29,3866.2304512942405,-1241.0
C51543,1a516c64-e0c1-41ab-9975-71487d6bd5a6,32,-22.885668,-43.290084,-22.88224,-43.32901,2019-01-25 09:01:48,2019-01-25 09:23:03,4005.882696149151,-1275.0
C51543,1a516c64-e0c1-41ab-9975-71487d6bd5a6,33,-22.88744,-43.2864,-22.88224,-43.32901,2019-01-25 09:01:48,2019-01-25 09:23:58,4403.208247570533,-1330.0
C51543,1a516c64-e0c1-41ab-9975-71487d6bd5a6,34,-22.887738,-43.283511,-22.88224,-43.32901,2019-01-25 09:01:48,2019-01-25 09:24:34,4700.952134579151,-1366.0
C51543,1a516c64-e0c1-41ab-9975-71487d6bd5a6,35,-22.887155,-43.280679,-22.88224,-43.32901,2019-01-25 09:01:48,2019-01-25 09:25:20,4981.229989346711,-1412.0
C51543,1a516c64-e0c1-41ab-9975-71487d6bd5a6,36,-22.88591,-43.27898,-22.88224,-43.32901,2019-01-25 09:01:48,2019-01-25 09:25:53,5141.452348448036,-1445.0
C51543,1a516c64-e0c1-41ab-9975-71487d6bd5a6,37,-22.88441,-43.27719,-22.88224,-43.32901,2019-01-25 09:01:48,2019-01-25 09:26:28,5314.115065876619,-1480.0
C51543,1a516c64-e0c1-41ab-9975-71487d6bd5a6,38,-22.8822,-43.2754,-22.88224,-43.32901,2019-01-25 09:01:48,2019-01-25 09:27:11,5492.054941185237,-1523.0
C51543,1a516c64-e0c1-41ab-9975-71487d6bd5a6,39,-22.881083,-43.272751,-22.88224,-43.32901,2019-01-25 09:01:48,2019-01-25 09:27:55,5764.888220866274,-1567.0
C51543,1a516c64-e0c1-41ab-9975-71487d6bd5a6,40,-22.878863,-43.265859,-22.88224,-43.32901,2019-01-25 09:01:48,2019-01-25 09:29:41,6480.444586528017,-1673.0
C51543,1a516c64-e0c1-41ab-9975-71487d6bd5a6,41,-22.87833,-43.26397,-22.88224,-43.32901,2019-01-25 09:01:48,2019-01-25 09:30:13,6677.2590259707995,-1705.0
C51543,1a516c64-e0c1-41ab-9975-71487d6bd5a6,42,-22.878337,-43.261822,-22.88224,-43.32901,2019-01-25 09:01:48,2019-01-25 09:30:44,6896.811798386571,-1736.0
C51543,1a516c64-e0c1-41ab-9975-71487d6bd5a6,43,-22.880394,-43.259223,-22.88224,-43.32901,2019-01-25 09:01:48,2019-01-25 09:31:39,7152.292497571862,-1791.0
C51543,1a516c64-e0c1-41ab-9975-71487d6bd5a6,44,-22.882581,-43.254845,-22.88224,-43.32901,2019-01-25 09:01:48,2019-01-25 09:32:51,7597.885092428409,-1863.0
C51543,1a516c64-e0c1-41ab-9975-71487d6bd5a6,45,-22.88517,-43.25266,-22.88224,-43.32901,2019-01-25 09:01:48,2019-01-25 09:33:42,7828.339506349332,-1914.0
C51543,1a516c64-e0c1-41ab-9975-71487d6bd5a6,46,-22.886927,-43.250822,-22.88224,-43.32901,2019-01-25 09:01:48,2019-01-25 09:34:20,8026.733656580869,-1952.0
C51543,1a516c64-e0c1-41ab-9975-71487d6bd5a6,47,-22.890046,-43.244457,-22.88224,-43.32901,2019-01-25 09:01:48,2019-01-25 09:36:20,8705.126497678151,-2072.0
C51543,1a516c64-e0c1-41ab-9975-71487d6bd5a6,48,-22.890765,-43.242335,-22.88224,-43.32901,2019-01-25 09:01:48,2019-01-25 09:36:51,8929.560161717052,-2103.0
C51543,1a516c64-e0c1-41ab-9975-71487d6bd5a6,49,-22.891768,-43.240794,-22.88224,-43.32901,2019-01-25 09:01:48,2019-01-25 09:37:15,9098.82362873455,-2127.0
C51543,1a516c64-e0c1-41ab-9975-71487d6bd5a6,50,-22.89495,-43.24279,-22.88224,-43.32901,2019-01-25 09:01:48,2019-01-25 09:38:31,8944.712670298173,-2203.0
C51543,1a516c64-e0c1-41ab-9975-71487d6bd5a6,51,-22.897995,-43.241305,-22.88224,-43.32901,2019-01-25 09:01:48,2019-01-25 09:39:42,9153.584663539916,-2274.0
C51543,1a516c64-e0c1-41ab-9975-71487d6bd5a6,52,-22.90138,-43.241176,-22.88224,-43.32901,2019-01-25 09:01:48,2019-01-25 09:40:42,9245.765721906679,-2334.0
C51543,1a516c64-e0c1-41ab-9975-71487d6bd5a6,53,-22.90591,-43.23964,-22.88224,-43.32901,2019-01-25 09:01:48,2019-01-25 09:41:55,9525.509881991477,-2407.0
C51543,1a516c64-e0c1-41ab-9975-71487d6bd5a6,54,-22.907884,-43.236917,-22.88224,-43.32901,2019-01-25 09:01:48,2019-01-25 09:42:45,9855.076114838062,-2457.0
C51543,1a516c64-e0c1-41ab-9975-71487d6bd5a6,55,-22.908756,-43.234655,-22.88224,-43.32901,2019-01-25 09:01:48,2019-01-25 09:43:17,10104.930974304216,-2489.0
C51543,1a516c64-e0c1-41ab-9975-71487d6bd5a6,56,-22.908374,-43.231002,-22.88224,-43.32901,2019-01-25 09:01:48,2019-01-25 09:44:14,10451.534594473318,-2546.0
C51543,1a516c64-e0c1-41ab-9975-71487d6bd5a6,57,-22.90931,-43.22631,-22.88224,-43.32901,2019-01-25 09:01:48,2019-01-25 09:45:35,10942.161649211786,-2627.0
C51543,1a516c64-e0c1-41ab-9975-71487d6bd5a6,58,-22.909238,-43.222916,-22.88224,-43.32901,2019-01-25 09:01:48,2019-01-25 09:46:25,11274.684689174544,-2677.0
C51543,1a516c64-e0c1-41ab-9975-71487d6bd5a6,59,-22.906357,-43.220639,-22.88224,-43.32901,2019-01-25 09:01:48,2019-01-25 09:47:22,11420.34825423208,-2734.0
C51543,1a516c64-e0c1-41ab-9975-71487d6bd5a6,60,-22.904907,-43.218901,-22.88224,-43.32901,2019-01-25 09:01:48,2019-01-25 09:48:08,11557.307208037219,-2780.0
C51543,1a516c64-e0c1-41ab-9975-71487d6bd5a6,61,-22.90411,-43.21611,-22.88224,-43.32901,2019-01-25 09:01:48,2019-01-25 09:48:53,11817.968006519815,-2825.0
C51543,1a516c64-e0c1-41ab-9975-71487d6bd5a6,62,-22.90341,-43.21449,-22.88224,-43.32901,2019-01-25 09:01:48,2019-01-25 09:49:19,11964.884979445684,-2851.0
C51543,1a516c64-e0c1-41ab-9975-71487d6bd5a6,63,-22.902025,-43.210979,-22.88224,-43.32901,2019-01-25 09:01:48,2019-01-25 09:50:14,12289.272721446378,-2906.0
C51543,1a516c64-e0c1-41ab-9975-71487d6bd5a6,64,-22.908498,-43.209965,-22.88224,-43.32901,2019-01-25 09:01:48,2019-01-25 09:52:00,12539.006849426794,-3012.0
C51543,1a516c64-e0c1-41ab-9975-71487d6bd5a6,65,-22.91013,-43.205583,-22.88224,-43.32901,2019-01-25 09:01:48,2019-01-25 09:53:34,13017.917820585693,-3106.0
C51543,1a516c64-e0c1-41ab-9975-71487d6bd5a6,66,-22.908619,-43.201048,-22.88224,-43.32901,2019-01-25 09:01:48,2019-01-25 09:54:43,13431.918860472493,-3175.0
C51543,1a516c64-e0c1-41ab-9975-71487d6bd5a6,67,-22.90623,-43.193405,-22.88224,-43.32901,2019-01-25 09:01:48,2019-01-25 09:56:40,14144.584084624697,-3292.0
C51543,1a516c64-e0c1-41ab-9975-71487d6bd5a6,68,-22.905052,-43.189782,-22.88224,-43.32901,2019-01-25 09:01:48,2019-01-25 09:57:35,14485.76768472322,-3347.0
C51543,1a516c64-e0c1-41ab-9975-71487d6bd5a6,69,-22.903332,-43.184461,-22.88224,-43.32901,2019-01-25 09:01:48,2019-01-25 09:58:56,14991.695384217988,-3428.0
C51543,1a516c64-e0c1-41ab-9975-71487d6bd5a6,70,-22.905593,-43.182786,-22.88224,-43.32901,2019-01-25 09:01:48,2019-01-25 09:59:49,15201.985611405016,-3481.0
C51543,1a516c64-e0c1-41ab-9975-71487d6bd5a6,71,-22.90723,-43.18272,-22.88224,-43.32901,2019-01-25 09:01:48,2019-01-25 10:00:25,15240.692753053745,-3517.0
C51543,1a516c64-e0c1-41ab-9975-71487d6bd5a6,72,-22.90879,-43.18819,-22.88224,-43.32901,2019-01-25 09:01:48,2019-01-25 10:01:48,14723.836087049387,-3600.0
C51632,1a516c64-e0c1-41ab-9975-71487d6bd5a6,0,-22.901318,-43.347259,-22.89723,-43.351261,2019-01-25 09:04:06,2019-01-25 09:04:06,612.1055087611924,0.0
C51632,1a516c64-e0c1-41ab-9975-71487d6bd5a6,1,-22.90189,-43.34779,-22.89723,-43.351261,2019-01-25 09:04:06,2019-01-25 09:04:17,628.4161773639262,-11.0
C51632,1a516c64-e0c1-41ab-9975-71487d6bd5a6,2,-22.900466,-43.349828,-22.89723,-43.351261,2019-01-25 09:04:06,2019-01-25 09:04:57,388.61442567885507,-51.0
C51632,1a516c64-e0c1-41ab-9975-71487d6bd5a6,3,-22.89911,-43.35167,-22.89723,-43.351261,2019-01-25 09:04:06,2019-01-25 09:05:31,213.20320402187735,-85.0
C51632,1a516c64-e0c1-41ab-9975-71487d6bd5a6,4,-22.898012,-43.352228,-22.89723,-43.351261,2019-01-25 09:04:06,2019-01-25 09:05:58,131.8047853187169,-112.0
C51632,1a516c64-e0c1-41ab-9975-71487d6bd5a6,5,-22.89818,-43.350146,-22.89723,-43.351261,2019-01-25 09:04:06,2019-01-25 09:06:42,155.57417023696684,-156.0
C51632,1a516c64-e0c1-41ab-9975-71487d6bd5a6,6,-22.896967,-43.348397,-22.89723,-43.351261,2019-01-25 09:04:06,2019-01-25 09:07:18,294.8230630627158,-192.0
C51632,1a516c64-e0c1-41ab-9975-71487d6bd5a6,7,-22.8954,-43.34742,-22.89723,-43.351261,2019-01-25 09:04:06,2019-01-25 09:07:46,442.95454772782506,-220.0
C51632,1a516c64-e0c1-41ab-9975-71487d6bd5a6,8,-22.89369,-43.34688,-22.89723,-43.351261,2019-01-25 09:04:06,2019-01-25 09:08:14,596.9383592583621,-248.0
C51632,1a516c64-e0c1-41ab-9975-71487d6bd5a6,9,-22.890381,-43.34553,-22.89723,-43.351261,2019-01-25 09:04:06,2019-01-25 09:09:15,961.5789704610302,-309.0
C51632,1a516c64-e0c1-41ab-9975-71487d6bd5a6,10,-22.88842,-43.34439,-22.89723,-43.351261,2019-01-25 09:04:06,2019-01-25 09:09:50,1206.2597844244617,-344.0
C51632,1a516c64-e0c1-41ab-9975-71487d6bd5a6,11,-22.88717,-43.34339,-22.89723,-43.351261,2019-01-25 09:04:06,2019-01-25 09:10:14,1378.9138245499719,-368.0
C51632,1a516c64-e0c1-41ab-9975-71487d6bd5a6,12,-22.88579,-43.34209,-22.89723,-43.351261,2019-01-25 09:04:06,2019-01-25 09:10:43,1581.3719724699317,-397.0
C51632,1a516c64-e0c1-41ab-9975-71487d6bd5a6,13,-22.88283,-43.34025,-22.89723,-43.351261,2019-01-25 09:04:06,2019-01-25 09:12:00,1958.606609350188,-474.0
C51632,1a516c64-e0c1-41ab-9975-71487d6bd5a6,14,-22.882534,-43.33687,-22.89723,-43.351261,2019-01-25 09:04:06,2019-01-25 09:12:49,2200.8193125169755,-523.0
C51632,1a516c64-e0c1-41ab-9975-71487d6bd5a6,15,-22.882382,-43.333901,-22.89723,-43.351261,2019-01-25 09:04:06,2019-01-25 09:13:32,2426.594630469125,-566.0
C51632,1a516c64-e0c1-41ab-9975-71487d6bd5a6,16,-22.882138,-43.331007,-22.89723,-43.351261,2019-01-25 09:04:06,2019-01-25 09:14:20,2668.517856065413,-614.0
C51632,1a516c64-e0c1-41ab-9975-71487d6bd5a6,17,-22.88256,-43.32373,-22.89723,-43.351261,2019-01-25 09:04:06,2019-01-25 09:16:01,3258.016880490177,-715.0
C51632,1a516c64-e0c1-41ab-9975-71487d6bd5a6,18,-22.88284,-43.3224,-22.89723,-43.351261,2019-01-25 09:04:06,2019-01-25 09:16:21,3361.7096777332686,-735.0
C51632,1a516c64-e0c1-41ab-9975-71487d6bd5a6,19,-22.8835,-43.32058,-22.89723,-43.351261,2019-01-25 09:04:06,2019-01-25 09:16:49,3494.1000241594147,-763.0
C51632,1a516c64-e0c1-41ab-9975-71487d6bd5a6,20,-22.88445,-43.31751,-22.89723,-43.351261,2019-01-25 09:04:06,2019-01-25 09:17:36,3738.04329442942,-810.0
C51632,1a516c64-e0c1-41ab-9975-71487d6bd5a6,21,-22.884744,-43.316116,-22.89723,-43.351261,2019-01-25 09:04:06,2019-01-25 09:17:57,3858.6146243622616,-831.0
C51632,1a516c64-e0c1-41ab-9975-71487d6bd5a6,22,-22.88498,-43.31429,-22.89723,-43.351261,2019-01-25 09:04:06,2019-01-25 09:18:23,4024.739901757102,-857.0
C51632,1a516c64-e0c1-41ab-9975-71487d6bd5a6,23,-22.885103,-43.311568,-22.89723,-43.351261,2019-01-25 09:04:06,2019-01-25 09:19:02,4283.832860870368,-896.0
C51632,1a516c64-e0c1-41ab-9975-71487d6bd5a6,24,-22.88562,-43.30967,-22.89723,-43.351261,2019-01-25 09:04:06,2019-01-25 09:19:32,4451.7779039079505,-926.0
C51632,1a516c64-e0c1-41ab-9975-71487d6bd5a6,25,-22.88672,-43.306443,-22.89723,-43.351261,2019-01-25 09:04:06,2019-01-25 09:20:21,4737.438596737907,-975.0
C51632,1a516c64-e0c1-41ab-9975-71487d6bd5a6,26,-22.88646,-43.30281,-22.89723,-43.351261,2019-01-25 09:04:06,2019-01-25 09:21:15,5105.626677571051,-1029.0
C51632,1a516c64-e0c1-41ab-9975-71487d6bd5a6,27,-22.88548,-43.30031,-22.89723,-43.351261,2019-01-25 09:04:06,2019-01-25 09:21:56,5380.34927920135,-1070.0
C51632,1a516c64-e0c1-41ab-9975-71487d6bd5a6,28,-22.884601,-43.297845,-22.89723,-43.351261,2019-01-25 09:04:06,2019-01-25 09:22:35,5649.1512097179075,-1109.0
C51632,1a516c64-e0c1-41ab-9975-71487d6bd5a6,29,-22.88341,-43.29648,-22.89723,-43.351261,2019-01-25 09:04:06,2019-01-25 09:23:02,5818.285914177472,-1136.0
C51632,1a516c64-e0c1-41ab-9975-71487d6bd5a6,30,-22.88182,-43.29431,-22.89723,-43.351261,2019-01-25 09:04:06,2019-01-25 09:23:43,6080.440806089644,-1177.0
C51632,1a516c64-e0c1-41ab-9975-71487d6bd5a6,31,-22.8842,-43.29133,-22.89723,-43.351261,2019-01-25 09:04:06,2019-01-25 09:24:47,6307.872688099727,-1241.0
C51632,1a516c64-e0c1-41ab-9975-71487d6bd5a6,32,-22.885668,-43.290084,-22.89723,-43.351261,2019-01-25 09:04:06,2019-01-25 09:25:21,6397.339662947201,-1275.0
C51632,1a516c64-e0c1-41ab-9975-71487d6bd5a6,33,-22.88744,-43.2864,-22.89723,-43.351261,2019-01-25 09:04:06,2019-01-25 09:26:16,6732.750652222478,-1330.0
C51632,1a516c64-e0c1-41ab-9975-71487d6bd5a6,34,-22.887738,-43.283511,-22.89723,-43.351261,2019-01-25 09:04:06,2019-01-25 09:26:52,7019.893922968258,-1366.0
C51632,1a516c64-e0c1-41ab-9975-71487d6bd5a6,35,-22.887155,-43.280679,-22.89723,-43.351261,2019-01-25 09:04:06,2019-01-25 09:27:38,7316.488095081269,-1412.0
C51632,1a516c64-e0c1-41ab-9975-71487d6bd5a6,36,-22.88591,-43.27898,-22.89723,-43.351261,2019-01-25 09:04:06,2019-01-25 09:28:11,7510.51502241428,-1445.0
C51632,1a516c64-e0c1-41ab-9975-71487d6bd5a6,37,-22.88441,-43.27719,-22.89723,-43.351261,2019-01-25 09:04:06,2019-01-25 09:28:46,7720.437292328073,-1480.0
C51632,1a516c64-e0c1-41ab-9975-71487d6bd5a6,38,-22.8822,-43.2754,-22.89723,-43.351261,2019-01-25 09:04:06,2019-01-25 09:29:29,7948.797606458122,-1523.0
C51632,1a516c64-e0c1-41ab-9975-71487d6bd5a6,39,-22.881083,-43.272751,-22.89723,-43.351261,2019-01-25 09:04:06,2019-01-25 09:30:13,8240.49071589386,-1567.0
C51632,1a516c64-e0c1-41ab-9975-71487d6bd5a6,40,-22.878863,-43.265859,-22.89723,-43.351261,2019-01-25 09:04:06,2019-01-25 09:31:59,8983.81742550453,-1673.0
C51632,1a516c64-e0c1-41ab-9975-71487d6bd5a6,41,-22.87833,-43.26397,-22.89723,-43.351261,2019-01-25 09:04:06,2019-01-25 09:32:31,9185.760913248156,-1705.0
C51632,1a516c64-e0c1-41ab-9975-71487d6bd5a6,42,-22.878337,-43.261822,-22.89723,-43.351261,2019-01-25 09:04:06,2019-01-25 09:33:02,9399.927116414443,-1736.0
C51632,1a516c64-e0c1-41ab-9975-71487d6bd5a6,43,-22.880394,-43.259223,-22.89723,-43.351261,2019-01-25 09:04:06,2019-01-25 09:33:57,9612.396838018401,-1791.0
C51632,1a516c64-e0c1-41ab-9975-71487d6bd5a6,44,-22.882581,-43.254845,-22.89723,-43.351261,2019-01-25 09:04:06,2019-01-25 09:35:09,10010.155173611558,-1863.0
C51632,1a516c64-e0c1-41ab-9975-71487d6bd5a6,45,-22.88517,-43.25266,-22.89723,-43.351261,2019-01-25 09:04:06,2019-01-25 09:36:00,10189.100359670021,-1914.0
C51632,1a516c64-e0c1-41ab-9975-71487d6bd5a6,46,-22.886927,-43.250822,-22.89723,-43.351261,2019-01-25 09:04:06,2019-01-25 09:36:38,10352.26905245695,-1952.0
C51632,1a516c64-e0c1-41ab-9975-71487d6bd5a6,47,-22.890046,-43.244457,-22.89723,-43.351261,2019-01-25 09:04:06,2019-01-25 09:38:38,10969.692946193636,-2072.0
C51632,1a516c64-e0c1-41ab-9975-71487d6bd5a6,48,-22.890765,-43.242335,-22.89723,-43.351261,2019-01-25 09:04:06,2019-01-25 09:39:09,11181.041835415592,-2103.0
C51632,1a516c64-e0c1-41ab-9975-71487d6bd5a6,49,-22.891768,-43.240794,-22.89723,-43.351261,2019-01-25 09:04:06,2019-01-25 09:39:33,11332.007008591538,-2127.0
C51632,1a516c64-e0c1-41ab-9975-71487d6bd5a6,50,-22.89495,-43.24279,-22.89723,-43.351261,2019-01-25 09:04:06,2019-01-25 09:40:49,11114.020564872877,-2203.0
C51632,1a516c64-e0c1-41ab-9975-71487d6bd5a6,51,-22.897995,-43.241305,-22.89723,-43.351261,2019-01-25 09:04:06,2019-01-25 09:42:00,11263.438020268486,-2274.0
C51632,1a516c64-e0c1-41ab-9975-71487d6bd5a6,52,-22.90138,-43.241176,-22.89723,-43.351261,2019-01-25 09:04:06,2019-01-25 09:43:00,11285.628216177696,-2334.0
C51632,1a516c64-e0c1-41ab-9975-71487d6bd5a6,53,-22.90591,-43.23964,-22.89723,-43.351261,2019-01-25 09:04:06,2019-01-25 09:44:13,11474.000360051707,-2407.0
C51632,1a516c64-e0c1-41ab-9975-71487d6bd5a6,54,-22.907884,-43.236917,-22.89723,-43.351261,2019-01-25 09:04:06,2019-01-25 09:45:03,11771.927061724826,-2457.0
C51632,1a516c64-e0c1-41ab-9975-71487d6bd5a6,55,-22.908756,-43.234655,-22.89723,-43.351261,2019-01-25 09:04:06,2019-01-25 09:45:35,12012.388051228472,-2489.0
C51632,1a516c64-e0c1-41ab-9975-71487d6bd5a6,56,-22.908374,-43.231002,-22.89723,-43.351261,2019-01-25 09:04:06,2019-01-25 09:46:32,12380.18291028724,-2546.0
C51632,1a516c64-e0c1-41ab-9975-71487d6bd5a6,57,-22.90931,-43.22631,-22.89723,-43.351261,2019-01-25 09:04:06,2019-01-25 09:47:53,12868.859352767931,-2627.0
C51632,1a516c64-e0c1-41ab-9975-71487d6bd5a6,58,-22.909238,-43.222916,-22.89723,-43.351261,2019-01-25 09:04:06,2019-01-25 09:48:43,13213.845183950292,-2677.0
C51632,1a516c64-e0c1-41ab-9975-71487d6bd5a6,59,-22.906357,-43.220639,-22.89723,-43.351261,2019-01-25 09:04:06,2019-01-25 09:49:40,13418.018741039785,-2734.0
C51632,1a516c64-e0c1-41ab-9975-71487d6bd5a6,60,-22.904907,-43.218901,-22.89723,-43.351261,2019-01-25 09:04:06,2019-01-25 09:50:26,13584.526639426627,-2780.0
C51632,1a516c64-e0c1-41ab-9975-71487d6bd5a6,61,-22.90411,-43.21611,-22.89723,-43.351261,2019-01-25 09:04:06,2019-01-25 09:51:11,13864.724678011748,-2825.0
C51632,1a516c64-e0c1-41ab-9975-71487d6bd5a6,62,-22.90341,-43.21449,-22.89723,-43.351261,2019-01-25 09:04:06,2019-01-25 09:51:37,14026.41981922019,-2851.0
C51632,1a516c64-e0c1-41ab-9975-71487d6bd5a6,63,-22.902025,-43.210979,-22.89723,-43.351261,2019-01-25 09:04:06,2019-01-25 09:52:32,14379.173148052365,-2906.0
C51632,1a516c64-e0c1-41ab-9975-71487d6bd5a6,64,-22.908498,-43.209965,-22.89723,-43.351261,2019-01-25 09:04:06,2019-01-25 09:54:18,14526.938575671315,-3012.0
C51632,1a516c64-e0c1-41ab-9975-71487d6bd5a6,65,-22.91013,-43.205583,-22.89723,-43.351261,2019-01-25 09:04:06,2019-01-25 09:55:52,14990.345432838683,-3106.0
C51632,1a516c64-e0c1-41ab-9975-71487d6bd5a6,66,-22.908619,-43.201048,-22.89723,-43.351261,2019-01-25 09:04:06,2019-01-25 09:57:01,15438.186116559935,-3175.0
C51632,1a516c64-e0c1-41ab-9975-71487d6bd5a6,67,-22.90623,-43.193405,-22.89723,-43.351261,2019-01-25 09:04:06,2019-01-25 09:58:58,16200.103691039674,-3292.0
C51632,1a516c64-e0c1-41ab-9975-71487d6bd5a6,68,-22.905052,-43.189782,-22.89723,-43.351261,2019-01-25 09:04:06,2019-01-25 09:59:53,16563.191016062632,-3347.0
C51632,1a516c64-e0c1-41ab-9975-71487d6bd5a6,69,-22.903332,-43.184461,-22.89723,-43.351261,2019-01-25 09:04:06,2019-01-25 10:01:14,17098.94590206663,-3428.0
C51632,1a516c64-e0c1-41ab-9975-71487d6bd5a6,70,-22.905593,-43.182786,-22.89723,-43.351261,2019-01-25 09:04:06,2019-01-25 10:02:07,17281.943593111988,-3481.0
C51632,1a516c64-e0c1-41ab-9975-71487d6bd5a6,71,-22.90723,-43.18272,-22.89723,-43.351261,2019-01-25 09:04:06,2019-01-25 10:02:43,17299.335916870474,-3517.0
C51632,1a516c64-e0c1-41ab-9975-71487d6bd5a6,72,-22.90879,-43.18819,-22.89723,-43.351261,2019-01-25 09:04:06,2019-01-25 10:04:06,16752.56468360117,-3600.0
C51516,1a516c64-e0c1-41ab-9975-71487d6bd5a6,0,-22.901318,-43.347259,-22.90473,-43.220261,2019-01-25 08:59:58,2019-01-25 08:59:58,13013.791474712603,0.0
C51516,1a516c64-e0c1-41ab-9975-71487d6bd5a6,1,-22.90189,-43.34779,-22.90473,-43.220261,2019-01-25 08:59:58,2019-01-25 09:00:09,13066.438756749752,-11.0
C51516,1a516c64-e0c1-41ab-9975-71487d6bd5a6,2,-22.900466,-43.349828,-22.90473,-43.220261,2019-01-25 08:59:58,2019-01-25 09:00:49,13279.908100617993,-51.0
C51516,1a516c64-e0c1-41ab-9975-71487d6bd5a6,3,-22.89911,-43.35167,-22.90473,-43.220261,2019-01-25 08:59:58,2019-01-25 09:01:23,13474.681807559135,-85.0
C51516,1a516c64-e0c1-41ab-9975-71487d6bd5a6,4,-22.898012,-43.352228,-22.90473,-43.220261,2019-01-25 08:59:58,2019-01-25 09:01:50,13538.018713646532,-112.0
C51516,1a516c64-e0c1-41ab-9975-71487d6bd5a6,5,-22.89818,-43.350146,-22.90473,-43.220261,2019-01-25 08:59:58,2019-01-25 09:02:34,13324.046925476732,-156.0
C51516,1a516c64-e0c1-41ab-9975-71487d6bd5a6,6,-22.896967,-43.348397,-22.90473,-43.220261,2019-01-25 08:59:58,2019-01-25 09:03:10,13153.389489178078,-192.0
C51516,1a516c64-e0c1-41ab-9975-71487d6bd5a6,7,-22.8954,-43.34742,-22.90473,-43.220261,2019-01-25 08:59:58,2019-01-25 09:03:38,13066.286374231428,-220.0
C51516,1a516c64-e0c1-41ab-9975-71487d6bd5a6,8,-22.89369,-43.34688,-22.90473,-43.220261,2019-01-25 08:59:58,2019-01-25 09:04:06,13027.770337017502,-248.0
C51516,1a516c64-e0c1-41ab-9975-71487d6bd5a6,9,-22.890381,-43.34553,-22.90473,-43.220261,2019-01-25 08:59:58,2019-01-25 09:05:07,12930.494517330519,-309.0
C51516,1a516c64-e0c1-41ab-9975-71487d6bd5a6,10,-22.88842,-43.34439,-22.90473,-43.220261,2019-01-25 08:59:58,2019-01-25 09:05:42,12843.684428377532,-344.0
C51516,1a516c64-e0c1-41ab-9975-71487d6bd5a6,11,-22.88717,-43.34339,-22.90473,-43.220261,2019-01-25 08:59:58,2019-01-25 09:06:06,12762.866966269128,-368.0
C51516,1a516c64-e0c1-41ab-9975-71487d6bd5a6,12,-22.88579,-43.34209,-22.90473,-43.220261,2019-01-25 08:59:58,2019-01-25 09:06:35,12655.977832019105,-397.0
C51516,1a516c64-e0c1-41ab-9975-71487d6bd5a6,13,-22.88283,-43.34025,-22.90473,-43.220261,2019-01-25 08:59:58,2019-01-25 09:07:52,12530.083616078486,-474.0
C51516,1a516c64-e0c1-41ab-9975-71487d6bd5a6,14,-22.882534,-43.33687,-22.90473,-43.220261,2019-01-25 08:59:58,2019-01-25 09:08:41,12197.267958832705,-523.0
C51516,1a516c64-e0c1-41ab-9975-71487d6bd5a6,15,-22.882382,-43.333901,-22.90473,-43.220261,2019-01-25 08:59:58,2019-01-25 09:09:24,11903.109512711286,-566.0
C51516,1a516c64-e0c1-41ab-9975-71487d6bd5a6,16,-22.882138,-43.331007,-22.90473,-43.220261,2019-01-25 08:59:58,2019-01-25 09:10:12,11619.202523601438,-614.0
C51516,1a516c64-e0c1-41ab-9975-71487d6bd5a6,17,-22.88256,-43.32373,-22.90473,-43.220261,2019-01-25 08:59:58,2019-01-25 09:11:53,10881.855858349163,-715.0
C51516,1a516c64-e0c1-41ab-9975-71487d6bd5a6,18,-22.88284,-43.3224,-22.90473,-43.220261,2019-01-25 08:59:58,2019-01-25 09:12:13,10742.094319857115,-735.0
C51516,1a516c64-e0c1-41ab-9975-71487d6bd5a6,19,-22.8835,-43.32058,-22.90473,-43.220261,2019-01-25 08:59:58,2019-01-25 09:12:41,10543.897222050187,-763.0
C51516,1a516c64-e0c1-41ab-9975-71487d6bd5a6,20,-22.88445,-43.31751,-22.90473,-43.220261,2019-01-25 08:59:58,2019-01-25 09:13:28,10213.770375034597,-810.0
C51516,1a516c64-e0c1-41ab-9975-71487d6bd5a6,21,-22.884744,-43.316116,-22.90473,-43.220261,2019-01-25 08:59:58,2019-01-25 09:13:49,10067.271373292055,-831.0
C51516,1a516c64-e0c1-41ab-9975-71487d6bd5a6,22,-22.88498,-43.31429,-22.90473,-43.220261,2019-01-25 08:59:58,2019-01-25 09:14:15,9879.050584879762,-857.0
C51516,1a516c64-e0c1-41ab-9975-71487d6bd5a6,23,-22.885103,-43.311568,-22.90473,-43.220261,2019-01-25 08:59:58,2019-01-25 09:14:54,9604.277826797585,-896.0
C51516,1a516c64-e0c1-41ab-9975-71487d6bd5a6,24,-22.88562,-43.30967,-22.90473,-43.220261,2019-01-25 08:59:58,2019-01-25 09:15:24,9401.86950602328,-926.0
C51516,1a516c64-e0c1-41ab-9975-71487d6bd5a6,25,-22.88672,-43.306443,-22.90473,-43.220261,2019-01-25 08:59:58,2019-01-25 09:16:13,9052.295449933586,-975.0
C51516,1a516c64-e0c1-41ab-9975-71487d6bd5a6,26,-22.88646,-43.30281,-22.90473,-43.220261,2019-01-25 08:59:58,2019-01-25 09:17:07,8696.478403649178,-1029.0
C51516,1a516c64-e0c1-41ab-9975-71487d6bd5a6,27,-22.88548,-43.30031,-22.90473,-43.220261,2019-01-25 08:59:58,2019-01-25 09:17:48,8474.584011165905,-1070.0
C51516,1a516c64-e0c1-41ab-9975-71487d6bd5a6,28,-22.884601,-43.297845,-22.90473,-43.220261,2019-01-25 08:59:58,2019-01-25 09:18:27,8256.499721432234,-1109.0
C51516,1a516c64-e0c1-41ab-9975-71487d6bd5a6,29,-22.88341,-43.29648,-22.90473,-43.220261,2019-01-25 08:59:58,2019-01-25 09:18:54,8159.521552675721,-1136.0
C51516,1a516c64-e0c1-41ab-9975-71487d6bd5a6,30,-22.88182,-43.29431,-22.90473,-43.220261,2019-01-25 08:59:58,2019-01-25 09:19:35,8001.650012202217,-1177.0
C51516,1a516c64-e0c1-41ab-9975-71487d6bd5a6,31,-22.8842,-43.29133,-22.90473,-43.220261,2019-01-25 08:59:58,2019-01-25 09:20:39,7629.506504229366,-1241.0
C51516,1a516c64-e0c1-41ab-9975-71487d6bd5a6,32,-22.885668,-43.290084,-22.90473,-43.220261,2019-01-25 08:59:58,2019-01-25 09:21:13,7459.767354061428,-1275.0
C51516,1a516c64-e0c1-41ab-9975-71487d6bd5a6,33,-22.88744,-43.2864,-22.90473,-43.220261,2019-01-25 08:59:58,2019-01-25 09:22:08,7042.397090301812,-1330.0
C51516,1a516c64-e0c1-41ab-9975-71487d6bd5a6,34,-22.887738,-43.283511,-22.90473,-43.220261,2019-01-25 08:59:58,2019-01-25 09:22:44,6748.8304102705115,-1366.0
C51516,1a516c64-e0c1-41ab-9975-71487d6bd5a6,35,-22.887155,-43.280679,-22.90473,-43.220261,2019-01-25 08:59:58,2019-01-25 09:23:30,6490.085250616878,-1412.0
C51516,1a516c64-e0c1-41ab-9975-71487d6bd5a6,36,-22.88591,-43.27898,-22.90473,-43.220261,2019-01-25 08:59:58,2019-01-25 09:24:03,6368.5090146929315,-1445.0
C51516,1a516c64-e0c1-41ab-9975-71487d6bd5a6,37,-22.88441,-43.27719,-22.90473,-43.220261,2019-01-25 08:59:58,2019-01-25 09:24:38,6253.963946010369,-1480.0
C51516,1a516c64-e0c1-41ab-9975-71487d6bd5a6,38,-22.8822,-43.2754,-22.90473,-43.220261,2019-01-25 08:59:58,2019-01-25 09:25:21,6178.8798945336275,-1523.0
C51516,1a516c64-e0c1-41ab-9975-71487d6bd5a6,39,-22.881083,-43.272751,-22.90473,-43.220261,2019-01-25 08:59:58,2019-01-25 09:26:05,5985.386251459141,-1567.0
C51516,1a516c64-e0c1-41ab-9975-71487d6bd5a6,40,-22.878863,-43.265859,-22.90473,-43.220261,2019-01-25 08:59:58,2019-01-25 09:27:51,5485.493625645671,-1673.0
C51516,1a516c64-e0c1-41ab-9975-71487d6bd5a6,41,-22.87833,-43.26397,-22.90473,-43.220261,2019-01-25 08:59:58,2019-01-25 09:28:23,5353.963047640726,-1705.0
C51516,1a516c64-e0c1-41ab-9975-71487d6bd5a6,42,-22.878337,-43.261822,-22.90473,-43.220261,2019-01-25 08:59:58,2019-01-25 09:28:54,5170.915823132949,-1736.0
C51516,1a516c64-e0c1-41ab-9975-71487d6bd5a6,43,-22.880394,-43.259223,-22.90473,-43.220261,2019-01-25 08:59:58,2019-01-25 09:29:49,4822.017973609835,-1791.0
C51516,1a516c64-e0c1-41ab-9975-71487d6bd5a6,44,-22.882581,-43.254845,-22.90473,-43.220261,2019-01-25 08:59:58,2019-01-25 09:31:01,4314.6251841087005,-1863.0
C51516,1a516c64-e0c1-41ab-9975-71487d6bd5a6,45,-22.88517,-43.25266,-22.90473,-43.220261,2019-01-25 08:59:58,2019-01-25 09:31:52,3967.9811610770853,-1914.0
C51516,1a516c64-e0c1-41ab-9975-71487d6bd5a6,46,-22.886927,-43.250822,-22.90473,-43.220261,2019-01-25 08:59:58,2019-01-25 09:32:30,3703.8931489949096,-1952.0
C51516,1a516c64-e0c1-41ab-9975-71487d6bd5a6,47,-22.890046,-43.244457,-22.90473,-43.220261,2019-01-25 08:59:58,2019-01-25 09:34:30,2967.9644354839866,-2072.0
C51516,1a516c64-e0c1-41ab-9975-71487d6bd5a6,48,-22.890765,-43.242335,-22.90473,-43.220261,2019-01-25 08:59:58,2019-01-25 09:35:01,2742.9706860577126,-2103.0
C51516,1a516c64-e0c1-41ab-9975-71487d6bd5a6,49,-22.891768,-43.240794,-22.90473,-43.220261,2019-01-25 08:59:58,2019-01-25 09:35:25,2549.7085213248247,-2127.0
C51516,1a516c64-e0c1-41ab-9975-71487d6bd5a6,50,-22.89495,-43.24279,-22.90473,-43.220261,2019-01-25 08:59:58,2019-01-25 09:36:41,2551.075398819397,-2203.0
C51516,1a516c64-e0c1-41ab-9975-71487d6bd5a6,51,-22.897995,-43.241305,-22.90473,-43.220261,2019-01-25 08:59:58,2019-01-25 09:37:52,2281.9285174289894,-2274.0
C51516,1a516c64-e0c1-41ab-9975-71487d6bd5a6,52,-22.90138,-43.241176,-22.90473,-43.220261,2019-01-25 08:59:58,2019-01-25 09:38:52,2174.443369551662,-2334.0
C51516,1a516c64-e0c1-41ab-9975-71487d6bd5a6,53,-22.90591,-43.23964,-22.90473,-43.220261,2019-01-25 08:59:58,2019-01-25 09:40:05,1989.2672208491,-2407.0
C51516,1a516c64-e0c1-41ab-9975-71487d6bd5a6,54,-22.907884,-43.236917,-22.90473,-43.220261,2019-01-25 08:59:58,2019-01-25 09:40:55,1741.6887483490873,-2457.0
C51516,1a516c64-e0c1-41ab-9975-71487d6bd5a6,55,-22.908756,-43.234655,-22.90473,-43.220261,2019-01-25 08:59:58,2019-01-25 09:41:27,1540.7888480099957,-2489.0
C51516,1a516c64-e0c1-41ab-9975-71487d6bd5a6,56,-22.908374,-43.231002,-22.90473,-43.220261,2019-01-25 08:59:58,2019-01-25 09:42:24,1172.4051894583629,-2546.0
C51516,1a516c64-e0c1-41ab-9975-71487d6bd5a6,57,-22.90931,-43.22631,-22.90473,-43.220261,2019-01-25 08:59:58,2019-01-25 09:43:45,802.0165734019932,-2627.0
C51516,1a516c64-e0c1-41ab-9975-71487d6bd5a6,58,-22.909238,-43.222916,-22.90473,-43.220261,2019-01-25 08:59:58,2019-01-25 09:44:35,570.2806922913845,-2677.0
C51516,1a516c64-e0c1-41ab-9975-71487d6bd5a6,59,-22.906357,-43.220639,-22.90473,-43.220261,2019-01-25 08:59:58,2019-01-25 09:45:32,185.01071417236912,-2734.0
C51516,1a516c64-e0c1-41ab-9975-71487d6bd5a6,60,-22.904907,-43.218901,-22.90473,-43.220261,2019-01-25 08:59:58,2019-01-25 09:46:18,140.68490761814041,-2780.0
C51516,1a516c64-e0c1-41ab-9975-71487d6bd5a6,61,-22.90411,-43.21611,-22.90473,-43.220261,2019-01-25 08:59:58,2019-01-25 09:47:03,430.7307978384995,-2825.0
C51516,1a516c64-e0c1-41ab-9975-71487d6bd5a6,62,-22.90341,-43.21449,-22.90473,-43.220261,2019-01-25 08:59:58,2019-01-25 09:47:29,609.0627512407552,-2851.0
C51516,1a516c64-e0c1-41ab-9975-71487d6bd5a6,63,-22.902025,-43.210979,-22.90473,-43.220261,2019-01-25 08:59:58,2019-01-25 09:48:24,997.1863943690164,-2906.0
C51516,1a516c64-e0c1-41ab-9975-71487d6bd5a6,64,-22.908498,-43.209965,-22.90473,-43.220261,2019-01-25 08:59:58,2019-01-25 09:50:10,1134.7618685947082,-3012.0
C51516,1a516c64-e0c1-41ab-9975-71487d6bd5a6,65,-22.91013,-43.205583,-22.90473,-43.220261,2019-01-25 08:59:58,2019-01-25 09:51:44,1618.876389201024,-3106.0
C51516,1a516c64-e0c1-41ab-9975-71487d6bd5a6,66,-22.908619,-43.201048,-22.90473,-43.220261,2019-01-25 08:59:58,2019-01-25 09:52:53,2014.8653135750035,-3175.0
C51516,1a516c64-e0c1-41ab-9975-71487d6bd5a6,67,-22.90623,-43.193405,-22.90473,-43.220261,2019-01-25 08:59:58,2019-01-25 09:54:50,2755.831690138384,-3292.0
C51516,1a516c64-e0c1-41ab-9975-71487d6bd5a6,68,-22.905052,-43.189782,-22.90473,-43.220261,2019-01-25 08:59:58,2019-01-25 09:55:45,3122.0915468608646,-3347.0
C51516,1a516c64-e0c1-41ab-9975-71487d6bd5a6,69,-22.903332,-43.184461,-22.90473,-43.220261,2019-01-25 08:59:58,2019-01-25 09:57:06,3670.21943890304,-3428.0
C51516,1a516c64-e0c1-41ab-9975-71487d6bd5a6,70,-22.905593,-43.182786,-22.90473,-43.220261,2019-01-25 08:59:58,2019-01-25 09:57:59,3839.6603321470925,-3481.0
C51516,1a516c64-e0c1-41ab-9975-71487d6bd5a6,71,-22.90723,-43.18272,-22.90473,-43.220261,2019-01-25 08:59:58,2019-01-25 09:58:35,3855.2334008358316,-3517.0
C51516,1a516c64-e0c1-41ab-9975-71487d6bd5a6,72,-22.90879,-43.18819,-22.90473,-43.220261,2019-01-25 08:59:58,2019-01-25 09:59:58,3315.7822913431914,-3600.0
C51556,1a516c64-e0c1-41ab-9975-71487d6bd5a6,0,-22.901318,-43.347259,-22.887461,-43.28273,2019-01-25 08:55:43,2019-01-25 08:55:43,6787.263520039661,0.0
C51556,1a516c64-e0c1-41ab-9975-71487d6bd5a6,1,-22.90189,-43.34779,-22.887461,-43.28273,2019-01-25 08:55:43,2019-01-25 08:55:54,6854.841396819285,-11.0
C51556,1a516c64-e0c1-41ab-9975-71487d6bd5a6,2,-22.900466,-43.349828,-22.887461,-43.28273,2019-01-25 08:55:43,2019-01-25 08:56:34,7023.708110664022,-51.0
C51556,1a516c64-e0c1-41ab-9975-71487d6bd5a6,3,-22.89911,-43.35167,-22.887461,-43.28273,2019-01-25 08:55:43,2019-01-25 08:57:08,7179.763229690064,-85.0
C51556,1a516c64-e0c1-41ab-9975-71487d6bd5a6,4,-22.898012,-43.352228,-22.887461,-43.28273,2019-01-25 08:55:43,2019-01-25 08:57:35,7215.164856593864,-112.0
C51556,1a516c64-e0c1-41ab-9975-71487d6bd5a6,5,-22.89818,-43.350146,-22.887461,-43.28273,2019-01-25 08:55:43,2019-01-25 08:58:19,7007.964800097216,-156.0
C51556,1a516c64-e0c1-41ab-9975-71487d6bd5a6,6,-22.896967,-43.348397,-22.887461,-43.28273,2019-01-25 08:55:43,2019-01-25 08:58:55,6809.273896524038,-192.0
C51556,1a516c64-e0c1-41ab-9975-71487d6bd5a6,7,-22.8954,-43.34742,-22.887461,-43.28273,2019-01-25 08:55:43,2019-01-25 08:59:23,6685.230284470788,-220.0
C51556,1a516c64-e0c1-41ab-9975-71487d6bd5a6,8,-22.89369,-43.34688,-22.887461,-43.28273,2019-01-25 08:55:43,2019-01-25 08:59:51,6607.81555709483,-248.0
C51556,1a516c64-e0c1-41ab-9975-71487d6bd5a6,9,-22.890381,-43.34553,-22.887461,-43.28273,2019-01-25 08:55:43,2019-01-25 09:00:52,6441.389532412336,-309.0
C51556,1a516c64-e0c1-41ab-9975-71487d6bd5a6,10,-22.88842,-43.34439,-22.887461,-43.28273,2019-01-25 08:55:43,2019-01-25 09:01:27,6317.36573254774,-344.0
C51556,1a516c64-e0c1-41ab-9975-71487d6bd5a6,11,-22.88717,-43.34339,-22.887461,-43.28273,2019-01-25 08:55:43,2019-01-25 09:01:51,6214.138287009641,-368.0
C51556,1a516c64-e0c1-41ab-9975-71487d6bd5a6,12,-22.88579,-43.34209,-22.887461,-43.28273,2019-01-25 08:55:43,2019-01-25 09:02:20,6083.750089783339,-397.0
C51556,1a516c64-e0c1-41ab-9975-71487d6bd5a6,13,-22.88283,-43.34025,-22.887461,-43.28273,2019-01-25 08:55:43,2019-01-25 09:03:37,5914.9420380826605,-474.0
C51556,1a516c64-e0c1-41ab-9975-71487d6bd5a6,14,-22.882534,-43.33687,-22.887461,-43.28273,2019-01-25 08:55:43,2019-01-25 09:04:26,5573.228279032221,-523.0
C51556,1a516c64-e0c1-41ab-9975-71487d6bd5a6,15,-22.882382,-43.333901,-22.887461,-43.28273,2019-01-25 08:55:43,2019-01-25 09:05:09,5272.421062864978,-566.0
C51556,1a516c64-e0c1-41ab-9975-71487d6bd5a6,16,-22.882138,-43.331007,-22.887461,-43.28273,2019-01-25 08:55:43,2019-01-25 09:05:57,4980.915014907035,-614.0
C51556,1a516c64-e0c1-41ab-9975-71487d6bd5a6,17,-22.88256,-43.32373,-22.887461,-43.28273,2019-01-25 08:55:43,2019-01-25 09:07:38,4235.347845400637,-715.0
C51556,1a516c64-e0c1-41ab-9975-71487d6bd5a6,18,-22.88284,-43.3224,-22.887461,-43.28273,2019-01-25 08:55:43,2019-01-25 09:07:58,4096.243424084838,-735.0
C51556,1a516c64-e0c1-41ab-9975-71487d6bd5a6,19,-22.8835,-43.32058,-22.887461,-43.28273,2019-01-25 08:55:43,2019-01-25 09:08:26,3902.3687647084403,-763.0
C51556,1a516c64-e0c1-41ab-9975-71487d6bd5a6,20,-22.88445,-43.31751,-22.887461,-43.28273,2019-01-25 08:55:43,2019-01-25 09:09:13,3578.620312810243,-810.0
C51556,1a516c64-e0c1-41ab-9975-71487d6bd5a6,21,-22.884744,-43.316116,-22.887461,-43.28273,2019-01-25 08:55:43,2019-01-25 09:09:34,3433.434275295278,-831.0
C51556,1a516c64-e0c1-41ab-9975-71487d6bd5a6,22,-22.88498,-43.31429,-22.887461,-43.28273,2019-01-25 08:55:43,2019-01-25 09:10:00,3244.803963568498,-857.0
C51556,1a516c64-e0c1-41ab-9975-71487d6bd5a6,23,-22.885103,-43.311568,-22.887461,-43.28273,2019-01-25 08:55:43,2019-01-25 09:10:39,2965.820692395247,-896.0
C51556,1a516c64-e0c1-41ab-9975-71487d6bd5a6,24,-22.88562,-43.30967,-22.887461,-43.28273,2019-01-25 08:55:43,2019-01-25 09:11:09,2767.350666563552,-926.0
C51556,1a516c64-e0c1-41ab-9975-71487d6bd5a6,25,-22.88672,-43.306443,-22.887461,-43.28273,2019-01-25 08:55:43,2019-01-25 09:11:58,2430.577806424578,-975.0
C51556,1a516c64-e0c1-41ab-9975-71487d6bd5a6,26,-22.88646,-43.30281,-22.887461,-43.28273,2019-01-25 08:55:43,2019-01-25 09:12:52,2060.0242537334734,-1029.0
C51556,1a516c64-e0c1-41ab-9975-71487d6bd5a6,27,-22.88548,-43.30031,-22.887461,-43.28273,2019-01-25 08:55:43,2019-01-25 09:13:33,1814.3405205995878,-1070.0
C51556,1a516c64-e0c1-41ab-9975-71487d6bd5a6,28,-22.884601,-43.297845,-22.887461,-43.28273,2019-01-25 08:55:43,2019-01-25 09:14:12,1580.7266345223936,-1109.0
C51556,1a516c64-e0c1-41ab-9975-71487d6bd5a6,29,-22.88341,-43.29648,-22.887461,-43.28273,2019-01-25 08:55:43,2019-01-25 09:14:39,1478.8514953219862,-1136.0
C51556,1a516c64-e0c1-41ab-9975-71487d6bd5a6,30,-22.88182,-43.29431,-22.887461,-43.28273,2019-01-25 08:55:43,2019-01-25 09:15:20,1341.909066518782,-1177.0
C51556,1a516c64-e0c1-41ab-9975-71487d6bd5a6,31,-22.8842,-43.29133,-22.887461,-43.28273,2019-01-25 08:55:43,2019-01-25 09:16:24,952.7036743290848,-1241.0
C51556,1a516c64-e0c1-41ab-9975-71487d6bd5a6,32,-22.885668,-43.290084,-22.887461,-43.28273,2019-01-25 08:55:43,2019-01-25 09:16:58,779.288442071168,-1275.0
C51556,1a516c64-e0c1-41ab-9975-71487d6bd5a6,33,-22.88744,-43.2864,-22.887461,-43.28273,2019-01-25 08:55:43,2019-01-25 09:17:53,375.96432067229455,-1330.0
C51556,1a516c64-e0c1-41ab-9975-71487d6bd5a6,34,-22.887738,-43.283511,-22.887461,-43.28273,2019-01-25 08:55:43,2019-01-25 09:18:29,85.73019838344328,-1366.0
C51556,1a516c64-e0c1-41ab-9975-71487d6bd5a6,35,-22.887155,-43.280679,-22.887461,-43.28273,2019-01-25 08:55:43,2019-01-25 09:19:15,212.8432426743192,-1412.0
C51556,1a516c64-e0c1-41ab-9975-71487d6bd5a6,36,-22.88591,-43.27898,-22.887461,-43.28273,2019-01-25 08:55:43,2019-01-25 09:19:48,421.09175721820606,-1445.0
C51556,1a516c64-e0c1-41ab-9975-71487d6bd5a6,37,-22.88441,-43.27719,-22.887461,-43.28273,2019-01-25 08:55:43,2019-01-25 09:20:23,661.1972085385481,-1480.0
C51556,1a516c64-e0c1-41ab-9975-71487d6bd5a6,38,-22.8822,-43.2754,-22.887461,-43.28273,2019-01-25 08:55:43,2019-01-25 09:21:06,951.8813331098225,-1523.0
C51556,1a516c64-e0c1-41ab-9975-71487d6bd5a6,39,-22.881083,-43.272751,-22.887461,-43.28273,2019-01-25 08:55:43,2019-01-25 09:21:50,1244.1947135229618,-1567.0
C51556,1a516c64-e0c1-41ab-9975-71487d6bd5a6,40,-22.878863,-43.265859,-22.887461,-43.28273,2019-01-25 08:55:43,2019-01-25 09:23:36,1975.1366387872313,-1673.0
C51556,1a516c64-e0c1-41ab-9975-71487d6bd5a6,41,-22.87833,-43.26397,-22.887461,-43.28273,2019-01-25 08:55:43,2019-01-25 09:24:08,2173.565221244363,-1705.0
C51556,1a516c64-e0c1-41ab-9975-71487d6bd5a6,42,-22.878337,-43.261822,-22.887461,-43.28273,2019-01-25 08:55:43,2019-01-25 09:24:39,2370.0281096014714,-1736.0
C51556,1a516c64-e0c1-41ab-9975-71487d6bd5a6,43,-22.880394,-43.259223,-22.887461,-43.28273,2019-01-25 08:55:43,2019-01-25 09:25:34,2533.103709568009,-1791.0
C51556,1a516c64-e0c1-41ab-9975-71487d6bd5a6,44,-22.882581,-43.254845,-22.887461,-43.28273,2019-01-25 08:55:43,2019-01-25 09:26:46,2907.6892194597863,-1863.0
C51556,1a516c64-e0c1-41ab-9975-71487d6bd5a6,45,-22.88517,-43.25266,-22.887461,-43.28273,2019-01-25 08:55:43,2019-01-25 09:27:37,3090.9308948915177,-1914.0
C51556,1a516c64-e0c1-41ab-9975-71487d6bd5a6,46,-22.886927,-43.250822,-22.887461,-43.28273,2019-01-25 08:55:43,2019-01-25 09:28:15,3269.220698422513,-1952.0
C51556,1a516c64-e0c1-41ab-9975-71487d6bd5a6,47,-22.890046,-43.244457,-22.887461,-43.28273,2019-01-25 08:55:43,2019-01-25 09:30:15,3931.1946096315332,-2072.0
C51556,1a516c64-e0c1-41ab-9975-71487d6bd5a6,48,-22.890765,-43.242335,-22.887461,-43.28273,2019-01-25 08:55:43,2019-01-25 09:30:46,4154.314990634339,-2103.0
C51556,1a516c64-e0c1-41ab-9975-71487d6bd5a6,49,-22.891768,-43.240794,-22.887461,-43.28273,2019-01-25 08:55:43,2019-01-25 09:31:10,4322.494278963202,-2127.0
C51556,1a516c64-e0c1-41ab-9975-71487d6bd5a6,50,-22.89495,-43.24279,-22.887461,-43.28273,2019-01-25 08:55:43,2019-01-25 09:32:26,4175.2511354450035,-2203.0
C51556,1a516c64-e0c1-41ab-9975-71487d6bd5a6,51,-22.897995,-43.241305,-22.887461,-43.28273,2019-01-25 08:55:43,2019-01-25 09:33:37,4402.132448121028,-2274.0
C51556,1a516c64-e0c1-41ab-9975-71487d6bd5a6,52,-22.90138,-43.241176,-22.887461,-43.28273,2019-01-25 08:55:43,2019-01-25 09:34:37,4529.246861075638,-2334.0
C51556,1a516c64-e0c1-41ab-9975-71487d6bd5a6,53,-22.90591,-43.23964,-22.887461,-43.28273,2019-01-25 08:55:43,2019-01-25 09:35:50,4867.298791164382,-2407.0
C51556,1a516c64-e0c1-41ab-9975-71487d6bd5a6,54,-22.907884,-43.236917,-22.887461,-43.28273,2019-01-25 08:55:43,2019-01-25 09:36:40,5213.360048857454,-2457.0
C51556,1a516c64-e0c1-41ab-9975-71487d6bd5a6,55,-22.908756,-43.234655,-22.887461,-43.28273,2019-01-25 08:55:43,2019-01-25 09:37:12,5464.164898823044,-2489.0
C51556,1a516c64-e0c1-41ab-9975-71487d6bd5a6,56,-22.908374,-43.231002,-22.887461,-43.28273,2019-01-25 08:55:43,2019-01-25 09:38:09,5786.463176808775,-2546.0
C51556,1a516c64-e0c1-41ab-9975-71487d6bd5a6,57,-22.90931,-43.22631,-22.887461,-43.28273,2019-01-25 08:55:43,2019-01-25 09:39:30,6269.131027796633,-2627.0
C51556,1a516c64-e0c1-41ab-9975-71487d6bd5a6,58,-22.909238,-43.222916,-22.887461,-43.28273,2019-01-25 08:55:43,2019-01-25 09:40:20,6588.050918665451,-2677.0
C51556,1a516c64-e0c1-41ab-9975-71487d6bd5a6,59,-22.906357,-43.220639,-22.887461,-43.28273,2019-01-25 08:55:43,2019-01-25 09:41:17,6698.275303152122,-2734.0
C51556,1a516c64-e0c1-41ab-9975-71487d6bd5a6,60,-22.904907,-43.218901,-22.887461,-43.28273,2019-01-25 08:55:43,2019-01-25 09:42:03,6819.977917869736,-2780.0
C51556,1a516c64-e0c1-41ab-9975-71487d6bd5a6,61,-22.90411,-43.21611,-22.887461,-43.28273,2019-01-25 08:55:43,2019-01-25 09:42:48,7070.828387511368,-2825.0
C51556,1a516c64-e0c1-41ab-9975-71487d6bd5a6,62,-22.90341,-43.21449,-22.887461,-43.28273,2019-01-25 08:55:43,2019-01-25 09:43:14,7211.596460717043,-2851.0
C51556,1a516c64-e0c1-41ab-9975-71487d6bd5a6,63,-22.902025,-43.210979,-22.887461,-43.28273,2019-01-25 08:55:43,2019-01-25 09:44:09,7526.119476222824,-2906.0
C51556,1a516c64-e0c1-41ab-9975-71487d6bd5a6,64,-22.908498,-43.209965,-22.887461,-43.28273,2019-01-25 08:55:43,2019-01-25 09:45:55,7811.961934941875,-3012.0
C51556,1a516c64-e0c1-41ab-9975-71487d6bd5a6,65,-22.91013,-43.205583,-22.887461,-43.28273,2019-01-25 08:55:43,2019-01-25 09:47:29,8294.610530807433,-3106.0
C51556,1a516c64-e0c1-41ab-9975-71487d6bd5a6,66,-22.908619,-43.201048,-22.887461,-43.28273,2019-01-25 08:55:43,2019-01-25 09:48:38,8691.378402570508,-3175.0
C51556,1a516c64-e0c1-41ab-9975-71487d6bd5a6,67,-22.90623,-43.193405,-22.887461,-43.28273,2019-01-25 08:55:43,2019-01-25 09:50:35,9384.873217182163,-3292.0
C51556,1a516c64-e0c1-41ab-9975-71487d6bd5a6,68,-22.905052,-43.189782,-22.887461,-43.28273,2019-01-25 08:55:43,2019-01-25 09:51:30,9719.882323301234,-3347.0
C51556,1a516c64-e0c1-41ab-9975-71487d6bd5a6,69,-22.903332,-43.184461,-22.887461,-43.28273,2019-01-25 08:55:43,2019-01-25 09:52:51,10219.67481721562,-3428.0
C51556,1a516c64-e0c1-41ab-9975-71487d6bd5a6,70,-22.905593,-43.182786,-22.887461,-43.28273,2019-01-25 08:55:43,2019-01-25 09:53:44,10434.283956121486,-3481.0
C51556,1a516c64-e0c1-41ab-9975-71487d6bd5a6,71,-22.90723,-43.18272,-22.887461,-43.28273,2019-01-25 08:55:43,2019-01-25 09:54:20,10477.529148400634,-3517.0
C51556,1a516c64-e0c1-41ab-9975-71487d6bd5a6,72,-22.90879,-43.18819,-22.887461,-43.28273,2019-01-25 08:55:43,2019-01-25 09:55:43,9970.165500534073,-3600.0
C51622,1a516c64-e0c1-41ab-9975-71487d6bd5a6,0,-22.901318,-43.347259,-22.901831,-43.34761,2019-01-25 08:57:53,2019-01-25 08:57:53,67.42785460598284,0.0
C51622,1a516c64-e0c1-41ab-9975-71487d6bd5a6,1,-22.90189,-43.34779,-22.901831,-43.34761,2019-01-25 08:57:53,2019-01-25 08:58:04,19.569776502171045,-11.0
C51622,1a516c64-e0c1-41ab-9975-71487d6bd5a6,2,-22.900466,-43.349828,-22.901831,-43.34761,2019-01-25 08:57:53,2019-01-25 08:58:44,273.2269222779495,-51.0
C51622,1a516c64-e0c1-41ab-9975-71487d6bd5a6,3,-22.89911,-43.35167,-22.901831,-43.34761,2019-01-25 08:57:53,2019-01-25 08:59:18,514.2863243768264,-85.0
C51622,1a516c64-e0c1-41ab-9975-71487d6bd5a6,4,-22.898012,-43.352228,-22.901831,-43.34761,2019-01-25 08:57:53,2019-01-25 08:59:45,635.6770821835606,-112.0
C51622,1a516c64-e0c1-41ab-9975-71487d6bd5a6,5,-22.89818,-43.350146,-22.901831,-43.34761,2019-01-25 08:57:53,2019-01-25 09:00:29,481.966660505721,-156.0
C51622,1a516c64-e0c1-41ab-9975-71487d6bd5a6,6,-22.896967,-43.348397,-22.901831,-43.34761,2019-01-25 08:57:53,2019-01-25 09:01:05,546.8268304516989,-192.0
C51622,1a516c64-e0c1-41ab-9975-71487d6bd5a6,7,-22.8954,-43.34742,-22.901831,-43.34761,2019-01-25 08:57:53,2019-01-25 09:01:33,715.3593660878693,-220.0
C51622,1a516c64-e0c1-41ab-9975-71487d6bd5a6,8,-22.89369,-43.34688,-22.901831,-43.34761,2019-01-25 08:57:53,2019-01-25 09:02:01,908.3210320244085,-248.0
C51622,1a516c64-e0c1-41ab-9975-71487d6bd5a6,9,-22.890381,-43.34553,-22.901831,-43.34761,2019-01-25 08:57:53,2019-01-25 09:03:02,1290.8865066521212,-309.0
C51622,1a516c64-e0c1-41ab-9975-71487d6bd5a6,10,-22.88842,-43.34439,-22.901831,-43.34761,2019-01-25 08:57:53,2019-01-25 09:03:37,1527.2775843277047,-344.0
C51622,1a516c64-e0c1-41ab-9975-71487d6bd5a6,11,-22.88717,-43.34339,-22.901831,-43.34761,2019-01-25 08:57:53,2019-01-25 09:04:01,1686.5673316153686,-368.0
C51622,1a516c64-e0c1-41ab-9975-71487d6bd5a6,12,-22.88579,-43.34209,-22.901831,-43.34761,2019-01-25 08:57:53,2019-01-25 09:04:30,1871.1588409865994,-397.0
C51622,1a516c64-e0c1-41ab-9975-71487d6bd5a6,13,-22.88283,-43.34025,-22.901831,-43.34761,2019-01-25 08:57:53,2019-01-25 09:05:47,2243.3023924533686,-474.0
C51622,1a516c64-e0c1-41ab-9975-71487d6bd5a6,14,-22.882534,-43.33687,-22.901831,-43.34761,2019-01-25 08:57:53,2019-01-25 09:06:36,2411.334347328128,-523.0
C51622,1a516c64-e0c1-41ab-9975-71487d6bd5a6,15,-22.882382,-43.333901,-22.901831,-43.34761,2019-01-25 08:57:53,2019-01-25 09:07:19,2578.576415425955,-566.0
C51622,1a516c64-e0c1-41ab-9975-71487d6bd5a6,16,-22.882138,-43.331007,-22.901831,-43.34761,2019-01-25 08:57:53,2019-01-25 09:08:07,2772.662436314887,-614.0
C51622,1a516c64-e0c1-41ab-9975-71487d6bd5a6,17,-22.88256,-43.32373,-22.901831,-43.34761,2019-01-25 08:57:53,2019-01-25 09:09:48,3252.019239413751,-715.0
C51622,1a516c64-e0c1-41ab-9975-71487d6bd5a6,18,-22.88284,-43.3224,-22.901831,-43.34761,2019-01-25 08:57:53,2019-01-25 09:10:08,3335.904596929084,-735.0
C51622,1a516c64-e0c1-41ab-9975-71487d6bd5a6,19,-22.8835,-43.32058,-22.901831,-43.34761,2019-01-25 08:57:53,2019-01-25 09:10:36,3438.2160727299597,-763.0
C51622,1a516c64-e0c1-41ab-9975-71487d6bd5a6,20,-22.88445,-43.31751,-22.901831,-43.34761,2019-01-25 08:57:53,2019-01-25 09:11:23,3638.982334294635,-810.0
C51622,1a516c64-e0c1-41ab-9975-71487d6bd5a6,21,-22.884744,-43.316116,-22.901831,-43.34761,2019-01-25 08:57:53,2019-01-25 09:11:44,3744.0409337556725,-831.0
C51622,1a516c64-e0c1-41ab-9975-71487d6bd5a6,22,-22.88498,-43.31429,-22.901831,-43.34761,2019-01-25 08:57:53,2019-01-25 09:12:10,3893.6696429510603,-857.0
C51622,1a516c64-e0c1-41ab-9975-71487d6bd5a6,23,-22.885103,-43.311568,-22.901831,-43.34761,2019-01-25 08:57:53,2019-01-25 09:12:49,4134.093295410472,-896.0
C51622,1a516c64-e0c1-41ab-9975-71487d6bd5a6,24,-22.88562,-43.30967,-22.901831,-43.34761,2019-01-25 08:57:53,2019-01-25 09:13:19,4284.102892680778,-926.0
C51622,1a516c64-e0c1-41ab-9975-71487d6bd5a6,25,-22.88672,-43.306443,-22.901831,-43.34761,2019-01-25 08:57:53,2019-01-25 09:14:08,4539.389169343017,-975.0
C51622,1a516c64-e0c1-41ab-9975-71487d6bd5a6,26,-22.88646,-43.30281,-22.901831,-43.34761,2019-01-25 08:57:53,2019-01-25 09:15:02,4897.065150842148,-1029.0
C51622,1a516c64-e0c1-41ab-9975-71487d6bd5a6,27,-22.88548,-43.30031,-22.901831,-43.34761,2019-01-25 08:57:53,2019-01-25 09:15:43,5175.115111920396,-1070.0
C51622,1a516c64-e0c1-41ab-9975-71487d6bd5a6,28,-22.884601,-43.297845,-22.901831,-43.34761,2019-01-25 08:57:53,2019-01-25 09:16:22,5445.878218482761,-1109.0
C51622,1a516c64-e0c1-41ab-9975-71487d6bd5a6,29,-22.88341,-43.29648,-22.901831,-43.34761,2019-01-25 08:57:53,2019-01-25 09:16:49,5623.874347170461,-1136.0
C51622,1a516c64-e0c1-41ab-9975-71487d6bd5a6,30,-22.88182,-43.29431,-22.901831,-43.34761,2019-01-25 08:57:53,2019-01-25 09:17:30,5895.911398440109,-1177.0
C51622,1a516c64-e0c1-41ab-9975-71487d6bd5a6,31,-22.8842,-43.29133,-22.901831,-43.34761,2019-01-25 08:57:53,2019-01-25 09:18:34,6089.343062471963,-1241.0
C51622,1a516c64-e0c1-41ab-9975-71487d6bd5a6,32,-22.885668,-43.290084,-22.901831,-43.34761,2019-01-25 08:57:53,2019-01-25 09:19:08,6160.705901911837,-1275.0
C51622,1a516c64-e0c1-41ab-9975-71487d6bd5a6,33,-22.88744,-43.2864,-22.901831,-43.34761,2019-01-25 08:57:53,2019-01-25 09:20:03,6471.034642553827,-1330.0
C51622,1a516c64-e0c1-41ab-9975-71487d6bd5a6,34,-22.887738,-43.283511,-22.901831,-43.34761,2019-01-25 08:57:53,2019-01-25 09:20:39,6750.39879560955,-1366.0
C51622,1a516c64-e0c1-41ab-9975-71487d6bd5a6,35,-22.887155,-43.280679,-22.901831,-43.34761,2019-01-25 08:57:53,2019-01-25 09:21:25,7047.634672425083,-1412.0
C51622,1a516c64-e0c1-41ab-9975-71487d6bd5a6,36,-22.88591,-43.27898,-22.901831,-43.34761,2019-01-25 08:57:53,2019-01-25 09:21:58,7249.643508057562,-1445.0
C51622,1a516c64-e0c1-41ab-9975-71487d6bd5a6,37,-22.88441,-43.27719,-22.901831,-43.34761,2019-01-25 08:57:53,2019-01-25 09:22:33,7469.136935184138,-1480.0
C51622,1a516c64-e0c1-41ab-9975-71487d6bd5a6,38,-22.8822,-43.2754,-22.901831,-43.34761,2019-01-25 08:57:53,2019-01-25 09:23:16,7712.350076763013,-1523.0
C51622,1a516c64-e0c1-41ab-9975-71487d6bd5a6,39,-22.881083,-43.272751,-22.901831,-43.34761,2019-01-25 08:57:53,2019-01-25 09:24:00,8007.906632793074,-1567.0
C51622,1a516c64-e0c1-41ab-9975-71487d6bd5a6,40,-22.878863,-43.265859,-22.901831,-43.34761,2019-01-25 08:57:53,2019-01-25 09:25:46,8755.218242462719,-1673.0
C51622,1a516c64-e0c1-41ab-9975-71487d6bd5a6,41,-22.87833,-43.26397,-22.901831,-43.34761,2019-01-25 08:57:53,2019-01-25 09:26:18,8957.61306721109,-1705.0
C51622,1a516c64-e0c1-41ab-9975-71487d6bd5a6,42,-22.878337,-43.261822,-22.901831,-43.34761,2019-01-25 08:57:53,2019-01-25 09:26:49,9168.08250820594,-1736.0
C51622,1a516c64-e0c1-41ab-9975-71487d6bd5a6,43,-22.880394,-43.259223,-22.901831,-43.34761,2019-01-25 08:57:53,2019-01-25 09:27:44,9362.693579795161,-1791.0
C51622,1a516c64-e0c1-41ab-9975-71487d6bd5a6,44,-22.882581,-43.254845,-22.901831,-43.34761,2019-01-25 08:57:53,2019-01-25 09:28:56,9740.66736130098,-1863.0
C51622,1a516c64-e0c1-41ab-9975-71487d6bd5a6,45,-22.88517,-43.25266,-22.901831,-43.34761,2019-01-25 08:57:53,2019-01-25 09:29:47,9901.169776560888,-1914.0
C51622,1a516c64-e0c1-41ab-9975-71487d6bd5a6,46,-22.886927,-43.250822,-22.901831,-43.34761,2019-01-25 08:57:53,2019-01-25 09:30:25,10052.069665138386,-1952.0
C51622,1a516c64-e0c1-41ab-9975-71487d6bd5a6,47,-22.890046,-43.244457,-22.901831,-43.34761,2019-01-25 08:57:53,2019-01-25 09:32:25,10647.344940856672,-2072.0
C51622,1a516c64-e0c1-41ab-9975-71487d6bd5a6,48,-22.890765,-43.242335,-22.901831,-43.34761,2019-01-25 08:57:53,2019-01-25 09:32:56,10853.708078413685,-2103.0
C51622,1a516c64-e0c1-41ab-9975-71487d6bd5a6,49,-22.891768,-43.240794,-22.901831,-43.34761,2019-01-25 08:57:53,2019-01-25 09:33:20,10998.609951392797,-2127.0
C51622,1a516c64-e0c1-41ab-9975-71487d6bd5a6,50,-22.89495,-43.24279,-22.901831,-43.34761,2019-01-25 08:57:53,2019-01-25 09:34:36,10764.18736562789,-2203.0
C51622,1a516c64-e0c1-41ab-9975-71487d6bd5a6,51,-22.897995,-43.241305,-22.901831,-43.34761,2019-01-25 08:57:53,2019-01-25 09:35:47,10897.300583595055,-2274.0
C51622,1a516c64-e0c1-41ab-9975-71487d6bd5a6,52,-22.90138,-43.241176,-22.901831,-43.34761,2019-01-25 08:57:53,2019-01-25 09:36:47,10902.142391990825,-2334.0
C51622,1a516c64-e0c1-41ab-9975-71487d6bd5a6,53,-22.90591,-43.23964,-22.901831,-43.34761,2019-01-25 08:57:53,2019-01-25 09:38:00,11068.471694662978,-2407.0
C51622,1a516c64-e0c1-41ab-9975-71487d6bd5a6,54,-22.907884,-43.236917,-22.901831,-43.34761,2019-01-25 08:57:53,2019-01-25 09:38:50,11357.964302405862,-2457.0
C51622,1a516c64-e0c1-41ab-9975-71487d6bd5a6,55,-22.908756,-43.234655,-22.901831,-43.34761,2019-01-25 08:57:53,2019-01-25 09:39:22,11595.254335749856,-2489.0
C51622,1a516c64-e0c1-41ab-9975-71487d6bd5a6,56,-22.908374,-43.231002,-22.901831,-43.34761,2019-01-25 08:57:53,2019-01-25 09:40:19,11965.979560042018,-2546.0
C51622,1a516c64-e0c1-41ab-9975-71487d6bd5a6,57,-22.90931,-43.22631,-22.901831,-43.34761,2019-01-25 08:57:53,2019-01-25 09:41:40,12452.188402599786,-2627.0
C51622,1a516c64-e0c1-41ab-9975-71487d6bd5a6,58,-22.909238,-43.222916,-22.901831,-43.34761,2019-01-25 08:57:53,2019-01-25 09:42:30,12798.555980562433,-2677.0
C51622,1a516c64-e0c1-41ab-9975-71487d6bd5a6,59,-22.906357,-43.220639,-22.901831,-43.34761,2019-01-25 08:57:53,2019-01-25 09:43:27,13015.125551020483,-2734.0
C51622,1a516c64-e0c1-41ab-9975-71487d6bd5a6,60,-22.904907,-43.218901,-22.901831,-43.34761,2019-01-25 08:57:53,2019-01-25 09:44:13,13187.918337384006,-2780.0
C51622,1a516c64-e0c1-41ab-9975-71487d6bd5a6,61,-22.90411,-43.21611,-22.901831,-43.34761,2019-01-25 08:57:53,2019-01-25 09:44:58,13471.783573984072,-2825.0
C51622,1a516c64-e0c1-41ab-9975-71487d6bd5a6,62,-22.90341,-43.21449,-22.901831,-43.34761,2019-01-25 08:57:53,2019-01-25 09:45:24,13636.500285258424,-2851.0
C51622,1a516c64-e0c1-41ab-9975-71487d6bd5a6,63,-22.902025,-43.210979,-22.901831,-43.34761,2019-01-25 08:57:53,2019-01-25 09:46:19,13995.086763172008,-2906.0
C51622,1a516c64-e0c1-41ab-9975-71487d6bd5a6,64,-22.908498,-43.209965,-22.901831,-43.34761,2019-01-25 08:57:53,2019-01-25 09:48:05,14118.07447943023,-3012.0
C51622,1a516c64-e0c1-41ab-9975-71487d6bd5a6,65,-22.91013,-43.205583,-22.901831,-43.34761,2019-01-25 08:57:53,2019-01-25 09:49:39,14576.585527999096,-3106.0
C51622,1a516c64-e0c1-41ab-9975-71487d6bd5a6,66,-22.908619,-43.201048,-22.901831,-43.34761,2019-01-25 08:57:53,2019-01-25 09:50:48,15030.897514680048,-3175.0
C51622,1a516c64-e0c1-41ab-9975-71487d6bd5a6,67,-22.90623,-43.193405,-22.901831,-43.34761,2019-01-25 08:57:53,2019-01-25 09:52:45,15802.496642138807,-3292.0
C51622,1a516c64-e0c1-41ab-9975-71487d6bd5a6,68,-22.905052,-43.189782,-22.901831,-43.34761,2019-01-25 08:57:53,2019-01-25 09:53:40,16170.058546044598,-3347.0
C51622,1a516c64-e0c1-41ab-9975-71487d6bd5a6,69,-22.903332,-43.184461,-22.901831,-43.34761,2019-01-25 08:57:53,2019-01-25 09:55:01,16712.053171113163,-3428.0
C51622,1a516c64-e0c1-41ab-9975-71487d6bd5a6,70,-22.905593,-43.182786,-22.901831,-43.34761,2019-01-25 08:57:53,2019-01-25 09:55:54,16887.82952836095,-3481.0
C51622,1a516c64-e0c1-41ab-9975-71487d6bd5a6,71,-22.90723,-43.18272,-22.901831,-43.34761,2019-01-25 08:57:53,2019-01-25 09:56:30,16899.972573004754,-3517.0
C51622,1a516c64-e0c1-41ab-9975-71487d6bd5a6,72,-22.90879,-43.18819,-22.901831,-43.34761,2019-01-25 08:57:53,2019-01-25 09:57:53,16347.257196972372,-3600.0
C51636,1a516c64-e0c1-41ab-9975-71487d6bd5a6,0,-22.901318,-43.347259,-22.886681,-43.28783,2019-01-25 08:57:55,2019-01-25 08:57:55,6301.462533704845,0.0
C51636,1a516c64-e0c1-41ab-9975-71487d6bd5a6,1,-22.90189,-43.34779,-22.886681,-43.28783,2019-01-25 08:57:55,2019-01-25 08:58:06,6370.601799440963,-11.0
C51636,1a516c64-e0c1-41ab-9975-71487d6bd5a6,2,-22.900466,-43.349828,-22.886681,-43.28783,2019-01-25 08:57:55,2019-01-25 08:58:46,6533.187945874835,-51.0
C51636,1a516c64-e0c1-41ab-9975-71487d6bd5a6,3,-22.89911,-43.35167,-22.886681,-43.28783,2019-01-25 08:57:55,2019-01-25 08:59:20,6683.989010973972,-85.0
C51636,1a516c64-e0c1-41ab-9975-71487d6bd5a6,4,-22.898012,-43.352228,-22.886681,-43.28783,2019-01-25 08:57:55,2019-01-25 08:59:47,6715.977795319456,-112.0
C51636,1a516c64-e0c1-41ab-9975-71487d6bd5a6,5,-22.89818,-43.350146,-22.886681,-43.28783,2019-01-25 08:57:55,2019-01-25 09:00:31,6510.253198228807,-156.0
C51636,1a516c64-e0c1-41ab-9975-71487d6bd5a6,6,-22.896967,-43.348397,-22.886681,-43.28783,2019-01-25 08:57:55,2019-01-25 09:01:07,6308.863956331181,-192.0
C51636,1a516c64-e0c1-41ab-9975-71487d6bd5a6,7,-22.8954,-43.34742,-22.886681,-43.28783,2019-01-25 08:57:55,2019-01-25 09:01:35,6180.786279277564,-220.0
C51636,1a516c64-e0c1-41ab-9975-71487d6bd5a6,8,-22.89369,-43.34688,-22.886681,-43.28783,2019-01-25 08:57:55,2019-01-25 09:02:03,6098.997418650467,-248.0
C51636,1a516c64-e0c1-41ab-9975-71487d6bd5a6,9,-22.890381,-43.34553,-22.886681,-43.28783,2019-01-25 08:57:55,2019-01-25 09:03:04,5925.077819311163,-309.0
C51636,1a516c64-e0c1-41ab-9975-71487d6bd5a6,10,-22.88842,-43.34439,-22.886681,-43.28783,2019-01-25 08:57:55,2019-01-25 09:03:39,5797.2628607384695,-344.0
C51636,1a516c64-e0c1-41ab-9975-71487d6bd5a6,11,-22.88717,-43.34339,-22.886681,-43.28783,2019-01-25 08:57:55,2019-01-25 09:04:03,5691.882457152606,-368.0
C51636,1a516c64-e0c1-41ab-9975-71487d6bd5a6,12,-22.88579,-43.34209,-22.886681,-43.28783,2019-01-25 08:57:55,2019-01-25 09:04:32,5559.360561332131,-397.0
C51636,1a516c64-e0c1-41ab-9975-71487d6bd5a6,13,-22.88283,-43.34025,-22.886681,-43.28783,2019-01-25 08:57:55,2019-01-25 09:05:49,5387.089723265994,-474.0
C51636,1a516c64-e0c1-41ab-9975-71487d6bd5a6,14,-22.882534,-43.33687,-22.886681,-43.28783,2019-01-25 08:57:55,2019-01-25 09:06:38,5044.911687061627,-523.0
C51636,1a516c64-e0c1-41ab-9975-71487d6bd5a6,15,-22.882382,-43.333901,-22.886681,-43.28783,2019-01-25 08:57:55,2019-01-25 09:07:21,4743.78980956772,-566.0
C51636,1a516c64-e0c1-41ab-9975-71487d6bd5a6,16,-22.882138,-43.331007,-22.886681,-43.28783,2019-01-25 08:57:55,2019-01-25 09:08:09,4451.930562896859,-614.0
C51636,1a516c64-e0c1-41ab-9975-71487d6bd5a6,17,-22.88256,-43.32373,-22.886681,-43.28783,2019-01-25 08:57:55,2019-01-25 09:09:50,3706.132510963853,-715.0
C51636,1a516c64-e0c1-41ab-9975-71487d6bd5a6,18,-22.88284,-43.3224,-22.886681,-43.28783,2019-01-25 08:57:55,2019-01-25 09:10:10,3567.1035993631217,-735.0
C51636,1a516c64-e0c1-41ab-9975-71487d6bd5a6,19,-22.8835,-43.32058,-22.886681,-43.28783,2019-01-25 08:57:55,2019-01-25 09:10:38,3373.582644091437,-763.0
C51636,1a516c64-e0c1-41ab-9975-71487d6bd5a6,20,-22.88445,-43.31751,-22.886681,-43.28783,2019-01-25 08:57:55,2019-01-25 09:11:25,3050.5833673881275,-810.0
C51636,1a516c64-e0c1-41ab-9975-71487d6bd5a6,21,-22.884744,-43.316116,-22.886681,-43.28783,2019-01-25 08:57:55,2019-01-25 09:11:46,2905.666191654934,-831.0
C51636,1a516c64-e0c1-41ab-9975-71487d6bd5a6,22,-22.88498,-43.31429,-22.886681,-43.28783,2019-01-25 08:57:55,2019-01-25 09:12:12,2717.202144518755,-857.0
C51636,1a516c64-e0c1-41ab-9975-71487d6bd5a6,23,-22.885103,-43.311568,-22.886681,-43.28783,2019-01-25 08:57:55,2019-01-25 09:12:51,2438.085520077669,-896.0
C51636,1a516c64-e0c1-41ab-9975-71487d6bd5a6,24,-22.88562,-43.30967,-22.886681,-43.28783,2019-01-25 08:57:55,2019-01-25 09:13:21,2240.432953472594,-926.0
C51636,1a516c64-e0c1-41ab-9975-71487d6bd5a6,25,-22.88672,-43.306443,-22.886681,-43.28783,2019-01-25 08:57:55,2019-01-25 09:14:10,1906.7426945350123,-975.0
C51636,1a516c64-e0c1-41ab-9975-71487d6bd5a6,26,-22.88646,-43.30281,-22.886681,-43.28783,2019-01-25 08:57:55,2019-01-25 09:15:04,1534.7671585138746,-1029.0
C51636,1a516c64-e0c1-41ab-9975-71487d6bd5a6,27,-22.88548,-43.30031,-22.886681,-43.28783,2019-01-25 08:57:55,2019-01-25 09:15:45,1285.427746239886,-1070.0
C51636,1a516c64-e0c1-41ab-9975-71487d6bd5a6,28,-22.884601,-43.297845,-22.886681,-43.28783,2019-01-25 08:57:55,2019-01-25 09:16:24,1051.7032069831816,-1109.0
C51636,1a516c64-e0c1-41ab-9975-71487d6bd5a6,29,-22.88341,-43.29648,-22.886681,-43.28783,2019-01-25 08:57:55,2019-01-25 09:16:51,957.8686604056043,-1136.0
C51636,1a516c64-e0c1-41ab-9975-71487d6bd5a6,30,-22.88182,-43.29431,-22.886681,-43.28783,2019-01-25 08:57:55,2019-01-25 09:17:32,856.0558954371364,-1177.0
C51636,1a516c64-e0c1-41ab-9975-71487d6bd5a6,31,-22.8842,-43.29133,-22.886681,-43.28783,2019-01-25 08:57:55,2019-01-25 09:18:36,452.3970522970664,-1241.0
C51636,1a516c64-e0c1-41ab-9975-71487d6bd5a6,32,-22.885668,-43.290084,-22.886681,-43.28783,2019-01-25 08:57:55,2019-01-25 09:19:10,256.9128618540771,-1275.0
C51636,1a516c64-e0c1-41ab-9975-71487d6bd5a6,33,-22.88744,-43.2864,-22.886681,-43.28783,2019-01-25 08:57:55,2019-01-25 09:20:05,169.06304483482916,-1330.0
C51636,1a516c64-e0c1-41ab-9975-71487d6bd5a6,34,-22.887738,-43.283511,-22.886681,-43.28783,2019-01-25 08:57:55,2019-01-25 09:20:41,457.7868230580236,-1366.0
C51636,1a516c64-e0c1-41ab-9975-71487d6bd5a6,35,-22.887155,-43.280679,-22.886681,-43.28783,2019-01-25 08:57:55,2019-01-25 09:21:27,734.449364768948,-1412.0
C51636,1a516c64-e0c1-41ab-9975-71487d6bd5a6,36,-22.88591,-43.27898,-22.886681,-43.28783,2019-01-25 08:57:55,2019-01-25 09:22:00,910.6516593140841,-1445.0
C51636,1a516c64-e0c1-41ab-9975-71487d6bd5a6,37,-22.88441,-43.27719,-22.886681,-43.28783,2019-01-25 08:57:55,2019-01-25 09:22:35,1118.853067624648,-1480.0
C51636,1a516c64-e0c1-41ab-9975-71487d6bd5a6,38,-22.8822,-43.2754,-22.886681,-43.28783,2019-01-25 08:57:55,2019-01-25 09:23:18,1367.379323044978,-1523.0
C51636,1a516c64-e0c1-41ab-9975-71487d6bd5a6,39,-22.881083,-43.272751,-22.886681,-43.28783,2019-01-25 08:57:55,2019-01-25 09:24:02,1665.4422510545276,-1567.0
C51636,1a516c64-e0c1-41ab-9975-71487d6bd5a6,40,-22.878863,-43.265859,-22.886681,-43.28783,2019-01-25 08:57:55,2019-01-25 09:25:48,2412.845427728608,-1673.0
C51636,1a516c64-e0c1-41ab-9975-71487d6bd5a6,41,-22.87833,-43.26397,-22.886681,-43.28783,2019-01-25 08:57:55,2019-01-25 09:26:20,2614.7635075525395,-1705.0
C51636,1a516c64-e0c1-41ab-9975-71487d6bd5a6,42,-22.878337,-43.261822,-22.886681,-43.28783,2019-01-25 08:57:55,2019-01-25 09:26:51,2821.2964303342233,-1736.0
C51636,1a516c64-e0c1-41ab-9975-71487d6bd5a6,43,-22.880394,-43.259223,-22.886681,-43.28783,2019-01-25 08:57:55,2019-01-25 09:27:46,3012.831179775651,-1791.0
C51636,1a516c64-e0c1-41ab-9975-71487d6bd5a6,44,-22.882581,-43.254845,-22.886681,-43.28783,2019-01-25 08:57:55,2019-01-25 09:28:58,3409.689872334658,-1863.0
C51636,1a516c64-e0c1-41ab-9975-71487d6bd5a6,45,-22.88517,-43.25266,-22.886681,-43.28783,2019-01-25 08:57:55,2019-01-25 09:29:49,3606.792483544238,-1914.0
C51636,1a516c64-e0c1-41ab-9975-71487d6bd5a6,46,-22.886927,-43.250822,-22.886681,-43.28783,2019-01-25 08:57:55,2019-01-25 09:30:27,3791.239130722899,-1952.0
C51636,1a516c64-e0c1-41ab-9975-71487d6bd5a6,47,-22.890046,-43.244457,-22.886681,-43.28783,2019-01-25 08:57:55,2019-01-25 09:32:27,4458.854301489472,-2072.0
C51636,1a516c64-e0c1-41ab-9975-71487d6bd5a6,48,-22.890765,-43.242335,-22.886681,-43.28783,2019-01-25 08:57:55,2019-01-25 09:32:58,4682.564755675169,-2103.0
C51636,1a516c64-e0c1-41ab-9975-71487d6bd5a6,49,-22.891768,-43.240794,-22.886681,-43.28783,2019-01-25 08:57:55,2019-01-25 09:33:22,4851.42247627982,-2127.0
C51636,1a516c64-e0c1-41ab-9975-71487d6bd5a6,50,-22.89495,-43.24279,-22.886681,-43.28783,2019-01-25 08:57:55,2019-01-25 09:34:38,4704.53810308178,-2203.0
C51636,1a516c64-e0c1-41ab-9975-71487d6bd5a6,51,-22.897995,-43.241305,-22.886681,-43.28783,2019-01-25 08:57:55,2019-01-25 09:35:49,4929.128458956111,-2274.0
C51636,1a516c64-e0c1-41ab-9975-71487d6bd5a6,52,-22.90138,-43.241176,-22.886681,-43.28783,2019-01-25 08:57:55,2019-01-25 09:36:49,5050.801458050838,-2334.0
C51636,1a516c64-e0c1-41ab-9975-71487d6bd5a6,53,-22.90591,-43.23964,-22.886681,-43.28783,2019-01-25 08:57:55,2019-01-25 09:38:02,5379.473347592642,-2407.0
C51636,1a516c64-e0c1-41ab-9975-71487d6bd5a6,54,-22.907884,-43.236917,-22.886681,-43.28783,2019-01-25 08:57:55,2019-01-25 09:38:52,5723.3472956498035,-2457.0
C51636,1a516c64-e0c1-41ab-9975-71487d6bd5a6,55,-22.908756,-43.234655,-22.886681,-43.28783,2019-01-25 08:57:55,2019-01-25 09:39:24,5974.409194067862,-2489.0
C51636,1a516c64-e0c1-41ab-9975-71487d6bd5a6,56,-22.908374,-43.231002,-22.886681,-43.28783,2019-01-25 08:57:55,2019-01-25 09:40:21,6301.05149994088,-2546.0
C51636,1a516c64-e0c1-41ab-9975-71487d6bd5a6,57,-22.90931,-43.22631,-22.886681,-43.28783,2019-01-25 08:57:55,2019-01-25 09:41:42,6785.4472166330315,-2627.0
C51636,1a516c64-e0c1-41ab-9975-71487d6bd5a6,58,-22.909238,-43.222916,-22.886681,-43.28783,2019-01-25 08:57:55,2019-01-25 09:42:32,7106.65740958695,-2677.0
C51636,1a516c64-e0c1-41ab-9975-71487d6bd5a6,59,-22.906357,-43.220639,-22.886681,-43.28783,2019-01-25 08:57:55,2019-01-25 09:43:29,7222.004024377586,-2734.0
C51636,1a516c64-e0c1-41ab-9975-71487d6bd5a6,60,-22.904907,-43.218901,-22.886681,-43.28783,2019-01-25 08:57:55,2019-01-25 09:44:15,7345.793349623041,-2780.0
C51636,1a516c64-e0c1-41ab-9975-71487d6bd5a6,61,-22.90411,-43.21611,-22.886681,-43.28783,2019-01-25 08:57:55,2019-01-25 09:45:00,7597.933843238513,-2825.0
C51636,1a516c64-e0c1-41ab-9975-71487d6bd5a6,62,-22.90341,-43.21449,-22.886681,-43.28783,2019-01-25 08:57:55,2019-01-25 09:45:26,7739.447164708466,-2851.0
C51636,1a516c64-e0c1-41ab-9975-71487d6bd5a6,63,-22.902025,-43.210979,-22.886681,-43.28783,2019-01-25 08:57:55,2019-01-25 09:46:21,8055.0334427023445,-2906.0
C51636,1a516c64-e0c1-41ab-9975-71487d6bd5a6,64,-22.908498,-43.209965,-22.886681,-43.28783,2019-01-25 08:57:55,2019-01-25 09:48:07,8336.71657752805,-3012.0
C51636,1a516c64-e0c1-41ab-9975-71487d6bd5a6,65,-22.91013,-43.205583,-22.886681,-43.28783,2019-01-25 08:57:55,2019-01-25 09:49:41,8819.016433689127,-3106.0
C51636,1a516c64-e0c1-41ab-9975-71487d6bd5a6,66,-22.908619,-43.201048,-22.886681,-43.28783,2019-01-25 08:57:55,2019-01-25 09:50:50,9217.965662962382,-3175.0
C51636,1a516c64-e0c1-41ab-9975-71487d6bd5a6,67,-22.90623,-43.193405,-22.886681,-43.28783,2019-01-25 08:57:55,2019-01-25 09:52:47,9913.568005920139,-3292.0
C51636,1a516c64-e0c1-41ab-9975-71487d6bd5a6,68,-22.905052,-43.189782,-22.886681,-43.28783,2019-01-25 08:57:55,2019-01-25 09:53:42,10249.110089004676,-3347.0
C51636,1a516c64-e0c1-41ab-9975-71487d6bd5a6,69,-22.903332,-43.184461,-22.886681,-43.28783,2019-01-25 08:57:55,2019-01-25 09:55:03,10749.251504471133,-3428.0
C51636,1a516c64-e0c1-41ab-9975-71487d6bd5a6,70,-22.905593,-43.182786,-22.886681,-43.28783,2019-01-25 08:57:55,2019-01-25 09:55:56,10963.651565649387,-3481.0
C51636,1a516c64-e0c1-41ab-9975-71487d6bd5a6,71,-22.90723,-43.18272,-22.886681,-43.28783,2019-01-25 08:57:55,2019-01-25 09:56:32,11006.566133585242,-3517.0
C51636,1a516c64-e0c1-41ab-9975-71487d6bd5a6,72,-22.90879,-43.18819,-22.886681,-43.28783,2019-01-25 08:57:55,2019-01-25 09:57:55,10498.312371212494,-3600.0
C51538,1a516c64-e0c1-41ab-9975-71487d6bd5a6,0,-22.901318,-43.347259,-22.901381,-43.347221000000005,2019-01-25 08:57:45,2019-01-25 08:57:45,8.01400653069651,0.0
C51538,1a516c64-e0c1-41ab-9975-71487d6bd5a6,1,-22.90189,-43.34779,-22.901381,-43.347221000000005,2019-01-25 08:57:45,2019-01-25 08:57:56,81.24174907865319,-11.0
C51538,1a516c64-e0c1-41ab-9975-71487d6bd5a6,2,-22.900466,-43.349828,-22.901381,-43.347221000000005,2019-01-25 08:57:45,2019-01-25 08:58:36,285.7621889885791,-51.0
C51538,1a516c64-e0c1-41ab-9975-71487d6bd5a6,3,-22.89911,-43.35167,-22.901381,-43.347221000000005,2019-01-25 08:57:45,2019-01-25 08:59:10,521.0035248070523,-85.0
C51538,1a516c64-e0c1-41ab-9975-71487d6bd5a6,4,-22.898012,-43.352228,-22.901381,-43.347221000000005,2019-01-25 08:57:45,2019-01-25 08:59:37,635.119318626606,-112.0
C51538,1a516c64-e0c1-41ab-9975-71487d6bd5a6,5,-22.89818,-43.350146,-22.901381,-43.347221000000005,2019-01-25 08:57:45,2019-01-25 09:00:21,465.24917478857964,-156.0
C51538,1a516c64-e0c1-41ab-9975-71487d6bd5a6,6,-22.896967,-43.348397,-22.901381,-43.347221000000005,2019-01-25 08:57:45,2019-01-25 09:00:57,505.38038617462496,-192.0
C51538,1a516c64-e0c1-41ab-9975-71487d6bd5a6,7,-22.8954,-43.34742,-22.901381,-43.347221000000005,2019-01-25 08:57:45,2019-01-25 09:01:25,665.3691690510038,-220.0
C51538,1a516c64-e0c1-41ab-9975-71487d6bd5a6,8,-22.89369,-43.34688,-22.901381,-43.347221000000005,2019-01-25 08:57:45,2019-01-25 09:01:53,855.9132140859482,-248.0
C51538,1a516c64-e0c1-41ab-9975-71487d6bd5a6,9,-22.890381,-43.34553,-22.901381,-43.347221000000005,2019-01-25 08:57:45,2019-01-25 09:02:54,1235.3483766256397,-309.0
C51538,1a516c64-e0c1-41ab-9975-71487d6bd5a6,10,-22.88842,-43.34439,-22.901381,-43.347221000000005,2019-01-25 08:57:45,2019-01-25 09:03:29,1470.083767885855,-344.0
C51538,1a516c64-e0c1-41ab-9975-71487d6bd5a6,11,-22.88717,-43.34339,-22.901381,-43.347221000000005,2019-01-25 08:57:45,2019-01-25 09:03:53,1628.1908477475665,-368.0
C51538,1a516c64-e0c1-41ab-9975-71487d6bd5a6,12,-22.88579,-43.34209,-22.901381,-43.347221000000005,2019-01-25 08:57:45,2019-01-25 09:04:22,1811.563512319735,-397.0
C51538,1a516c64-e0c1-41ab-9975-71487d6bd5a6,13,-22.88283,-43.34025,-22.901381,-43.347221000000005,2019-01-25 08:57:45,2019-01-25 09:05:39,2182.881689456137,-474.0
C51538,1a516c64-e0c1-41ab-9975-71487d6bd5a6,14,-22.882534,-43.33687,-22.901381,-43.347221000000005,2019-01-25 08:57:45,2019-01-25 09:06:28,2348.662280976415,-523.0
C51538,1a516c64-e0c1-41ab-9975-71487d6bd5a6,15,-22.882382,-43.333901,-22.901381,-43.347221000000005,2019-01-25 08:57:45,2019-01-25 09:07:11,2514.9174925215984,-566.0
C51538,1a516c64-e0c1-41ab-9975-71487d6bd5a6,16,-22.882138,-43.331007,-22.901381,-43.347221000000005,2019-01-25 08:57:45,2019-01-25 09:07:59,2708.7030190177397,-614.0
C51538,1a516c64-e0c1-41ab-9975-71487d6bd5a6,17,-22.88256,-43.32373,-22.901381,-43.347221000000005,2019-01-25 08:57:45,2019-01-25 09:09:40,3189.097441223785,-715.0
C51538,1a516c64-e0c1-41ab-9975-71487d6bd5a6,18,-22.88284,-43.3224,-22.901381,-43.347221000000005,2019-01-25 08:57:45,2019-01-25 09:10:00,3273.413114070888,-735.0
C51538,1a516c64-e0c1-41ab-9975-71487d6bd5a6,19,-22.8835,-43.32058,-22.901381,-43.347221000000005,2019-01-25 08:57:45,2019-01-25 09:10:28,3376.506226463275,-763.0
C51538,1a516c64-e0c1-41ab-9975-71487d6bd5a6,20,-22.88445,-43.31751,-22.901381,-43.347221000000005,2019-01-25 08:57:45,2019-01-25 09:11:15,3578.7111391467733,-810.0
C51538,1a516c64-e0c1-41ab-9975-71487d6bd5a6,21,-22.884744,-43.316116,-22.901381,-43.347221000000005,2019-01-25 08:57:45,2019-01-25 09:11:36,3684.3884692128354,-831.0
C51538,1a516c64-e0c1-41ab-9975-71487d6bd5a6,22,-22.88498,-43.31429,-22.901381,-43.347221000000005,2019-01-25 08:57:45,2019-01-25 09:12:02,3834.744187784494,-857.0
C51538,1a516c64-e0c1-41ab-9975-71487d6bd5a6,23,-22.885103,-43.311568,-22.901381,-43.347221000000005,2019-01-25 08:57:45,2019-01-25 09:12:41,4076.0864851784454,-896.0
C51538,1a516c64-e0c1-41ab-9975-71487d6bd5a6,24,-22.88562,-43.30967,-22.901381,-43.347221000000005,2019-01-25 08:57:45,2019-01-25 09:13:11,4227.003162183772,-926.0
C51538,1a516c64-e0c1-41ab-9975-71487d6bd5a6,25,-22.88672,-43.306443,-22.901381,-43.347221000000005,2019-01-25 08:57:45,2019-01-25 09:14:00,4483.9692554917,-975.0
C51538,1a516c64-e0c1-41ab-9975-71487d6bd5a6,26,-22.88646,-43.30281,-22.901381,-43.347221000000005,2019-01-25 08:57:45,2019-01-25 09:14:54,4842.378745099583,-1029.0
C51538,1a516c64-e0c1-41ab-9975-71487d6bd5a6,27,-22.88548,-43.30031,-22.901381,-43.347221000000005,2019-01-25 08:57:45,2019-01-25 09:15:35,5120.341015622418,-1070.0
C51538,1a516c64-e0c1-41ab-9975-71487d6bd5a6,28,-22.884601,-43.297845,-22.901381,-43.347221000000005,2019-01-25 08:57:45,2019-01-25 09:16:14,5391.082090579452,-1109.0
C51538,1a516c64-e0c1-41ab-9975-71487d6bd5a6,29,-22.88341,-43.29648,-22.901381,-43.347221000000005,2019-01-25 08:57:45,2019-01-25 09:16:41,5568.639291598915,-1136.0
C51538,1a516c64-e0c1-41ab-9975-71487d6bd5a6,30,-22.88182,-43.29431,-22.901381,-43.347221000000005,2019-01-25 08:57:45,2019-01-25 09:17:22,5840.217987320492,-1177.0
C51538,1a516c64-e0c1-41ab-9975-71487d6bd5a6,31,-22.8842,-43.29133,-22.901381,-43.347221000000005,2019-01-25 08:57:45,2019-01-25 09:18:26,6035.615064034004,-1241.0
C51538,1a516c64-e0c1-41ab-9975-71487d6bd5a6,32,-22.885668,-43.290084,-22.901381,-43.347221000000005,2019-01-25 08:57:45,2019-01-25 09:19:00,6108.111096973454,-1275.0
C51538,1a516c64-e0c1-41ab-9975-71487d6bd5a6,33,-22.88744,-43.2864,-22.901381,-43.347221000000005,2019-01-25 08:57:45,2019-01-25 09:19:55,6420.177467184068,-1330.0
C51538,1a516c64-e0c1-41ab-9975-71487d6bd5a6,34,-22.887738,-43.283511,-22.901381,-43.347221000000005,2019-01-25 08:57:45,2019-01-25 09:20:31,6700.150640576579,-1366.0
C51538,1a516c64-e0c1-41ab-9975-71487d6bd5a6,35,-22.887155,-43.280679,-22.901381,-43.347221000000005,2019-01-25 08:57:45,2019-01-25 09:21:17,6997.406166808492,-1412.0
C51538,1a516c64-e0c1-41ab-9975-71487d6bd5a6,36,-22.88591,-43.27898,-22.901381,-43.347221000000005,2019-01-25 08:57:45,2019-01-25 09:21:50,7198.89910673532,-1445.0
C51538,1a516c64-e0c1-41ab-9975-71487d6bd5a6,37,-22.88441,-43.27719,-22.901381,-43.347221000000005,2019-01-25 08:57:45,2019-01-25 09:22:25,7417.784135832736,-1480.0
C51538,1a516c64-e0c1-41ab-9975-71487d6bd5a6,38,-22.8822,-43.2754,-22.901381,-43.347221000000005,2019-01-25 08:57:45,2019-01-25 09:23:08,7660.068683672079,-1523.0
C51538,1a516c64-e0c1-41ab-9975-71487d6bd5a6,39,-22.881083,-43.272751,-22.901381,-43.347221000000005,2019-01-25 08:57:45,2019-01-25 09:23:52,7955.427692875809,-1567.0
C51538,1a516c64-e0c1-41ab-9975-71487d6bd5a6,40,-22.878863,-43.265859,-22.901381,-43.347221000000005,2019-01-25 08:57:45,2019-01-25 09:25:38,8702.595275467134,-1673.0
C51538,1a516c64-e0c1-41ab-9975-71487d6bd5a6,41,-22.87833,-43.26397,-22.901381,-43.347221000000005,2019-01-25 08:57:45,2019-01-25 09:26:10,8904.987648732053,-1705.0
C51538,1a516c64-e0c1-41ab-9975-71487d6bd5a6,42,-22.878337,-43.261822,-22.901381,-43.347221000000005,2019-01-25 08:57:45,2019-01-25 09:26:41,9115.715229382016,-1736.0
C51538,1a516c64-e0c1-41ab-9975-71487d6bd5a6,43,-22.880394,-43.259223,-22.901381,-43.347221000000005,2019-01-25 08:57:45,2019-01-25 09:27:36,9311.512044373781,-1791.0
C51538,1a516c64-e0c1-41ab-9975-71487d6bd5a6,44,-22.882581,-43.254845,-22.901381,-43.347221000000005,2019-01-25 08:57:45,2019-01-25 09:28:48,9690.895762872131,-1863.0
C51538,1a516c64-e0c1-41ab-9975-71487d6bd5a6,45,-22.88517,-43.25266,-22.901381,-43.347221000000005,2019-01-25 08:57:45,2019-01-25 09:29:39,9852.767332191324,-1914.0
C51538,1a516c64-e0c1-41ab-9975-71487d6bd5a6,46,-22.886927,-43.250822,-22.901381,-43.347221000000005,2019-01-25 08:57:45,2019-01-25 09:30:17,10004.625680735526,-1952.0
C51538,1a516c64-e0c1-41ab-9975-71487d6bd5a6,47,-22.890046,-43.244457,-22.901381,-43.347221000000005,2019-01-25 08:57:45,2019-01-25 09:32:17,10601.754336345974,-2072.0
C51538,1a516c64-e0c1-41ab-9975-71487d6bd5a6,48,-22.890765,-43.242335,-22.901381,-43.347221000000005,2019-01-25 08:57:45,2019-01-25 09:32:48,10808.557624779998,-2103.0
C51538,1a516c64-e0c1-41ab-9975-71487d6bd5a6,49,-22.891768,-43.240794,-22.901381,-43.347221000000005,2019-01-25 08:57:45,2019-01-25 09:33:12,10953.992837668313,-2127.0
C51538,1a516c64-e0c1-41ab-9975-71487d6bd5a6,50,-22.89495,-43.24279,-22.901381,-43.347221000000005,2019-01-25 08:57:45,2019-01-25 09:34:28,10721.006298585175,-2203.0
C51538,1a516c64-e0c1-41ab-9975-71487d6bd5a6,51,-22.897995,-43.241305,-22.901381,-43.347221000000005,2019-01-25 08:57:45,2019-01-25 09:35:39,10855.652858027626,-2274.0
C51538,1a516c64-e0c1-41ab-9975-71487d6bd5a6,52,-22.90138,-43.241176,-22.901381,-43.347221000000005,2019-01-25 08:57:45,2019-01-25 09:36:39,10862.199830851026,-2334.0
C51538,1a516c64-e0c1-41ab-9975-71487d6bd5a6,53,-22.90591,-43.23964,-22.901381,-43.347221000000005,2019-01-25 08:57:45,2019-01-25 09:37:52,11030.85011745898,-2407.0
C51538,1a516c64-e0c1-41ab-9975-71487d6bd5a6,54,-22.907884,-43.236917,-22.901381,-43.347221000000005,2019-01-25 08:57:45,2019-01-25 09:38:42,11321.294789869497,-2457.0
C51538,1a516c64-e0c1-41ab-9975-71487d6bd5a6,55,-22.908756,-43.234655,-22.901381,-43.347221000000005,2019-01-25 08:57:45,2019-01-25 09:39:14,11558.95971107012,-2489.0
C51538,1a516c64-e0c1-41ab-9975-71487d6bd5a6,56,-22.908374,-43.231002,-22.901381,-43.347221000000005,2019-01-25 08:57:45,2019-01-25 09:40:11,11929.386078488633,-2546.0
C51538,1a516c64-e0c1-41ab-9975-71487d6bd5a6,57,-22.90931,-43.22631,-22.901381,-43.347221000000005,2019-01-25 08:57:45,2019-01-25 09:41:32,12415.90694590452,-2627.0
C51538,1a516c64-e0c1-41ab-9975-71487d6bd5a6,58,-22.909238,-43.222916,-22.901381,-43.347221000000005,2019-01-25 08:57:45,2019-01-25 09:42:22,12762.143595243697,-2677.0
C51538,1a516c64-e0c1-41ab-9975-71487d6bd5a6,59,-22.906357,-43.220639,-22.901381,-43.347221000000005,2019-01-25 08:57:45,2019-01-25 09:43:19,12977.369539730755,-2734.0
C51538,1a516c64-e0c1-41ab-9975-71487d6bd5a6,60,-22.904907,-43.218901,-22.901381,-43.347221000000005,2019-01-25 08:57:45,2019-01-25 09:44:05,13149.505681900639,-2780.0
C51538,1a516c64-e0c1-41ab-9975-71487d6bd5a6,61,-22.90411,-43.21611,-22.901381,-43.347221000000005,2019-01-25 08:57:45,2019-01-25 09:44:50,13433.00527742724,-2825.0
C51538,1a516c64-e0c1-41ab-9975-71487d6bd5a6,62,-22.90341,-43.21449,-22.901381,-43.347221000000005,2019-01-25 08:57:45,2019-01-25 09:45:16,13597.419410346263,-2851.0
C51538,1a516c64-e0c1-41ab-9975-71487d6bd5a6,63,-22.902025,-43.210979,-22.901381,-43.347221000000005,2019-01-25 08:57:45,2019-01-25 09:46:11,13955.431871277473,-2906.0
C51538,1a516c64-e0c1-41ab-9975-71487d6bd5a6,64,-22.908498,-43.209965,-22.901381,-43.347221000000005,2019-01-25 08:57:45,2019-01-25 09:47:57,14081.032252321793,-3012.0
C51538,1a516c64-e0c1-41ab-9975-71487d6bd5a6,65,-22.91013,-43.205583,-22.901381,-43.347221000000005,2019-01-25 08:57:45,2019-01-25 09:49:31,14540.107912530475,-3106.0
C51538,1a516c64-e0c1-41ab-9975-71487d6bd5a6,66,-22.908619,-43.201048,-22.901381,-43.347221000000005,2019-01-25 08:57:45,2019-01-25 09:50:40,14993.731191498477,-3175.0
C51538,1a516c64-e0c1-41ab-9975-71487d6bd5a6,67,-22.90623,-43.193405,-22.901381,-43.347221000000005,2019-01-25 08:57:45,2019-01-25 09:52:37,15764.329485856455,-3292.0
C51538,1a516c64-e0c1-41ab-9975-71487d6bd5a6,68,-22.905052,-43.189782,-22.901381,-43.347221000000005,2019-01-25 08:57:45,2019-01-25 09:53:32,16131.439008066483,-3347.0
C51538,1a516c64-e0c1-41ab-9975-71487d6bd5a6,69,-22.903332,-43.184461,-22.901381,-43.347221000000005,2019-01-25 08:57:45,2019-01-25 09:54:53,16672.813868169513,-3428.0
C51538,1a516c64-e0c1-41ab-9975-71487d6bd5a6,70,-22.905593,-43.182786,-22.901381,-43.347221000000005,2019-01-25 08:57:45,2019-01-25 09:55:46,16849.34172599908,-3481.0
C51538,1a516c64-e0c1-41ab-9975-71487d6bd5a6,71,-22.90723,-43.18272,-22.901381,-43.347221000000005,2019-01-25 08:57:45,2019-01-25 09:56:22,16862.037184240748,-3517.0
C51538,1a516c64-e0c1-41ab-9975-71487d6bd5a6,72,-22.90879,-43.18819,-22.901381,-43.347221000000005,2019-01-25 08:57:45,2019-01-25 09:57:45,16309.935735969622,-3600.0
C51557,1a516c64-e0c1-41ab-9975-71487d6bd5a6,0,-22.901318,-43.347259,-22.908319,-43.235931,2019-01-25 08:57:28,2019-01-25 08:57:28,11429.590947595885,0.0
C51557,1a516c64-e0c1-41ab-9975-71487d6bd5a6,1,-22.90189,-43.34779,-22.908319,-43.235931,2019-01-25 08:57:28,2019-01-25 08:57:39,11479.693917359205,-11.0
C51557,1a516c64-e0c1-41ab-9975-71487d6bd5a6,2,-22.900466,-43.349828,-22.908319,-43.235931,2019-01-25 08:57:28,2019-01-25 08:58:19,11698.856082668271,-51.0
C51557,1a516c64-e0c1-41ab-9975-71487d6bd5a6,3,-22.89911,-43.35167,-22.908319,-43.235931,2019-01-25 08:57:28,2019-01-25 08:58:53,11899.095650593257,-85.0
C51557,1a516c64-e0c1-41ab-9975-71487d6bd5a6,4,-22.898012,-43.352228,-22.908319,-43.235931,2019-01-25 08:57:28,2019-01-25 08:59:20,11967.162660079612,-112.0
C51557,1a516c64-e0c1-41ab-9975-71487d6bd5a6,5,-22.89818,-43.350146,-22.908319,-43.235931,2019-01-25 08:57:28,2019-01-25 09:00:04,11753.090123315016,-156.0
C51557,1a516c64-e0c1-41ab-9975-71487d6bd5a6,6,-22.896967,-43.348397,-22.908319,-43.235931,2019-01-25 08:57:28,2019-01-25 09:00:40,11588.747447688285,-192.0
C51557,1a516c64-e0c1-41ab-9975-71487d6bd5a6,7,-22.8954,-43.34742,-22.908319,-43.235931,2019-01-25 08:57:28,2019-01-25 09:01:08,11509.78665881197,-220.0
C51557,1a516c64-e0c1-41ab-9975-71487d6bd5a6,8,-22.89369,-43.34688,-22.908319,-43.235931,2019-01-25 08:57:28,2019-01-25 09:01:36,11480.375390153371,-248.0
C51557,1a516c64-e0c1-41ab-9975-71487d6bd5a6,9,-22.890381,-43.34553,-22.908319,-43.235931,2019-01-25 08:57:28,2019-01-25 09:02:37,11402.220949446331,-309.0
C51557,1a516c64-e0c1-41ab-9975-71487d6bd5a6,10,-22.88842,-43.34439,-22.908319,-43.235931,2019-01-25 08:57:28,2019-01-25 09:03:12,11327.913014710502,-344.0
C51557,1a516c64-e0c1-41ab-9975-71487d6bd5a6,11,-22.88717,-43.34339,-22.908319,-43.235931,2019-01-25 08:57:28,2019-01-25 09:03:36,11255.738376629362,-368.0
C51557,1a516c64-e0c1-41ab-9975-71487d6bd5a6,12,-22.88579,-43.34209,-22.908319,-43.235931,2019-01-25 08:57:28,2019-01-25 09:04:05,11159.046398822524,-397.0
C51557,1a516c64-e0c1-41ab-9975-71487d6bd5a6,13,-22.88283,-43.34025,-22.908319,-43.235931,2019-01-25 08:57:28,2019-01-25 09:05:22,11055.343541712282,-474.0
C51557,1a516c64-e0c1-41ab-9975-71487d6bd5a6,14,-22.882534,-43.33687,-22.908319,-43.235931,2019-01-25 08:57:28,2019-01-25 09:06:11,10729.812741547725,-523.0
C51557,1a516c64-e0c1-41ab-9975-71487d6bd5a6,15,-22.882382,-43.333901,-22.908319,-43.235931,2019-01-25 08:57:28,2019-01-25 09:06:54,10441.720921760876,-566.0
C51557,1a516c64-e0c1-41ab-9975-71487d6bd5a6,16,-22.882138,-43.331007,-22.908319,-43.235931,2019-01-25 08:57:28,2019-01-25 09:07:42,10164.882798793798,-614.0
C51557,1a516c64-e0c1-41ab-9975-71487d6bd5a6,17,-22.88256,-43.32373,-22.908319,-43.235931,2019-01-25 08:57:28,2019-01-25 09:09:23,9438.742340706365,-715.0
C51557,1a516c64-e0c1-41ab-9975-71487d6bd5a6,18,-22.88284,-43.3224,-22.908319,-43.235931,2019-01-25 08:57:28,2019-01-25 09:09:43,9299.47927536895,-735.0
C51557,1a516c64-e0c1-41ab-9975-71487d6bd5a6,19,-22.8835,-43.32058,-22.908319,-43.235931,2019-01-25 08:57:28,2019-01-25 09:10:11,9099.542047337489,-763.0
C51557,1a516c64-e0c1-41ab-9975-71487d6bd5a6,20,-22.88445,-43.31751,-22.908319,-43.235931,2019-01-25 08:57:28,2019-01-25 09:10:58,8767.816838558094,-810.0
C51557,1a516c64-e0c1-41ab-9975-71487d6bd5a6,21,-22.884744,-43.316116,-22.908319,-43.235931,2019-01-25 08:57:28,2019-01-25 09:11:19,8621.82746784643,-831.0
C51557,1a516c64-e0c1-41ab-9975-71487d6bd5a6,22,-22.88498,-43.31429,-22.908319,-43.235931,2019-01-25 08:57:28,2019-01-25 09:11:45,8435.713325832592,-857.0
C51557,1a516c64-e0c1-41ab-9975-71487d6bd5a6,23,-22.885103,-43.311568,-22.908319,-43.235931,2019-01-25 08:57:28,2019-01-25 09:12:24,8166.52447520827,-896.0
C51557,1a516c64-e0c1-41ab-9975-71487d6bd5a6,24,-22.88562,-43.30967,-22.908319,-43.235931,2019-01-25 08:57:28,2019-01-25 09:12:54,7963.891649960546,-926.0
C51557,1a516c64-e0c1-41ab-9975-71487d6bd5a6,25,-22.88672,-43.306443,-22.908319,-43.235931,2019-01-25 08:57:28,2019-01-25 09:13:43,7611.594713399909,-975.0
C51557,1a516c64-e0c1-41ab-9975-71487d6bd5a6,26,-22.88646,-43.30281,-22.908319,-43.235931,2019-01-25 08:57:28,2019-01-25 09:14:37,7269.038174606826,-1029.0
C51557,1a516c64-e0c1-41ab-9975-71487d6bd5a6,27,-22.88548,-43.30031,-22.908319,-43.235931,2019-01-25 08:57:28,2019-01-25 09:15:18,7066.665516651375,-1070.0
C51557,1a516c64-e0c1-41ab-9975-71487d6bd5a6,28,-22.884601,-43.297845,-22.908319,-43.235931,2019-01-25 08:57:28,2019-01-25 09:15:57,6868.590372371572,-1109.0
C51557,1a516c64-e0c1-41ab-9975-71487d6bd5a6,29,-22.88341,-43.29648,-22.908319,-43.235931,2019-01-25 08:57:28,2019-01-25 09:16:24,6792.640802324766,-1136.0
C51557,1a516c64-e0c1-41ab-9975-71487d6bd5a6,30,-22.88182,-43.29431,-22.908319,-43.235931,2019-01-25 08:57:28,2019-01-25 09:17:05,6666.567355448696,-1177.0
C51557,1a516c64-e0c1-41ab-9975-71487d6bd5a6,31,-22.8842,-43.29133,-22.908319,-43.235931,2019-01-25 08:57:28,2019-01-25 09:18:09,6276.568309032454,-1241.0
C51557,1a516c64-e0c1-41ab-9975-71487d6bd5a6,32,-22.885668,-43.290084,-22.908319,-43.235931,2019-01-25 08:57:28,2019-01-25 09:18:43,6092.108728995361,-1275.0
C51557,1a516c64-e0c1-41ab-9975-71487d6bd5a6,33,-22.88744,-43.2864,-22.908319,-43.235931,2019-01-25 08:57:28,2019-01-25 09:19:38,5667.060883005246,-1330.0
C51557,1a516c64-e0c1-41ab-9975-71487d6bd5a6,34,-22.887738,-43.283511,-22.908319,-43.235931,2019-01-25 08:57:28,2019-01-25 09:20:14,5384.294874616408,-1366.0
C51557,1a516c64-e0c1-41ab-9975-71487d6bd5a6,35,-22.887155,-43.280679,-22.908319,-43.235931,2019-01-25 08:57:28,2019-01-25 09:21:00,5152.489329870596,-1412.0
C51557,1a516c64-e0c1-41ab-9975-71487d6bd5a6,36,-22.88591,-43.27898,-22.908319,-43.235931,2019-01-25 08:57:28,2019-01-25 09:21:33,5064.971320537212,-1445.0
C51557,1a516c64-e0c1-41ab-9975-71487d6bd5a6,37,-22.88441,-43.27719,-22.908319,-43.235931,2019-01-25 08:57:28,2019-01-25 09:22:08,4992.966786087721,-1480.0
C51557,1a516c64-e0c1-41ab-9975-71487d6bd5a6,38,-22.8822,-43.2754,-22.908319,-43.235931,2019-01-25 08:57:28,2019-01-25 09:22:51,4978.029430671779,-1523.0
C51557,1a516c64-e0c1-41ab-9975-71487d6bd5a6,39,-22.881083,-43.272751,-22.908319,-43.235931,2019-01-25 08:57:28,2019-01-25 09:23:35,4837.073152177374,-1567.0
C51557,1a516c64-e0c1-41ab-9975-71487d6bd5a6,40,-22.878863,-43.265859,-22.908319,-43.235931,2019-01-25 08:57:28,2019-01-25 09:25:21,4486.257873470204,-1673.0
C51557,1a516c64-e0c1-41ab-9975-71487d6bd5a6,41,-22.87833,-43.26397,-22.908319,-43.235931,2019-01-25 08:57:28,2019-01-25 09:25:53,4401.056807878425,-1705.0
C51557,1a516c64-e0c1-41ab-9975-71487d6bd5a6,42,-22.878337,-43.261822,-22.908319,-43.235931,2019-01-25 08:57:28,2019-01-25 09:26:24,4260.113141702161,-1736.0
C51557,1a516c64-e0c1-41ab-9975-71487d6bd5a6,43,-22.880394,-43.259223,-22.908319,-43.235931,2019-01-25 08:57:28,2019-01-25 09:27:19,3915.9162275049434,-1791.0
C51557,1a516c64-e0c1-41ab-9975-71487d6bd5a6,44,-22.882581,-43.254845,-22.908319,-43.235931,2019-01-25 08:57:28,2019-01-25 09:28:31,3456.063555729162,-1863.0
C51557,1a516c64-e0c1-41ab-9975-71487d6bd5a6,45,-22.88517,-43.25266,-22.908319,-43.235931,2019-01-25 08:57:28,2019-01-25 09:29:22,3092.281596608273,-1914.0
C51557,1a516c64-e0c1-41ab-9975-71487d6bd5a6,46,-22.886927,-43.250822,-22.908319,-43.235931,2019-01-25 08:57:28,2019-01-25 09:30:00,2825.730987958463,-1952.0
C51557,1a516c64-e0c1-41ab-9975-71487d6bd5a6,47,-22.890046,-43.244457,-22.908319,-43.235931,2019-01-25 08:57:28,2019-01-25 09:32:00,2211.6025427554064,-2072.0
C51557,1a516c64-e0c1-41ab-9975-71487d6bd5a6,48,-22.890765,-43.242335,-22.908319,-43.235931,2019-01-25 08:57:28,2019-01-25 09:32:31,2059.192402840341,-2103.0
C51557,1a516c64-e0c1-41ab-9975-71487d6bd5a6,49,-22.891768,-43.240794,-22.908319,-43.235931,2019-01-25 08:57:28,2019-01-25 09:32:55,1906.607241560291,-2127.0
C51557,1a516c64-e0c1-41ab-9975-71487d6bd5a6,50,-22.89495,-43.24279,-22.908319,-43.235931,2019-01-25 08:57:28,2019-01-25 09:34:11,1644.2248793094943,-2203.0
C51557,1a516c64-e0c1-41ab-9975-71487d6bd5a6,51,-22.897995,-43.241305,-22.908319,-43.235931,2019-01-25 08:57:28,2019-01-25 09:35:22,1273.1250677516975,-2274.0
C51557,1a516c64-e0c1-41ab-9975-71487d6bd5a6,52,-22.90138,-43.241176,-22.908319,-43.235931,2019-01-25 08:57:28,2019-01-25 09:36:22,940.1896237218533,-2334.0
C51557,1a516c64-e0c1-41ab-9975-71487d6bd5a6,53,-22.90591,-43.23964,-22.908319,-43.235931,2019-01-25 08:57:28,2019-01-25 09:37:35,464.8391587464329,-2407.0
C51557,1a516c64-e0c1-41ab-9975-71487d6bd5a6,54,-22.907884,-43.236917,-22.908319,-43.235931,2019-01-25 08:57:28,2019-01-25 09:38:25,111.97693485717184,-2457.0
C51557,1a516c64-e0c1-41ab-9975-71487d6bd5a6,55,-22.908756,-43.234655,-22.908319,-43.235931,2019-01-25 08:57:28,2019-01-25 09:38:57,139.43492606423652,-2489.0
C51557,1a516c64-e0c1-41ab-9975-71487d6bd5a6,56,-22.908374,-43.231002,-22.908319,-43.235931,2019-01-25 08:57:28,2019-01-25 09:39:54,504.889074618673,-2546.0
C51557,1a516c64-e0c1-41ab-9975-71487d6bd5a6,57,-22.90931,-43.22631,-22.908319,-43.235931,2019-01-25 08:57:28,2019-01-25 09:41:15,991.5680078257592,-2627.0
C51557,1a516c64-e0c1-41ab-9975-71487d6bd5a6,58,-22.909238,-43.222916,-22.908319,-43.235931,2019-01-25 08:57:28,2019-01-25 09:42:05,1336.9660230785369,-2677.0
C51557,1a516c64-e0c1-41ab-9975-71487d6bd5a6,59,-22.906357,-43.220639,-22.908319,-43.235931,2019-01-25 08:57:28,2019-01-25 09:43:02,1581.4130624713007,-2734.0
C51557,1a516c64-e0c1-41ab-9975-71487d6bd5a6,60,-22.904907,-43.218901,-22.908319,-43.235931,2019-01-25 08:57:28,2019-01-25 09:43:48,1785.1008502953714,-2780.0
C51557,1a516c64-e0c1-41ab-9975-71487d6bd5a6,61,-22.90411,-43.21611,-22.908319,-43.235931,2019-01-25 08:57:28,2019-01-25 09:44:33,2083.442479905946,-2825.0
C51557,1a516c64-e0c1-41ab-9975-71487d6bd5a6,62,-22.90341,-43.21449,-22.908319,-43.235931,2019-01-25 08:57:28,2019-01-25 09:44:59,2262.951791663514,-2851.0
C51557,1a516c64-e0c1-41ab-9975-71487d6bd5a6,63,-22.902025,-43.210979,-22.908319,-43.235931,2019-01-25 08:57:28,2019-01-25 09:45:54,2649.856037136047,-2906.0
C51557,1a516c64-e0c1-41ab-9975-71487d6bd5a6,64,-22.908498,-43.209965,-22.908319,-43.235931,2019-01-25 08:57:28,2019-01-25 09:47:40,2659.6366386357754,-3012.0
C51557,1a516c64-e0c1-41ab-9975-71487d6bd5a6,65,-22.91013,-43.205583,-22.908319,-43.235931,2019-01-25 08:57:28,2019-01-25 09:49:14,3114.885014825084,-3106.0
C51557,1a516c64-e0c1-41ab-9975-71487d6bd5a6,66,-22.908619,-43.201048,-22.908319,-43.235931,2019-01-25 08:57:28,2019-01-25 09:50:23,3573.0381599654565,-3175.0
C51557,1a516c64-e0c1-41ab-9975-71487d6bd5a6,67,-22.90623,-43.193405,-22.908319,-43.235931,2019-01-25 08:57:28,2019-01-25 09:52:20,4361.942494263633,-3292.0
C51557,1a516c64-e0c1-41ab-9975-71487d6bd5a6,68,-22.905052,-43.189782,-22.908319,-43.235931,2019-01-25 08:57:28,2019-01-25 09:53:15,4740.800600502587,-3347.0
C51557,1a516c64-e0c1-41ab-9975-71487d6bd5a6,69,-22.903332,-43.184461,-22.908319,-43.235931,2019-01-25 08:57:28,2019-01-25 09:54:36,5300.988519875296,-3428.0
C51557,1a516c64-e0c1-41ab-9975-71487d6bd5a6,70,-22.905593,-43.182786,-22.908319,-43.235931,2019-01-25 08:57:28,2019-01-25 09:55:29,5451.856905528847,-3481.0
C51557,1a516c64-e0c1-41ab-9975-71487d6bd5a6,71,-22.90723,-43.18272,-22.908319,-43.235931,2019-01-25 08:57:28,2019-01-25 09:56:05,5451.496127525142,-3517.0
C51557,1a516c64-e0c1-41ab-9975-71487d6bd5a6,72,-22.90879,-43.18819,-22.908319,-43.235931,2019-01-25 08:57:28,2019-01-25 09:57:28,4890.137196322381,-3600.0
C51580,1a516c64-e0c1-41ab-9975-71487d6bd5a6,0,-22.901318,-43.347259,-22.908331,-43.189449,2019-01-25 09:00:40,2019-01-25 09:00:40,16182.882369058243,0.0
C51580,1a516c64-e0c1-41ab-9975-71487d6bd5a6,1,-22.90189,-43.34779,-22.908331,-43.189449,2019-01-25 09:00:40,2019-01-25 09:00:51,16234.243901048643,-11.0
C51580,1a516c64-e0c1-41ab-9975-71487d6bd5a6,2,-22.900466,-43.349828,-22.908331,-43.189449,2019-01-25 09:00:40,2019-01-25 09:01:31,16450.533713843808,-51.0
C51580,1a516c64-e0c1-41ab-9975-71487d6bd5a6,3,-22.89911,-43.35167,-22.908331,-43.189449,2019-01-25 09:00:40,2019-01-25 09:02:05,16647.630873710234,-85.0
C51580,1a516c64-e0c1-41ab-9975-71487d6bd5a6,4,-22.898012,-43.352228,-22.908331,-43.189449,2019-01-25 09:00:40,2019-01-25 09:02:32,16712.683334152913,-112.0
C51580,1a516c64-e0c1-41ab-9975-71487d6bd5a6,5,-22.89818,-43.350146,-22.908331,-43.189449,2019-01-25 09:00:40,2019-01-25 09:03:16,16498.637683935813,-156.0
C51580,1a516c64-e0c1-41ab-9975-71487d6bd5a6,6,-22.896967,-43.348397,-22.908331,-43.189449,2019-01-25 09:00:40,2019-01-25 09:03:52,16329.869957429339,-192.0
C51580,1a516c64-e0c1-41ab-9975-71487d6bd5a6,7,-22.8954,-43.34742,-22.908331,-43.189449,2019-01-25 09:00:40,2019-01-25 09:04:20,16244.686456979962,-220.0
C51580,1a516c64-e0c1-41ab-9975-71487d6bd5a6,8,-22.89369,-43.34688,-22.908331,-43.189449,2019-01-25 09:00:40,2019-01-25 09:04:48,16207.687348929836,-248.0
C51580,1a516c64-e0c1-41ab-9975-71487d6bd5a6,9,-22.890381,-43.34553,-22.908331,-43.189449,2019-01-25 09:00:40,2019-01-25 09:05:49,16111.73911684727,-309.0
C51580,1a516c64-e0c1-41ab-9975-71487d6bd5a6,10,-22.88842,-43.34439,-22.908331,-43.189449,2019-01-25 09:00:40,2019-01-25 09:06:24,16024.655717954824,-344.0
C51580,1a516c64-e0c1-41ab-9975-71487d6bd5a6,11,-22.88717,-43.34339,-22.908331,-43.189449,2019-01-25 09:00:40,2019-01-25 09:06:48,15943.204053099094,-368.0
C51580,1a516c64-e0c1-41ab-9975-71487d6bd5a6,12,-22.88579,-43.34209,-22.908331,-43.189449,2019-01-25 09:00:40,2019-01-25 09:07:17,15835.152950516811,-397.0
C51580,1a516c64-e0c1-41ab-9975-71487d6bd5a6,13,-22.88283,-43.34025,-22.908331,-43.189449,2019-01-25 09:00:40,2019-01-25 09:08:34,15705.322959029063,-474.0
C51580,1a516c64-e0c1-41ab-9975-71487d6bd5a6,14,-22.882534,-43.33687,-22.908331,-43.189449,2019-01-25 09:00:40,2019-01-25 09:09:23,15371.035967568812,-523.0
C51580,1a516c64-e0c1-41ab-9975-71487d6bd5a6,15,-22.882382,-43.333901,-22.908331,-43.189449,2019-01-25 09:00:40,2019-01-25 09:10:06,15075.59115460911,-566.0
C51580,1a516c64-e0c1-41ab-9975-71487d6bd5a6,16,-22.882138,-43.331007,-22.908331,-43.189449,2019-01-25 09:00:40,2019-01-25 09:10:54,14790.066299884564,-614.0
C51580,1a516c64-e0c1-41ab-9975-71487d6bd5a6,17,-22.88256,-43.32373,-22.908331,-43.189449,2019-01-25 09:00:40,2019-01-25 09:12:35,14050.345074180852,-715.0
C51580,1a516c64-e0c1-41ab-9975-71487d6bd5a6,18,-22.88284,-43.3224,-22.908331,-43.189449,2019-01-25 09:00:40,2019-01-25 09:12:55,13910.607240453865,-735.0
C51580,1a516c64-e0c1-41ab-9975-71487d6bd5a6,19,-22.8835,-43.32058,-22.908331,-43.189449,2019-01-25 09:00:40,2019-01-25 09:13:23,13713.143695861518,-763.0
C51580,1a516c64-e0c1-41ab-9975-71487d6bd5a6,20,-22.88445,-43.31751,-22.908331,-43.189449,2019-01-25 09:00:40,2019-01-25 09:14:10,13383.857026026462,-810.0
C51580,1a516c64-e0c1-41ab-9975-71487d6bd5a6,21,-22.884744,-43.316116,-22.908331,-43.189449,2019-01-25 09:00:40,2019-01-25 09:14:31,13237.403548020686,-831.0
C51580,1a516c64-e0c1-41ab-9975-71487d6bd5a6,22,-22.88498,-43.31429,-22.908331,-43.189449,2019-01-25 09:00:40,2019-01-25 09:14:57,13048.862255702066,-857.0
C51580,1a516c64-e0c1-41ab-9975-71487d6bd5a6,23,-22.885103,-43.311568,-22.908331,-43.189449,2019-01-25 09:00:40,2019-01-25 09:15:36,12772.955811336593,-896.0
C51580,1a516c64-e0c1-41ab-9975-71487d6bd5a6,24,-22.88562,-43.30967,-22.908331,-43.189449,2019-01-25 09:00:40,2019-01-25 09:16:06,12570.916954652874,-926.0
C51580,1a516c64-e0c1-41ab-9975-71487d6bd5a6,25,-22.88672,-43.306443,-22.908331,-43.189449,2019-01-25 09:00:40,2019-01-25 09:16:55,12222.60047948798,-975.0
C51580,1a516c64-e0c1-41ab-9975-71487d6bd5a6,26,-22.88646,-43.30281,-22.908331,-43.189449,2019-01-25 09:00:40,2019-01-25 09:17:49,11863.853741466519,-1029.0
C51580,1a516c64-e0c1-41ab-9975-71487d6bd5a6,27,-22.88548,-43.30031,-22.908331,-43.189449,2019-01-25 09:00:40,2019-01-25 09:18:30,11636.675140385525,-1070.0
C51580,1a516c64-e0c1-41ab-9975-71487d6bd5a6,28,-22.884601,-43.297845,-22.908331,-43.189449,2019-01-25 09:00:40,2019-01-25 09:19:09,11412.639094375705,-1109.0
C51580,1a516c64-e0c1-41ab-9975-71487d6bd5a6,29,-22.88341,-43.29648,-22.908331,-43.189449,2019-01-25 09:00:40,2019-01-25 09:19:36,11308.419838738724,-1136.0
C51580,1a516c64-e0c1-41ab-9975-71487d6bd5a6,30,-22.88182,-43.29431,-22.908331,-43.189449,2019-01-25 09:00:40,2019-01-25 09:20:17,11138.590033997978,-1177.0
C51580,1a516c64-e0c1-41ab-9975-71487d6bd5a6,31,-22.8842,-43.29133,-22.908331,-43.189449,2019-01-25 09:00:40,2019-01-25 09:21:21,10775.50229508255,-1241.0
C51580,1a516c64-e0c1-41ab-9975-71487d6bd5a6,32,-22.885668,-43.290084,-22.908331,-43.189449,2019-01-25 09:00:40,2019-01-25 09:21:55,10611.94008377852,-1275.0
C51580,1a516c64-e0c1-41ab-9975-71487d6bd5a6,33,-22.88744,-43.2864,-22.908331,-43.189449,2019-01-25 09:00:40,2019-01-25 09:22:50,10199.024389627302,-1330.0
C51580,1a516c64-e0c1-41ab-9975-71487d6bd5a6,34,-22.887738,-43.283511,-22.908331,-43.189449,2019-01-25 09:00:40,2019-01-25 09:23:26,9903.37912767333,-1366.0
C51580,1a516c64-e0c1-41ab-9975-71487d6bd5a6,35,-22.887155,-43.280679,-22.908331,-43.189449,2019-01-25 09:00:40,2019-01-25 09:24:12,9637.038118683255,-1412.0
C51580,1a516c64-e0c1-41ab-9975-71487d6bd5a6,36,-22.88591,-43.27898,-22.908331,-43.189449,2019-01-25 09:00:40,2019-01-25 09:24:45,9503.789251502536,-1445.0
C51580,1a516c64-e0c1-41ab-9975-71487d6bd5a6,37,-22.88441,-43.27719,-22.908331,-43.189449,2019-01-25 09:00:40,2019-01-25 09:25:20,9372.988292275017,-1480.0
C51580,1a516c64-e0c1-41ab-9975-71487d6bd5a6,38,-22.8822,-43.2754,-22.908331,-43.189449,2019-01-25 09:00:40,2019-01-25 09:26:03,9271.438822410766,-1523.0
C51580,1a516c64-e0c1-41ab-9975-71487d6bd5a6,39,-22.881083,-43.272751,-22.908331,-43.189449,2019-01-25 09:00:40,2019-01-25 09:26:47,9054.993095378575,-1567.0
C51580,1a516c64-e0c1-41ab-9975-71487d6bd5a6,40,-22.878863,-43.265859,-22.908331,-43.189449,2019-01-25 09:00:40,2019-01-25 09:28:33,8485.323820790158,-1673.0
C51580,1a516c64-e0c1-41ab-9975-71487d6bd5a6,41,-22.87833,-43.26397,-22.908331,-43.189449,2019-01-25 09:00:40,2019-01-25 09:29:05,8330.73697779669,-1705.0
C51580,1a516c64-e0c1-41ab-9975-71487d6bd5a6,42,-22.878337,-43.261822,-22.908331,-43.189449,2019-01-25 09:00:40,2019-01-25 09:29:36,8129.273702899102,-1736.0
C51580,1a516c64-e0c1-41ab-9975-71487d6bd5a6,43,-22.880394,-43.259223,-22.908331,-43.189449,2019-01-25 09:00:40,2019-01-25 09:30:31,7793.22384494832,-1791.0
C51580,1a516c64-e0c1-41ab-9975-71487d6bd5a6,44,-22.882581,-43.254845,-22.908331,-43.189449,2019-01-25 09:00:40,2019-01-25 09:31:43,7285.079576732625,-1863.0
C51580,1a516c64-e0c1-41ab-9975-71487d6bd5a6,45,-22.88517,-43.25266,-22.908331,-43.189449,2019-01-25 09:00:40,2019-01-25 09:32:34,6968.308982922826,-1914.0
C51580,1a516c64-e0c1-41ab-9975-71487d6bd5a6,46,-22.886927,-43.250822,-22.908331,-43.189449,2019-01-25 09:00:40,2019-01-25 09:33:12,6722.054924526609,-1952.0
C51580,1a516c64-e0c1-41ab-9975-71487d6bd5a6,47,-22.890046,-43.244457,-22.908331,-43.189449,2019-01-25 09:00:40,2019-01-25 09:35:12,5990.178043337863,-2072.0
C51580,1a516c64-e0c1-41ab-9975-71487d6bd5a6,48,-22.890765,-43.242335,-22.908331,-43.189449,2019-01-25 09:00:40,2019-01-25 09:35:43,5758.571792852792,-2103.0
C51580,1a516c64-e0c1-41ab-9975-71487d6bd5a6,49,-22.891768,-43.240794,-22.908331,-43.189449,2019-01-25 09:00:40,2019-01-25 09:36:07,5572.471514958568,-2127.0
C51580,1a516c64-e0c1-41ab-9975-71487d6bd5a6,50,-22.89495,-43.24279,-22.908331,-43.189449,2019-01-25 09:00:40,2019-01-25 09:37:23,5662.685718090207,-2203.0
C51580,1a516c64-e0c1-41ab-9975-71487d6bd5a6,51,-22.897995,-43.241305,-22.908331,-43.189449,2019-01-25 09:00:40,2019-01-25 09:38:34,5434.4669026408465,-2274.0
C51580,1a516c64-e0c1-41ab-9975-71487d6bd5a6,52,-22.90138,-43.241176,-22.908331,-43.189449,2019-01-25 09:00:40,2019-01-25 09:39:34,5354.346094365496,-2334.0
C51580,1a516c64-e0c1-41ab-9975-71487d6bd5a6,53,-22.90591,-43.23964,-22.908331,-43.189449,2019-01-25 09:00:40,2019-01-25 09:40:47,5147.895211509487,-2407.0
C51580,1a516c64-e0c1-41ab-9975-71487d6bd5a6,54,-22.907884,-43.236917,-22.908331,-43.189449,2019-01-25 09:00:40,2019-01-25 09:41:37,4862.1648862611455,-2457.0
C51580,1a516c64-e0c1-41ab-9975-71487d6bd5a6,55,-22.908756,-43.234655,-22.908331,-43.189449,2019-01-25 09:00:40,2019-01-25 09:42:09,4630.451704482297,-2489.0
C51580,1a516c64-e0c1-41ab-9975-71487d6bd5a6,56,-22.908374,-43.231002,-22.908331,-43.189449,2019-01-25 09:00:40,2019-01-25 09:43:06,4256.061835039328,-2546.0
C51580,1a516c64-e0c1-41ab-9975-71487d6bd5a6,57,-22.90931,-43.22631,-22.908331,-43.189449,2019-01-25 09:00:40,2019-01-25 09:44:27,3777.037872899566,-2627.0
C51580,1a516c64-e0c1-41ab-9975-71487d6bd5a6,58,-22.909238,-43.222916,-22.908331,-43.189449,2019-01-25 09:00:40,2019-01-25 09:45:17,3429.324356360131,-2677.0
C51580,1a516c64-e0c1-41ab-9975-71487d6bd5a6,59,-22.906357,-43.220639,-22.908331,-43.189449,2019-01-25 09:00:40,2019-01-25 09:46:14,3202.1861543395694,-2734.0
C51580,1a516c64-e0c1-41ab-9975-71487d6bd5a6,60,-22.904907,-43.218901,-22.908331,-43.189449,2019-01-25 09:00:40,2019-01-25 09:47:00,3040.585896595568,-2780.0
C51580,1a516c64-e0c1-41ab-9975-71487d6bd5a6,61,-22.90411,-43.21611,-22.908331,-43.189449,2019-01-25 09:00:40,2019-01-25 09:47:45,2770.8328987067375,-2825.0
C51580,1a516c64-e0c1-41ab-9975-71487d6bd5a6,62,-22.90341,-43.21449,-22.908331,-43.189449,2019-01-25 09:00:40,2019-01-25 09:48:11,2622.586716704663,-2851.0
C51580,1a516c64-e0c1-41ab-9975-71487d6bd5a6,63,-22.902025,-43.210979,-22.908331,-43.189449,2019-01-25 09:00:40,2019-01-25 09:49:06,2314.0525006760045,-2906.0
C51580,1a516c64-e0c1-41ab-9975-71487d6bd5a6,64,-22.908498,-43.209965,-22.908331,-43.189449,2019-01-25 09:00:40,2019-01-25 09:50:52,2101.4289973441737,-3012.0
C51580,1a516c64-e0c1-41ab-9975-71487d6bd5a6,65,-22.91013,-43.205583,-22.908331,-43.189449,2019-01-25 09:00:40,2019-01-25 09:52:26,1664.5751421898403,-3106.0
C51580,1a516c64-e0c1-41ab-9975-71487d6bd5a6,66,-22.908619,-43.201048,-22.908331,-43.189449,2019-01-25 09:00:40,2019-01-25 09:53:35,1188.4561255430153,-3175.0
C51580,1a516c64-e0c1-41ab-9975-71487d6bd5a6,67,-22.90623,-43.193405,-22.908331,-43.189449,2019-01-25 09:00:40,2019-01-25 09:55:32,467.72025212084736,-3292.0
C51580,1a516c64-e0c1-41ab-9975-71487d6bd5a6,68,-22.905052,-43.189782,-22.908331,-43.189449,2019-01-25 09:00:40,2019-01-25 09:56:27,366.2000295040069,-3347.0
C51580,1a516c64-e0c1-41ab-9975-71487d6bd5a6,69,-22.903332,-43.184461,-22.908331,-43.189449,2019-01-25 09:00:40,2019-01-25 09:57:48,754.9885077488126,-3428.0
C51580,1a516c64-e0c1-41ab-9975-71487d6bd5a6,70,-22.905593,-43.182786,-22.908331,-43.189449,2019-01-25 09:00:40,2019-01-25 09:58:41,747.2934556174012,-3481.0
C51580,1a516c64-e0c1-41ab-9975-71487d6bd5a6,71,-22.90723,-43.18272,-22.908331,-43.189449,2019-01-25 09:00:40,2019-01-25 09:59:17,700.0083696417029,-3517.0
C51580,1a516c64-e0c1-41ab-9975-71487d6bd5a6,72,-22.90879,-43.18819,-22.908331,-43.189449,2019-01-25 09:00:40,2019-01-25 10:00:40,138.68567506501716,-3600.0
C51599,1a516c64-e0c1-41ab-9975-71487d6bd5a6,0,-22.901318,-43.347259,-22.901131,-43.34705,2019-01-25 13:16:00,2019-01-25 13:16:00,29.844035796231047,0.0
C51599,1a516c64-e0c1-41ab-9975-71487d6bd5a6,1,-22.90189,-43.34779,-22.901131,-43.34705,2019-01-25 13:16:00,2019-01-25 13:16:11,113.43814393499648,-11.0
C51599,1a516c64-e0c1-41ab-9975-71487d6bd5a6,2,-22.900466,-43.349828,-22.901131,-43.34705,2019-01-25 13:16:00,2019-01-25 13:16:51,294.00284384912504,-51.0
C51599,1a516c64-e0c1-41ab-9975-71487d6bd5a6,3,-22.89911,-43.35167,-22.901131,-43.34705,2019-01-25 13:16:00,2019-01-25 13:17:25,523.8791074427494,-85.0
C51599,1a516c64-e0c1-41ab-9975-71487d6bd5a6,4,-22.898012,-43.352228,-22.901131,-43.34705,2019-01-25 13:16:00,2019-01-25 13:17:52,633.7157978056139,-112.0
C51599,1a516c64-e0c1-41ab-9975-71487d6bd5a6,5,-22.89818,-43.350146,-22.901131,-43.34705,2019-01-25 13:16:00,2019-01-25 13:18:36,456.336844473882,-156.0
C51599,1a516c64-e0c1-41ab-9975-71487d6bd5a6,6,-22.896967,-43.348397,-22.901131,-43.34705,2019-01-25 13:16:00,2019-01-25 13:19:12,483.1364336950603,-192.0
C51599,1a516c64-e0c1-41ab-9975-71487d6bd5a6,7,-22.8954,-43.34742,-22.901131,-43.34705,2019-01-25 13:16:00,2019-01-25 13:19:40,638.384153903798,-220.0
C51599,1a516c64-e0c1-41ab-9975-71487d6bd5a6,8,-22.89369,-43.34688,-22.901131,-43.34705,2019-01-25 13:16:00,2019-01-25 13:20:08,827.5846739004176,-248.0
C51599,1a516c64-e0c1-41ab-9975-71487d6bd5a6,9,-22.890381,-43.34553,-22.901131,-43.34705,2019-01-25 13:16:00,2019-01-25 13:21:09,1205.4432078123723,-309.0
C51599,1a516c64-e0c1-41ab-9975-71487d6bd5a6,10,-22.88842,-43.34439,-22.901131,-43.34705,2019-01-25 13:16:00,2019-01-25 13:21:44,1439.423432739629,-344.0
C51599,1a516c64-e0c1-41ab-9975-71487d6bd5a6,11,-22.88717,-43.34339,-22.901131,-43.34705,2019-01-25 13:16:00,2019-01-25 13:22:08,1597.0230721611315,-368.0
C51599,1a516c64-e0c1-41ab-9975-71487d6bd5a6,12,-22.88579,-43.34209,-22.901131,-43.34705,2019-01-25 13:16:00,2019-01-25 13:22:37,1779.8997371259914,-397.0
C51599,1a516c64-e0c1-41ab-9975-71487d6bd5a6,13,-22.88283,-43.34025,-22.901131,-43.34705,2019-01-25 13:16:00,2019-01-25 13:23:54,2150.8953404698173,-474.0
C51599,1a516c64-e0c1-41ab-9975-71487d6bd5a6,14,-22.882534,-43.33687,-22.901131,-43.34705,2019-01-25 13:16:00,2019-01-25 13:24:43,2315.952074683757,-523.0
C51599,1a516c64-e0c1-41ab-9975-71487d6bd5a6,15,-22.882382,-43.333901,-22.901131,-43.34705,2019-01-25 13:16:00,2019-01-25 13:25:26,2482.06287886271,-566.0
C51599,1a516c64-e0c1-41ab-9975-71487d6bd5a6,16,-22.882138,-43.331007,-22.901131,-43.34705,2019-01-25 13:16:00,2019-01-25 13:26:14,2676.005503110419,-614.0
C51599,1a516c64-e0c1-41ab-9975-71487d6bd5a6,17,-22.88256,-43.32373,-22.901131,-43.34705,2019-01-25 13:16:00,2019-01-25 13:27:55,3157.6534407270406,-715.0
C51599,1a516c64-e0c1-41ab-9975-71487d6bd5a6,18,-22.88284,-43.3224,-22.901131,-43.34705,2019-01-25 13:16:00,2019-01-25 13:28:15,3242.3179330118023,-735.0
C51599,1a516c64-e0c1-41ab-9975-71487d6bd5a6,19,-22.8835,-43.32058,-22.901131,-43.34705,2019-01-25 13:16:00,2019-01-25 13:28:43,3346.0032067552506,-763.0
C51599,1a516c64-e0c1-41ab-9975-71487d6bd5a6,20,-22.88445,-43.31751,-22.901131,-43.34705,2019-01-25 13:16:00,2019-01-25 13:29:30,3549.2219363009676,-810.0
C51599,1a516c64-e0c1-41ab-9975-71487d6bd5a6,21,-22.884744,-43.316116,-22.901131,-43.34705,2019-01-25 13:16:00,2019-01-25 13:29:51,3655.3164191658593,-831.0
C51599,1a516c64-e0c1-41ab-9975-71487d6bd5a6,22,-22.88498,-43.31429,-22.901131,-43.34705,2019-01-25 13:16:00,2019-01-25 13:30:17,3806.1517617915506,-857.0
C51599,1a516c64-e0c1-41ab-9975-71487d6bd5a6,23,-22.885103,-43.311568,-22.901131,-43.34705,2019-01-25 13:16:00,2019-01-25 13:30:56,4048.086588713429,-896.0
C51599,1a516c64-e0c1-41ab-9975-71487d6bd5a6,24,-22.88562,-43.30967,-22.901131,-43.34705,2019-01-25 13:16:00,2019-01-25 13:31:26,4199.5794784176105,-926.0
C51599,1a516c64-e0c1-41ab-9975-71487d6bd5a6,25,-22.88672,-43.306443,-22.901131,-43.34705,2019-01-25 13:16:00,2019-01-25 13:32:15,4457.591073430961,-975.0
C51599,1a516c64-e0c1-41ab-9975-71487d6bd5a6,26,-22.88646,-43.30281,-22.901131,-43.34705,2019-01-25 13:16:00,2019-01-25 13:33:09,4816.443773287501,-1029.0
C51599,1a516c64-e0c1-41ab-9975-71487d6bd5a6,27,-22.88548,-43.30031,-22.901131,-43.34705,2019-01-25 13:16:00,2019-01-25 13:33:50,5094.346269709811,-1070.0
C51599,1a516c64-e0c1-41ab-9975-71487d6bd5a6,28,-22.884601,-43.297845,-22.901131,-43.34705,2019-01-25 13:16:00,2019-01-25 13:34:29,5365.068608594255,-1109.0
C51599,1a516c64-e0c1-41ab-9975-71487d6bd5a6,29,-22.88341,-43.29648,-22.901131,-43.34705,2019-01-25 13:16:00,2019-01-25 13:34:56,5542.353125395807,-1136.0
C51599,1a516c64-e0c1-41ab-9975-71487d6bd5a6,30,-22.88182,-43.29431,-22.901131,-43.34705,2019-01-25 13:16:00,2019-01-25 13:35:37,5813.64478818413,-1177.0
C51599,1a516c64-e0c1-41ab-9975-71487d6bd5a6,31,-22.8842,-43.29133,-22.901131,-43.34705,2019-01-25 13:16:00,2019-01-25 13:36:41,6010.241058968604,-1241.0
C51599,1a516c64-e0c1-41ab-9975-71487d6bd5a6,32,-22.885668,-43.290084,-22.901131,-43.34705,2019-01-25 13:16:00,2019-01-25 13:37:15,6083.418313973778,-1275.0
C51599,1a516c64-e0c1-41ab-9975-71487d6bd5a6,33,-22.88744,-43.2864,-22.901131,-43.34705,2019-01-25 13:16:00,2019-01-25 13:38:10,6396.513216206907,-1330.0
C51599,1a516c64-e0c1-41ab-9975-71487d6bd5a6,34,-22.887738,-43.283511,-22.901131,-43.34705,2019-01-25 13:16:00,2019-01-25 13:38:46,6676.840829154744,-1366.0
C51599,1a516c64-e0c1-41ab-9975-71487d6bd5a6,35,-22.887155,-43.280679,-22.901131,-43.34705,2019-01-25 13:16:00,2019-01-25 13:39:32,6974.10330399672,-1412.0
C51599,1a516c64-e0c1-41ab-9975-71487d6bd5a6,36,-22.88591,-43.27898,-22.901131,-43.34705,2019-01-25 13:16:00,2019-01-25 13:40:05,7175.289576928841,-1445.0
C51599,1a516c64-e0c1-41ab-9975-71487d6bd5a6,37,-22.88441,-43.27719,-22.901131,-43.34705,2019-01-25 13:16:00,2019-01-25 13:40:40,7393.812192366439,-1480.0
C51599,1a516c64-e0c1-41ab-9975-71487d6bd5a6,38,-22.8822,-43.2754,-22.901131,-43.34705,2019-01-25 13:16:00,2019-01-25 13:41:23,7635.542147037006,-1523.0
C51599,1a516c64-e0c1-41ab-9975-71487d6bd5a6,39,-22.881083,-43.272751,-22.901131,-43.34705,2019-01-25 13:16:00,2019-01-25 13:42:07,7930.780203786391,-1567.0
C51599,1a516c64-e0c1-41ab-9975-71487d6bd5a6,40,-22.878863,-43.265859,-22.901131,-43.34705,2019-01-25 13:16:00,2019-01-25 13:43:53,8677.854983790266,-1673.0
C51599,1a516c64-e0c1-41ab-9975-71487d6bd5a6,41,-22.87833,-43.26397,-22.901131,-43.34705,2019-01-25 13:16:00,2019-01-25 13:44:25,8880.244256066591,-1705.0
C51599,1a516c64-e0c1-41ab-9975-71487d6bd5a6,42,-22.878337,-43.261822,-22.901131,-43.34705,2019-01-25 13:16:00,2019-01-25 13:44:56,9091.124166097863,-1736.0
C51599,1a516c64-e0c1-41ab-9975-71487d6bd5a6,43,-22.880394,-43.259223,-22.901131,-43.34705,2019-01-25 13:16:00,2019-01-25 13:45:51,9287.622611480818,-1791.0
C51599,1a516c64-e0c1-41ab-9975-71487d6bd5a6,44,-22.882581,-43.254845,-22.901131,-43.34705,2019-01-25 13:16:00,2019-01-25 13:47:03,9667.831562823894,-1863.0
C51599,1a516c64-e0c1-41ab-9975-71487d6bd5a6,45,-22.88517,-43.25266,-22.901131,-43.34705,2019-01-25 13:16:00,2019-01-25 13:47:54,9830.498924914551,-1914.0
C51599,1a516c64-e0c1-41ab-9975-71487d6bd5a6,46,-22.886927,-43.250822,-22.901131,-43.34705,2019-01-25 13:16:00,2019-01-25 13:48:32,9982.910264690065,-1952.0
C51599,1a516c64-e0c1-41ab-9975-71487d6bd5a6,47,-22.890046,-43.244457,-22.901131,-43.34705,2019-01-25 13:16:00,2019-01-25 13:50:32,10581.09781036093,-2072.0
C51599,1a516c64-e0c1-41ab-9975-71487d6bd5a6,48,-22.890765,-43.242335,-22.901131,-43.34705,2019-01-25 13:16:00,2019-01-25 13:51:03,10788.15064720184,-2103.0
C51599,1a516c64-e0c1-41ab-9975-71487d6bd5a6,49,-22.891768,-43.240794,-22.901131,-43.34705,2019-01-25 13:16:00,2019-01-25 13:51:27,10933.8883957638,-2127.0
C51599,1a516c64-e0c1-41ab-9975-71487d6bd5a6,50,-22.89495,-43.24279,-22.901131,-43.34705,2019-01-25 13:16:00,2019-01-25 13:52:43,10701.717961536067,-2203.0
C51599,1a516c64-e0c1-41ab-9975-71487d6bd5a6,51,-22.897995,-43.241305,-22.901131,-43.34705,2019-01-25 13:16:00,2019-01-25 13:53:54,10837.227536903505,-2274.0
C51599,1a516c64-e0c1-41ab-9975-71487d6bd5a6,52,-22.90138,-43.241176,-22.901131,-43.34705,2019-01-25 13:16:00,2019-01-25 13:54:54,10844.72962330828,-2334.0
C51599,1a516c64-e0c1-41ab-9975-71487d6bd5a6,53,-22.90591,-43.23964,-22.901131,-43.34705,2019-01-25 13:16:00,2019-01-25 13:56:07,11014.669428092107,-2407.0
C51599,1a516c64-e0c1-41ab-9975-71487d6bd5a6,54,-22.907884,-43.236917,-22.901131,-43.34705,2019-01-25 13:16:00,2019-01-25 13:56:57,11305.638166988409,-2457.0
C51599,1a516c64-e0c1-41ab-9975-71487d6bd5a6,55,-22.908756,-43.234655,-22.901131,-43.34705,2019-01-25 13:16:00,2019-01-25 13:57:29,11543.50792495705,-2489.0
C51599,1a516c64-e0c1-41ab-9975-71487d6bd5a6,56,-22.908374,-43.231002,-22.901131,-43.34705,2019-01-25 13:16:00,2019-01-25 13:58:26,11913.7661586866,-2546.0
C51599,1a516c64-e0c1-41ab-9975-71487d6bd5a6,57,-22.90931,-43.22631,-22.901131,-43.34705,2019-01-25 13:16:00,2019-01-25 13:59:47,12400.455354596517,-2627.0
C51599,1a516c64-e0c1-41ab-9975-71487d6bd5a6,58,-22.909238,-43.222916,-22.901131,-43.34705,2019-01-25 13:16:00,2019-01-25 14:00:37,12746.617191005784,-2677.0
C51599,1a516c64-e0c1-41ab-9975-71487d6bd5a6,59,-22.906357,-43.220639,-22.901131,-43.34705,2019-01-25 13:16:00,2019-01-25 14:01:34,12961.098776329283,-2734.0
C51599,1a516c64-e0c1-41ab-9975-71487d6bd5a6,60,-22.904907,-43.218901,-22.901131,-43.34705,2019-01-25 13:16:00,2019-01-25 14:02:20,13132.86961701983,-2780.0
C51599,1a516c64-e0c1-41ab-9975-71487d6bd5a6,61,-22.90411,-43.21611,-22.901131,-43.34705,2019-01-25 13:16:00,2019-01-25 14:03:05,13416.164318285213,-2825.0
C51599,1a516c64-e0c1-41ab-9975-71487d6bd5a6,62,-22.90341,-43.21449,-22.901131,-43.34705,2019-01-25 13:16:00,2019-01-25 14:03:31,13580.409210101527,-2851.0
C51599,1a516c64-e0c1-41ab-9975-71487d6bd5a6,63,-22.902025,-43.210979,-22.901131,-43.34705,2019-01-25 13:16:00,2019-01-25 14:04:26,13938.099987343861,-2906.0
C51599,1a516c64-e0c1-41ab-9975-71487d6bd5a6,64,-22.908498,-43.209965,-22.901131,-43.34705,2019-01-25 13:16:00,2019-01-25 14:06:12,14065.149460242084,-3012.0
C51599,1a516c64-e0c1-41ab-9975-71487d6bd5a6,65,-22.91013,-43.205583,-22.901131,-43.34705,2019-01-25 13:16:00,2019-01-25 14:07:46,14524.53422074119,-3106.0
C51599,1a516c64-e0c1-41ab-9975-71487d6bd5a6,66,-22.908619,-43.201048,-22.901131,-43.34705,2019-01-25 13:16:00,2019-01-25 14:08:55,14977.774794377905,-3175.0
C51599,1a516c64-e0c1-41ab-9975-71487d6bd5a6,67,-22.90623,-43.193405,-22.901131,-43.34705,2019-01-25 13:16:00,2019-01-25 14:10:52,15747.81536770704,-3292.0
C51599,1a516c64-e0c1-41ab-9975-71487d6bd5a6,68,-22.905052,-43.189782,-22.901131,-43.34705,2019-01-25 13:16:00,2019-01-25 14:11:47,16114.672313424437,-3347.0
C51599,1a516c64-e0c1-41ab-9975-71487d6bd5a6,69,-22.903332,-43.184461,-22.901131,-43.34705,2019-01-25 13:16:00,2019-01-25 14:13:08,16655.700564382292,-3428.0
C51599,1a516c64-e0c1-41ab-9975-71487d6bd5a6,70,-22.905593,-43.182786,-22.901131,-43.34705,2019-01-25 13:16:00,2019-01-25 14:14:01,16832.64517773885,-3481.0
C51599,1a516c64-e0c1-41ab-9975-71487d6bd5a6,71,-22.90723,-43.18272,-22.901131,-43.34705,2019-01-25 13:16:00,2019-01-25 14:14:37,16845.64679679364,-3517.0
C51599,1a516c64-e0c1-41ab-9975-71487d6bd5a6,72,-22.90879,-43.18819,-22.901131,-43.34705,2019-01-25 13:16:00,2019-01-25 14:16:00,16293.887352511334,-3600.0
C51641,1a516c64-e0c1-41ab-9975-71487d6bd5a6,0,-22.901318,-43.347259,-22.884029,-43.34251,2019-01-25 08:56:37,2019-01-25 08:56:37,1983.0444457179472,0.0
C51641,1a516c64-e0c1-41ab-9975-71487d6bd5a6,1,-22.90189,-43.34779,-22.884029,-43.34251,2019-01-25 08:56:37,2019-01-25 08:56:48,2058.3826857261133,-11.0
C51641,1a516c64-e0c1-41ab-9975-71487d6bd5a6,2,-22.900466,-43.349828,-22.884029,-43.34251,2019-01-25 08:56:37,2019-01-25 08:57:28,1975.4692048946415,-51.0
C51641,1a516c64-e0c1-41ab-9975-71487d6bd5a6,3,-22.89911,-43.35167,-22.884029,-43.34251,2019-01-25 08:56:37,2019-01-25 08:58:02,1921.6022427175235,-85.0
C51641,1a516c64-e0c1-41ab-9975-71487d6bd5a6,4,-22.898012,-43.352228,-22.884029,-43.34251,2019-01-25 08:56:37,2019-01-25 08:58:29,1846.219665570709,-112.0
C51641,1a516c64-e0c1-41ab-9975-71487d6bd5a6,5,-22.89818,-43.350146,-22.884029,-43.34251,2019-01-25 08:56:37,2019-01-25 08:59:13,1757.2206482715337,-156.0
C51641,1a516c64-e0c1-41ab-9975-71487d6bd5a6,6,-22.896967,-43.348397,-22.884029,-43.34251,2019-01-25 08:56:37,2019-01-25 08:59:49,1559.9229202109448,-192.0
C51641,1a516c64-e0c1-41ab-9975-71487d6bd5a6,7,-22.8954,-43.34742,-22.884029,-43.34251,2019-01-25 08:56:37,2019-01-25 09:00:17,1360.7663135164523,-220.0
C51641,1a516c64-e0c1-41ab-9975-71487d6bd5a6,8,-22.89369,-43.34688,-22.884029,-43.34251,2019-01-25 08:56:37,2019-01-25 09:00:45,1163.7965013122541,-248.0
C51641,1a516c64-e0c1-41ab-9975-71487d6bd5a6,9,-22.890381,-43.34553,-22.884029,-43.34251,2019-01-25 08:56:37,2019-01-25 09:01:46,771.0931317059883,-309.0
C51641,1a516c64-e0c1-41ab-9975-71487d6bd5a6,10,-22.88842,-43.34439,-22.884029,-43.34251,2019-01-25 08:56:37,2019-01-25 09:02:21,524.8673833596724,-344.0
C51641,1a516c64-e0c1-41ab-9975-71487d6bd5a6,11,-22.88717,-43.34339,-22.884029,-43.34251,2019-01-25 08:56:37,2019-01-25 09:02:45,360.7099463701907,-368.0
C51641,1a516c64-e0c1-41ab-9975-71487d6bd5a6,12,-22.88579,-43.34209,-22.884029,-43.34251,2019-01-25 08:56:37,2019-01-25 09:03:14,200.48554005505412,-397.0
C51641,1a516c64-e0c1-41ab-9975-71487d6bd5a6,13,-22.88283,-43.34025,-22.884029,-43.34251,2019-01-25 08:56:37,2019-01-25 09:04:31,267.1660289708045,-474.0
C51641,1a516c64-e0c1-41ab-9975-71487d6bd5a6,14,-22.882534,-43.33687,-22.884029,-43.34251,2019-01-25 08:56:37,2019-01-25 09:05:20,601.2217126595774,-523.0
C51641,1a516c64-e0c1-41ab-9975-71487d6bd5a6,15,-22.882382,-43.333901,-22.884029,-43.34251,2019-01-25 08:56:37,2019-01-25 09:06:03,900.7528534506305,-566.0
C51641,1a516c64-e0c1-41ab-9975-71487d6bd5a6,16,-22.882138,-43.331007,-22.884029,-43.34251,2019-01-25 08:56:37,2019-01-25 09:06:51,1197.0250454731236,-614.0
C51641,1a516c64-e0c1-41ab-9975-71487d6bd5a6,17,-22.88256,-43.32373,-22.884029,-43.34251,2019-01-25 08:56:37,2019-01-25 09:08:32,1930.8155612094913,-715.0
C51641,1a516c64-e0c1-41ab-9975-71487d6bd5a6,18,-22.88284,-43.3224,-22.884029,-43.34251,2019-01-25 08:56:37,2019-01-25 09:08:52,2064.379776126871,-735.0
C51641,1a516c64-e0c1-41ab-9975-71487d6bd5a6,19,-22.8835,-43.32058,-22.884029,-43.34251,2019-01-25 08:56:37,2019-01-25 09:09:20,2247.3536997747888,-763.0
C51641,1a516c64-e0c1-41ab-9975-71487d6bd5a6,20,-22.88445,-43.31751,-22.884029,-43.34251,2019-01-25 08:56:37,2019-01-25 09:10:07,2561.503844768494,-810.0
C51641,1a516c64-e0c1-41ab-9975-71487d6bd5a6,21,-22.884744,-43.316116,-22.884029,-43.34251,2019-01-25 08:56:37,2019-01-25 09:10:28,2705.0473254317003,-831.0
C51641,1a516c64-e0c1-41ab-9975-71487d6bd5a6,22,-22.88498,-43.31429,-22.884029,-43.34251,2019-01-25 08:56:37,2019-01-25 09:10:54,2892.8703691195947,-857.0
C51641,1a516c64-e0c1-41ab-9975-71487d6bd5a6,23,-22.885103,-43.311568,-22.884029,-43.34251,2019-01-25 08:56:37,2019-01-25 09:11:33,3172.0338387399484,-896.0
C51641,1a516c64-e0c1-41ab-9975-71487d6bd5a6,24,-22.88562,-43.30967,-22.884029,-43.34251,2019-01-25 08:56:37,2019-01-25 09:12:03,3368.8633112199573,-926.0
C51641,1a516c64-e0c1-41ab-9975-71487d6bd5a6,25,-22.88672,-43.306443,-22.884029,-43.34251,2019-01-25 08:56:37,2019-01-25 09:12:52,3706.879015802733,-975.0
C51641,1a516c64-e0c1-41ab-9975-71487d6bd5a6,26,-22.88646,-43.30281,-22.884029,-43.34251,2019-01-25 08:56:37,2019-01-25 09:13:46,4075.932119798299,-1029.0
C51641,1a516c64-e0c1-41ab-9975-71487d6bd5a6,27,-22.88548,-43.30031,-22.884029,-43.34251,2019-01-25 08:56:37,2019-01-25 09:14:27,4326.089693860319,-1070.0
C51641,1a516c64-e0c1-41ab-9975-71487d6bd5a6,28,-22.884601,-43.297845,-22.884029,-43.34251,2019-01-25 08:56:37,2019-01-25 09:15:06,4576.057936342449,-1109.0
C51641,1a516c64-e0c1-41ab-9975-71487d6bd5a6,29,-22.88341,-43.29648,-22.884029,-43.34251,2019-01-25 08:56:37,2019-01-25 09:15:33,4715.973566806864,-1136.0
C51641,1a516c64-e0c1-41ab-9975-71487d6bd5a6,30,-22.88182,-43.29431,-22.884029,-43.34251,2019-01-25 08:56:37,2019-01-25 09:16:14,4943.908034789951,-1177.0
C51641,1a516c64-e0c1-41ab-9975-71487d6bd5a6,31,-22.8842,-43.29133,-22.884029,-43.34251,2019-01-25 08:56:37,2019-01-25 09:17:18,5243.074156027133,-1241.0
C51641,1a516c64-e0c1-41ab-9975-71487d6bd5a6,32,-22.885668,-43.290084,-22.884029,-43.34251,2019-01-25 08:56:37,2019-01-25 09:17:52,5373.746113669537,-1275.0
C51641,1a516c64-e0c1-41ab-9975-71487d6bd5a6,33,-22.88744,-43.2864,-22.884029,-43.34251,2019-01-25 08:56:37,2019-01-25 09:18:47,5760.515826549787,-1330.0
C51641,1a516c64-e0c1-41ab-9975-71487d6bd5a6,34,-22.887738,-43.283511,-22.884029,-43.34251,2019-01-25 08:56:37,2019-01-25 09:19:23,6058.01865263992,-1366.0
C51641,1a516c64-e0c1-41ab-9975-71487d6bd5a6,35,-22.887155,-43.280679,-22.884029,-43.34251,2019-01-25 08:56:37,2019-01-25 09:20:09,6343.622859103103,-1412.0
C51641,1a516c64-e0c1-41ab-9975-71487d6bd5a6,36,-22.88591,-43.27898,-22.884029,-43.34251,2019-01-25 08:56:37,2019-01-25 09:20:42,6511.53144536225,-1445.0
C51641,1a516c64-e0c1-41ab-9975-71487d6bd5a6,37,-22.88441,-43.27719,-22.884029,-43.34251,2019-01-25 08:56:37,2019-01-25 09:21:17,6691.7145257117645,-1480.0
C51641,1a516c64-e0c1-41ab-9975-71487d6bd5a6,38,-22.8822,-43.2754,-22.884029,-43.34251,2019-01-25 08:56:37,2019-01-25 09:22:00,6878.016902043597,-1523.0
C51641,1a516c64-e0c1-41ab-9975-71487d6bd5a6,39,-22.881083,-43.272751,-22.884029,-43.34251,2019-01-25 08:56:37,2019-01-25 09:22:44,7153.916647805061,-1567.0
C51641,1a516c64-e0c1-41ab-9975-71487d6bd5a6,40,-22.878863,-43.265859,-22.884029,-43.34251,2019-01-25 08:56:37,2019-01-25 09:24:30,7873.505705485919,-1673.0
C51641,1a516c64-e0c1-41ab-9975-71487d6bd5a6,41,-22.87833,-43.26397,-22.884029,-43.34251,2019-01-25 08:56:37,2019-01-25 09:25:02,8070.973984146181,-1705.0
C51641,1a516c64-e0c1-41ab-9975-71487d6bd5a6,42,-22.878337,-43.261822,-22.884029,-43.34251,2019-01-25 08:56:37,2019-01-25 09:25:33,8290.30558767891,-1736.0
C51641,1a516c64-e0c1-41ab-9975-71487d6bd5a6,43,-22.880394,-43.259223,-22.884029,-43.34251,2019-01-25 08:56:37,2019-01-25 09:26:28,8541.869363517484,-1791.0
C51641,1a516c64-e0c1-41ab-9975-71487d6bd5a6,44,-22.882581,-43.254845,-22.884029,-43.34251,2019-01-25 08:56:37,2019-01-25 09:27:40,8982.17415887709,-1863.0
C51641,1a516c64-e0c1-41ab-9975-71487d6bd5a6,45,-22.88517,-43.25266,-22.884029,-43.34251,2019-01-25 08:56:37,2019-01-25 09:28:31,9205.357107346439,-1914.0
C51641,1a516c64-e0c1-41ab-9975-71487d6bd5a6,46,-22.886927,-43.250822,-22.884029,-43.34251,2019-01-25 08:56:37,2019-01-25 09:29:09,9398.237846332966,-1952.0
C51641,1a516c64-e0c1-41ab-9975-71487d6bd5a6,47,-22.890046,-43.244457,-22.884029,-43.34251,2019-01-25 08:56:37,2019-01-25 09:31:09,10066.898241020452,-2072.0
C51641,1a516c64-e0c1-41ab-9975-71487d6bd5a6,48,-22.890765,-43.242335,-22.884029,-43.34251,2019-01-25 08:56:37,2019-01-25 09:31:40,10289.291044717573,-2103.0
C51641,1a516c64-e0c1-41ab-9975-71487d6bd5a6,49,-22.891768,-43.240794,-22.884029,-43.34251,2019-01-25 08:56:37,2019-01-25 09:32:04,10455.28938011532,-2127.0
C51641,1a516c64-e0c1-41ab-9975-71487d6bd5a6,50,-22.89495,-43.24279,-22.884029,-43.34251,2019-01-25 08:56:37,2019-01-25 09:33:20,10287.15152835718,-2203.0
C51641,1a516c64-e0c1-41ab-9975-71487d6bd5a6,51,-22.897995,-43.241305,-22.884029,-43.34251,2019-01-25 08:56:37,2019-01-25 09:34:31,10482.89634584468,-2274.0
C51641,1a516c64-e0c1-41ab-9975-71487d6bd5a6,52,-22.90138,-43.241176,-22.884029,-43.34251,2019-01-25 08:56:37,2019-01-25 09:35:31,10558.092339287345,-2334.0
C51641,1a516c64-e0c1-41ab-9975-71487d6bd5a6,53,-22.90591,-43.23964,-22.884029,-43.34251,2019-01-25 08:56:37,2019-01-25 09:36:44,10814.7257579497,-2407.0
C51641,1a516c64-e0c1-41ab-9975-71487d6bd5a6,54,-22.907884,-43.236917,-22.884029,-43.34251,2019-01-25 08:56:37,2019-01-25 09:37:34,11136.836392422083,-2457.0
C51641,1a516c64-e0c1-41ab-9975-71487d6bd5a6,55,-22.908756,-43.234655,-22.884029,-43.34251,2019-01-25 08:56:37,2019-01-25 09:38:06,11385.00088678039,-2489.0
C51641,1a516c64-e0c1-41ab-9975-71487d6bd5a6,56,-22.908374,-43.231002,-22.884029,-43.34251,2019-01-25 08:56:37,2019-01-25 09:39:03,11738.610710026314,-2546.0
C51641,1a516c64-e0c1-41ab-9975-71487d6bd5a6,57,-22.90931,-43.22631,-22.884029,-43.34251,2019-01-25 08:56:37,2019-01-25 09:40:24,12230.2418353163,-2627.0
C51641,1a516c64-e0c1-41ab-9975-71487d6bd5a6,58,-22.909238,-43.222916,-22.884029,-43.34251,2019-01-25 08:56:37,2019-01-25 09:41:14,12567.062440717731,-2677.0
C51641,1a516c64-e0c1-41ab-9975-71487d6bd5a6,59,-22.906357,-43.220639,-22.884029,-43.34251,2019-01-25 08:56:37,2019-01-25 09:42:11,12728.317057044957,-2734.0
C51641,1a516c64-e0c1-41ab-9975-71487d6bd5a6,60,-22.904907,-43.218901,-22.884029,-43.34251,2019-01-25 08:56:37,2019-01-25 09:42:57,12872.990651145521,-2780.0
C51641,1a516c64-e0c1-41ab-9975-71487d6bd5a6,61,-22.90411,-43.21611,-22.884029,-43.34251,2019-01-25 08:56:37,2019-01-25 09:43:42,13138.987728466385,-2825.0
C51641,1a516c64-e0c1-41ab-9975-71487d6bd5a6,62,-22.90341,-43.21449,-22.884029,-43.34251,2019-01-25 08:56:37,2019-01-25 09:44:08,13289.739027837686,-2851.0
C51641,1a516c64-e0c1-41ab-9975-71487d6bd5a6,63,-22.902025,-43.210979,-22.884029,-43.34251,2019-01-25 08:56:37,2019-01-25 09:45:03,13621.349039863928,-2906.0
C51641,1a516c64-e0c1-41ab-9975-71487d6bd5a6,64,-22.908498,-43.209965,-22.884029,-43.34251,2019-01-25 08:56:37,2019-01-25 09:46:49,13847.05041643291,-3012.0
C51641,1a516c64-e0c1-41ab-9975-71487d6bd5a6,65,-22.91013,-43.205583,-22.884029,-43.34251,2019-01-25 08:56:37,2019-01-25 09:48:23,14323.021400509866,-3106.0
C51641,1a516c64-e0c1-41ab-9975-71487d6bd5a6,66,-22.908619,-43.201048,-22.884029,-43.34251,2019-01-25 08:56:37,2019-01-25 09:49:32,14746.222569995387,-3175.0
C51641,1a516c64-e0c1-41ab-9975-71487d6bd5a6,67,-22.90623,-43.193405,-22.884029,-43.34251,2019-01-25 08:56:37,2019-01-25 09:51:29,15471.758120451535,-3292.0
C51641,1a516c64-e0c1-41ab-9975-71487d6bd5a6,68,-22.905052,-43.189782,-22.884029,-43.34251,2019-01-25 08:56:37,2019-01-25 09:52:24,15818.415412419614,-3347.0
C51641,1a516c64-e0c1-41ab-9975-71487d6bd5a6,69,-22.903332,-43.184461,-22.884029,-43.34251,2019-01-25 08:56:37,2019-01-25 09:53:45,16331.553893376373,-3428.0
C51641,1a516c64-e0c1-41ab-9975-71487d6bd5a6,70,-22.905593,-43.182786,-22.884029,-43.34251,2019-01-25 08:56:37,2019-01-25 09:54:38,16536.106682674188,-3481.0
C51641,1a516c64-e0c1-41ab-9975-71487d6bd5a6,71,-22.90723,-43.18272,-22.884029,-43.34251,2019-01-25 08:56:37,2019-01-25 09:55:14,16570.061123709886,-3517.0
C51641,1a516c64-e0c1-41ab-9975-71487d6bd5a6,72,-22.90879,-43.18819,-22.884029,-43.34251,2019-01-25 08:56:37,2019-01-25 09:56:37,16045.578794270774,-3600.0
C51616,1a516c64-e0c1-41ab-9975-71487d6bd5a6,0,-22.901318,-43.347259,-22.89802,-43.350189,2019-01-25 08:57:37,2019-01-25 08:57:37,473.8761444631099,0.0
C51616,1a516c64-e0c1-41ab-9975-71487d6bd5a6,1,-22.90189,-43.34779,-22.89802,-43.350189,2019-01-25 08:57:37,2019-01-25 08:57:48,495.5436105897081,-11.0
C51616,1a516c64-e0c1-41ab-9975-71487d6bd5a6,2,-22.900466,-43.349828,-22.89802,-43.350189,2019-01-25 08:57:37,2019-01-25 08:58:28,274.4849717190799,-51.0
C51616,1a516c64-e0c1-41ab-9975-71487d6bd5a6,3,-22.89911,-43.35167,-22.89802,-43.350189,2019-01-25 08:57:37,2019-01-25 08:59:02,194.17408310936133,-85.0
C51616,1a516c64-e0c1-41ab-9975-71487d6bd5a6,4,-22.898012,-43.352228,-22.89802,-43.350189,2019-01-25 08:57:37,2019-01-25 08:59:29,208.86205101399392,-112.0
C51616,1a516c64-e0c1-41ab-9975-71487d6bd5a6,5,-22.89818,-43.350146,-22.89802,-43.350189,2019-01-25 08:57:37,2019-01-25 09:00:13,18.328308395815274,-156.0
C51616,1a516c64-e0c1-41ab-9975-71487d6bd5a6,6,-22.896967,-43.348397,-22.89802,-43.350189,2019-01-25 08:57:37,2019-01-25 09:00:49,217.72444540318008,-192.0
C51616,1a516c64-e0c1-41ab-9975-71487d6bd5a6,7,-22.8954,-43.34742,-22.89802,-43.350189,2019-01-25 08:57:37,2019-01-25 09:01:17,406.60115889818184,-220.0
C51616,1a516c64-e0c1-41ab-9975-71487d6bd5a6,8,-22.89369,-43.34688,-22.89802,-43.350189,2019-01-25 08:57:37,2019-01-25 09:01:45,588.8189393696488,-248.0
C51616,1a516c64-e0c1-41ab-9975-71487d6bd5a6,9,-22.890381,-43.34553,-22.89802,-43.350189,2019-01-25 08:57:37,2019-01-25 09:02:46,974.3078614550922,-309.0
C51616,1a516c64-e0c1-41ab-9975-71487d6bd5a6,10,-22.88842,-43.34439,-22.89802,-43.350189,2019-01-25 08:57:37,2019-01-25 09:03:21,1221.6235504787212,-344.0
C51616,1a516c64-e0c1-41ab-9975-71487d6bd5a6,11,-22.88717,-43.34339,-22.89802,-43.350189,2019-01-25 08:57:37,2019-01-25 09:03:45,1393.0629802750223,-368.0
C51616,1a516c64-e0c1-41ab-9975-71487d6bd5a6,12,-22.88579,-43.34209,-22.89802,-43.350189,2019-01-25 08:57:37,2019-01-25 09:04:14,1593.0057690181977,-397.0
C51616,1a516c64-e0c1-41ab-9975-71487d6bd5a6,13,-22.88283,-43.34025,-22.89802,-43.350189,2019-01-25 08:57:37,2019-01-25 09:05:31,1972.1794822928118,-474.0
C51616,1a516c64-e0c1-41ab-9975-71487d6bd5a6,14,-22.882534,-43.33687,-22.89802,-43.350189,2019-01-25 08:57:37,2019-01-25 09:06:20,2196.9729163696197,-523.0
C51616,1a516c64-e0c1-41ab-9975-71487d6bd5a6,15,-22.882382,-43.333901,-22.89802,-43.350189,2019-01-25 08:57:37,2019-01-25 09:07:03,2409.898632051879,-566.0
C51616,1a516c64-e0c1-41ab-9975-71487d6bd5a6,16,-22.882138,-43.331007,-22.89802,-43.350189,2019-01-25 08:57:37,2019-01-25 09:07:51,2641.947453697337,-614.0
C51616,1a516c64-e0c1-41ab-9975-71487d6bd5a6,17,-22.88256,-43.32373,-22.89802,-43.350189,2019-01-25 08:57:37,2019-01-25 09:09:32,3209.6087437699043,-715.0
C51616,1a516c64-e0c1-41ab-9975-71487d6bd5a6,18,-22.88284,-43.3224,-22.89802,-43.350189,2019-01-25 08:57:37,2019-01-25 09:09:52,3309.4727957343107,-735.0
C51616,1a516c64-e0c1-41ab-9975-71487d6bd5a6,19,-22.8835,-43.32058,-22.89802,-43.350189,2019-01-25 08:57:37,2019-01-25 09:10:20,3436.045610596444,-763.0
C51616,1a516c64-e0c1-41ab-9975-71487d6bd5a6,20,-22.88445,-43.31751,-22.89802,-43.350189,2019-01-25 08:57:37,2019-01-25 09:11:07,3671.9214231935966,-810.0
C51616,1a516c64-e0c1-41ab-9975-71487d6bd5a6,21,-22.884744,-43.316116,-22.89802,-43.350189,2019-01-25 08:57:37,2019-01-25 09:11:28,3789.7013272440436,-831.0
C51616,1a516c64-e0c1-41ab-9975-71487d6bd5a6,22,-22.88498,-43.31429,-22.89802,-43.350189,2019-01-25 08:57:37,2019-01-25 09:11:54,3952.9434890137745,-857.0
C51616,1a516c64-e0c1-41ab-9975-71487d6bd5a6,23,-22.885103,-43.311568,-22.89802,-43.350189,2019-01-25 08:57:37,2019-01-25 09:12:33,4208.895417899144,-896.0
C51616,1a516c64-e0c1-41ab-9975-71487d6bd5a6,24,-22.88562,-43.30967,-22.89802,-43.350189,2019-01-25 08:57:37,2019-01-25 09:13:03,4373.6822298063435,-926.0
C51616,1a516c64-e0c1-41ab-9975-71487d6bd5a6,25,-22.88672,-43.306443,-22.89802,-43.350189,2019-01-25 08:57:37,2019-01-25 09:13:52,4654.030025092641,-975.0
C51616,1a516c64-e0c1-41ab-9975-71487d6bd5a6,26,-22.88646,-43.30281,-22.89802,-43.350189,2019-01-25 08:57:37,2019-01-25 09:14:46,5020.698877857092,-1029.0
C51616,1a516c64-e0c1-41ab-9975-71487d6bd5a6,27,-22.88548,-43.30031,-22.89802,-43.350189,2019-01-25 08:57:37,2019-01-25 09:15:27,5296.322219036398,-1070.0
C51616,1a516c64-e0c1-41ab-9975-71487d6bd5a6,28,-22.884601,-43.297845,-22.89802,-43.350189,2019-01-25 08:57:37,2019-01-25 09:16:06,5565.740846941615,-1109.0
C51616,1a516c64-e0c1-41ab-9975-71487d6bd5a6,29,-22.88341,-43.29648,-22.89802,-43.350189,2019-01-25 08:57:37,2019-01-25 09:16:33,5736.684594802464,-1136.0
C51616,1a516c64-e0c1-41ab-9975-71487d6bd5a6,30,-22.88182,-43.29431,-22.89802,-43.350189,2019-01-25 08:57:37,2019-01-25 09:17:14,6000.922458620585,-1177.0
C51616,1a516c64-e0c1-41ab-9975-71487d6bd5a6,31,-22.8842,-43.29133,-22.89802,-43.350189,2019-01-25 08:57:37,2019-01-25 09:18:18,6222.140283349498,-1241.0
C51616,1a516c64-e0c1-41ab-9975-71487d6bd5a6,32,-22.885668,-43.290084,-22.89802,-43.350189,2019-01-25 08:57:37,2019-01-25 09:18:52,6308.3295136144625,-1275.0
C51616,1a516c64-e0c1-41ab-9975-71487d6bd5a6,33,-22.88744,-43.2864,-22.89802,-43.350189,2019-01-25 08:57:37,2019-01-25 09:19:47,6639.389217095051,-1330.0
C51616,1a516c64-e0c1-41ab-9975-71487d6bd5a6,34,-22.887738,-43.283511,-22.89802,-43.350189,2019-01-25 08:57:37,2019-01-25 09:20:23,6925.289263493813,-1366.0
C51616,1a516c64-e0c1-41ab-9975-71487d6bd5a6,35,-22.887155,-43.280679,-22.89802,-43.350189,2019-01-25 08:57:37,2019-01-25 09:21:09,7222.144027877524,-1412.0
C51616,1a516c64-e0c1-41ab-9975-71487d6bd5a6,36,-22.88591,-43.27898,-22.89802,-43.350189,2019-01-25 08:57:37,2019-01-25 09:21:42,7417.699845053095,-1445.0
C51616,1a516c64-e0c1-41ab-9975-71487d6bd5a6,37,-22.88441,-43.27719,-22.89802,-43.350189,2019-01-25 08:57:37,2019-01-25 09:22:17,7629.455100282162,-1480.0
C51616,1a516c64-e0c1-41ab-9975-71487d6bd5a6,38,-22.8822,-43.2754,-22.89802,-43.350189,2019-01-25 08:57:37,2019-01-25 09:23:00,7860.640859672716,-1523.0
C51616,1a516c64-e0c1-41ab-9975-71487d6bd5a6,39,-22.881083,-43.272751,-22.89802,-43.350189,2019-01-25 08:57:37,2019-01-25 09:23:44,8153.168838681263,-1567.0
C51616,1a516c64-e0c1-41ab-9975-71487d6bd5a6,40,-22.878863,-43.265859,-22.89802,-43.350189,2019-01-25 08:57:37,2019-01-25 09:25:30,8897.508573721072,-1673.0
C51616,1a516c64-e0c1-41ab-9975-71487d6bd5a6,41,-22.87833,-43.26397,-22.89802,-43.350189,2019-01-25 08:57:37,2019-01-25 09:26:02,9099.602802504107,-1705.0
C51616,1a516c64-e0c1-41ab-9975-71487d6bd5a6,42,-22.878337,-43.261822,-22.89802,-43.350189,2019-01-25 08:57:37,2019-01-25 09:26:33,9313.147135837975,-1736.0
C51616,1a516c64-e0c1-41ab-9975-71487d6bd5a6,43,-22.880394,-43.259223,-22.89802,-43.350189,2019-01-25 08:57:37,2019-01-25 09:27:28,9522.37340727493,-1791.0
C51616,1a516c64-e0c1-41ab-9975-71487d6bd5a6,44,-22.882581,-43.254845,-22.89802,-43.350189,2019-01-25 08:57:37,2019-01-25 09:28:40,9916.62187907137,-1863.0
C51616,1a516c64-e0c1-41ab-9975-71487d6bd5a6,45,-22.88517,-43.25266,-22.89802,-43.350189,2019-01-25 08:57:37,2019-01-25 09:29:31,10092.285591573858,-1914.0
C51616,1a516c64-e0c1-41ab-9975-71487d6bd5a6,46,-22.886927,-43.250822,-22.89802,-43.350189,2019-01-25 08:57:37,2019-01-25 09:30:09,10253.305239429876,-1952.0
C51616,1a516c64-e0c1-41ab-9975-71487d6bd5a6,47,-22.890046,-43.244457,-22.89802,-43.350189,2019-01-25 08:57:37,2019-01-25 09:32:09,10866.959208431712,-2072.0
C51616,1a516c64-e0c1-41ab-9975-71487d6bd5a6,48,-22.890765,-43.242335,-22.89802,-43.350189,2019-01-25 08:57:37,2019-01-25 09:32:40,11077.47875571752,-2103.0
C51616,1a516c64-e0c1-41ab-9975-71487d6bd5a6,49,-22.891768,-43.240794,-22.89802,-43.350189,2019-01-25 08:57:37,2019-01-25 09:33:04,11227.419891670183,-2127.0
C51616,1a516c64-e0c1-41ab-9975-71487d6bd5a6,50,-22.89495,-43.24279,-22.89802,-43.350189,2019-01-25 08:57:37,2019-01-25 09:34:20,11006.582244026713,-2203.0
C51616,1a516c64-e0c1-41ab-9975-71487d6bd5a6,51,-22.897995,-43.241305,-22.89802,-43.350189,2019-01-25 08:57:37,2019-01-25 09:35:31,11153.276562387862,-2274.0
C51616,1a516c64-e0c1-41ab-9975-71487d6bd5a6,52,-22.90138,-43.241176,-22.89802,-43.350189,2019-01-25 08:57:37,2019-01-25 09:36:31,11172.599340165481,-2334.0
C51616,1a516c64-e0c1-41ab-9975-71487d6bd5a6,53,-22.90591,-43.23964,-22.89802,-43.350189,2019-01-25 08:57:37,2019-01-25 09:37:44,11357.432353515384,-2407.0
C51616,1a516c64-e0c1-41ab-9975-71487d6bd5a6,54,-22.907884,-43.236917,-22.89802,-43.350189,2019-01-25 08:57:37,2019-01-25 09:38:34,11654.056633387981,-2457.0
C51616,1a516c64-e0c1-41ab-9975-71487d6bd5a6,55,-22.908756,-43.234655,-22.89802,-43.350189,2019-01-25 08:57:37,2019-01-25 09:39:06,11894.044895555275,-2489.0
C51616,1a516c64-e0c1-41ab-9975-71487d6bd5a6,56,-22.908374,-43.231002,-22.89802,-43.350189,2019-01-25 08:57:37,2019-01-25 09:40:03,12262.340628222159,-2546.0
C51616,1a516c64-e0c1-41ab-9975-71487d6bd5a6,57,-22.90931,-43.22631,-22.89802,-43.350189,2019-01-25 08:57:37,2019-01-25 09:41:24,12750.675718905162,-2627.0
C51616,1a516c64-e0c1-41ab-9975-71487d6bd5a6,58,-22.909238,-43.222916,-22.89802,-43.350189,2019-01-25 08:57:37,2019-01-25 09:42:14,13095.911687380707,-2677.0
C51616,1a516c64-e0c1-41ab-9975-71487d6bd5a6,59,-22.906357,-43.220639,-22.89802,-43.350189,2019-01-25 08:57:37,2019-01-25 09:43:11,13302.082188218887,-2734.0
C51616,1a516c64-e0c1-41ab-9975-71487d6bd5a6,60,-22.904907,-43.218901,-22.89802,-43.350189,2019-01-25 08:57:37,2019-01-25 09:43:57,13469.621351391703,-2780.0
C51616,1a516c64-e0c1-41ab-9975-71487d6bd5a6,61,-22.90411,-43.21611,-22.89802,-43.350189,2019-01-25 08:57:37,2019-01-25 09:44:42,13750.441797480005,-2825.0
C51616,1a516c64-e0c1-41ab-9975-71487d6bd5a6,62,-22.90341,-43.21449,-22.89802,-43.350189,2019-01-25 08:57:37,2019-01-25 09:45:08,13912.645428615106,-2851.0
C51616,1a516c64-e0c1-41ab-9975-71487d6bd5a6,63,-22.902025,-43.210979,-22.89802,-43.350189,2019-01-25 08:57:37,2019-01-25 09:46:03,14266.389031542129,-2906.0
C51616,1a516c64-e0c1-41ab-9975-71487d6bd5a6,64,-22.908498,-43.209965,-22.89802,-43.350189,2019-01-25 08:57:37,2019-01-25 09:47:49,14410.13703997012,-3012.0
C51616,1a516c64-e0c1-41ab-9975-71487d6bd5a6,65,-22.91013,-43.205583,-22.89802,-43.350189,2019-01-25 08:57:37,2019-01-25 09:49:23,14872.796397882988,-3106.0
C51616,1a516c64-e0c1-41ab-9975-71487d6bd5a6,66,-22.908619,-43.201048,-22.89802,-43.350189,2019-01-25 08:57:37,2019-01-25 09:50:32,15321.703448540777,-3175.0
C51616,1a516c64-e0c1-41ab-9975-71487d6bd5a6,67,-22.90623,-43.193405,-22.89802,-43.350189,2019-01-25 08:57:37,2019-01-25 09:52:29,16085.238825538203,-3292.0
C51616,1a516c64-e0c1-41ab-9975-71487d6bd5a6,68,-22.905052,-43.189782,-22.89802,-43.350189,2019-01-25 08:57:37,2019-01-25 09:53:24,16449.080783188354,-3347.0
C51616,1a516c64-e0c1-41ab-9975-71487d6bd5a6,69,-22.903332,-43.184461,-22.89802,-43.350189,2019-01-25 08:57:37,2019-01-25 09:54:45,16985.896094952386,-3428.0
C51616,1a516c64-e0c1-41ab-9975-71487d6bd5a6,70,-22.905593,-43.182786,-22.89802,-43.350189,2019-01-25 08:57:37,2019-01-25 09:55:38,17167.71589906009,-3481.0
C51616,1a516c64-e0c1-41ab-9975-71487d6bd5a6,71,-22.90723,-43.18272,-22.89802,-43.350189,2019-01-25 08:57:37,2019-01-25 09:56:14,17184.251447335304,-3517.0
C51616,1a516c64-e0c1-41ab-9975-71487d6bd5a6,72,-22.90879,-43.18819,-22.89802,-43.350189,2019-01-25 08:57:37,2019-01-25 09:57:37,16636.48457645868,-3600.0
C51559,1a516c64-e0c1-41ab-9975-71487d6bd5a6,0,-22.901318,-43.347259,-22.88204,-43.275478,2019-01-25 08:57:31,2019-01-25 08:57:31,7659.150831357398,0.0
C51559,1a516c64-e0c1-41ab-9975-71487d6bd5a6,1,-22.90189,-43.34779,-22.88204,-43.275478,2019-01-25 08:57:31,2019-01-25 08:57:42,7729.293366318675,-11.0
C51559,1a516c64-e0c1-41ab-9975-71487d6bd5a6,2,-22.900466,-43.349828,-22.88204,-43.275478,2019-01-25 08:57:31,2019-01-25 08:58:22,7887.021591338601,-51.0
C51559,1a516c64-e0c1-41ab-9975-71487d6bd5a6,3,-22.89911,-43.35167,-22.88204,-43.275478,2019-01-25 08:57:31,2019-01-25 08:58:56,8032.460414648031,-85.0
C51559,1a516c64-e0c1-41ab-9975-71487d6bd5a6,4,-22.898012,-43.352228,-22.88204,-43.275478,2019-01-25 08:57:31,2019-01-25 08:59:23,8060.265664096705,-112.0
C51559,1a516c64-e0c1-41ab-9975-71487d6bd5a6,5,-22.89818,-43.350146,-22.88204,-43.275478,2019-01-25 08:57:31,2019-01-25 09:00:07,7856.612270799202,-156.0
C51559,1a516c64-e0c1-41ab-9975-71487d6bd5a6,6,-22.896967,-43.348397,-22.88204,-43.275478,2019-01-25 08:57:31,2019-01-25 09:00:43,7651.940147773901,-192.0
C51559,1a516c64-e0c1-41ab-9975-71487d6bd5a6,7,-22.8954,-43.34742,-22.88204,-43.275478,2019-01-25 08:57:31,2019-01-25 09:01:11,7517.950809169413,-220.0
C51559,1a516c64-e0c1-41ab-9975-71487d6bd5a6,8,-22.89369,-43.34688,-22.88204,-43.275478,2019-01-25 08:57:31,2019-01-25 09:01:39,7428.269366519252,-248.0
C51559,1a516c64-e0c1-41ab-9975-71487d6bd5a6,9,-22.890381,-43.34553,-22.88204,-43.275478,2019-01-25 08:57:31,2019-01-25 09:02:40,7235.922321941444,-309.0
C51559,1a516c64-e0c1-41ab-9975-71487d6bd5a6,10,-22.88842,-43.34439,-22.88204,-43.275478,2019-01-25 08:57:31,2019-01-25 09:03:15,7095.059467207636,-344.0
C51559,1a516c64-e0c1-41ab-9975-71487d6bd5a6,11,-22.88717,-43.34339,-22.88204,-43.275478,2019-01-25 08:57:31,2019-01-25 09:03:39,6980.439390906047,-368.0
C51559,1a516c64-e0c1-41ab-9975-71487d6bd5a6,12,-22.88579,-43.34209,-22.88204,-43.275478,2019-01-25 08:57:31,2019-01-25 09:04:08,6836.6801930790425,-397.0
C51559,1a516c64-e0c1-41ab-9975-71487d6bd5a6,13,-22.88283,-43.34025,-22.88204,-43.275478,2019-01-25 08:57:31,2019-01-25 09:05:25,6636.110283853759,-474.0
C51559,1a516c64-e0c1-41ab-9975-71487d6bd5a6,14,-22.882534,-43.33687,-22.88204,-43.275478,2019-01-25 08:57:31,2019-01-25 09:06:14,6289.5135067311585,-523.0
C51559,1a516c64-e0c1-41ab-9975-71487d6bd5a6,15,-22.882382,-43.333901,-22.88204,-43.275478,2019-01-25 08:57:31,2019-01-25 09:06:57,5985.2400363673105,-566.0
C51559,1a516c64-e0c1-41ab-9975-71487d6bd5a6,16,-22.882138,-43.331007,-22.88204,-43.275478,2019-01-25 08:57:31,2019-01-25 09:07:45,5688.6601849774015,-614.0
C51559,1a516c64-e0c1-41ab-9975-71487d6bd5a6,17,-22.88256,-43.32373,-22.88204,-43.275478,2019-01-25 08:57:31,2019-01-25 09:09:26,4943.490416322356,-715.0
C51559,1a516c64-e0c1-41ab-9975-71487d6bd5a6,18,-22.88284,-43.3224,-22.88204,-43.275478,2019-01-25 08:57:31,2019-01-25 09:09:46,4807.719138786599,-735.0
C51559,1a516c64-e0c1-41ab-9975-71487d6bd5a6,19,-22.8835,-43.32058,-22.88204,-43.275478,2019-01-25 08:57:31,2019-01-25 09:10:14,4623.287273994014,-763.0
C51559,1a516c64-e0c1-41ab-9975-71487d6bd5a6,20,-22.88445,-43.31751,-22.88204,-43.275478,2019-01-25 08:57:31,2019-01-25 09:11:01,4314.248293634945,-810.0
C51559,1a516c64-e0c1-41ab-9975-71487d6bd5a6,21,-22.884744,-43.316116,-22.88204,-43.275478,2019-01-25 08:57:31,2019-01-25 09:11:22,4173.949835362069,-831.0
C51559,1a516c64-e0c1-41ab-9975-71487d6bd5a6,22,-22.88498,-43.31429,-22.88204,-43.275478,2019-01-25 08:57:31,2019-01-25 09:11:48,3989.4575747729104,-857.0
C51559,1a516c64-e0c1-41ab-9975-71487d6bd5a6,23,-22.885103,-43.311568,-22.88204,-43.275478,2019-01-25 08:57:31,2019-01-25 09:12:27,3712.84223248946,-896.0
C51559,1a516c64-e0c1-41ab-9975-71487d6bd5a6,24,-22.88562,-43.30967,-22.88204,-43.275478,2019-01-25 08:57:31,2019-01-25 09:12:57,3525.29073629981,-926.0
C51559,1a516c64-e0c1-41ab-9975-71487d6bd5a6,25,-22.88672,-43.306443,-22.88204,-43.275478,2019-01-25 08:57:31,2019-01-25 09:13:46,3214.5474258553268,-975.0
C51559,1a516c64-e0c1-41ab-9975-71487d6bd5a6,26,-22.88646,-43.30281,-22.88204,-43.275478,2019-01-25 08:57:31,2019-01-25 09:14:40,2842.780841325032,-1029.0
C51559,1a516c64-e0c1-41ab-9975-71487d6bd5a6,27,-22.88548,-43.30031,-22.88204,-43.275478,2019-01-25 08:57:31,2019-01-25 09:15:21,2572.4720158402415,-1070.0
C51559,1a516c64-e0c1-41ab-9975-71487d6bd5a6,28,-22.884601,-43.297845,-22.88204,-43.275478,2019-01-25 08:57:31,2019-01-25 09:16:00,2308.986844873662,-1109.0
C51559,1a516c64-e0c1-41ab-9975-71487d6bd5a6,29,-22.88341,-43.29648,-22.88204,-43.275478,2019-01-25 08:57:31,2019-01-25 09:16:27,2156.9190558850055,-1136.0
C51559,1a516c64-e0c1-41ab-9975-71487d6bd5a6,30,-22.88182,-43.29431,-22.88204,-43.275478,2019-01-25 08:57:31,2019-01-25 09:17:08,1929.3952714836164,-1177.0
C51559,1a516c64-e0c1-41ab-9975-71487d6bd5a6,31,-22.8842,-43.29133,-22.88204,-43.275478,2019-01-25 08:57:31,2019-01-25 09:18:12,1641.6058129967946,-1241.0
C51559,1a516c64-e0c1-41ab-9975-71487d6bd5a6,32,-22.885668,-43.290084,-22.88204,-43.275478,2019-01-25 08:57:31,2019-01-25 09:18:46,1549.7159579283757,-1275.0
C51559,1a516c64-e0c1-41ab-9975-71487d6bd5a6,33,-22.88744,-43.2864,-22.88204,-43.275478,2019-01-25 08:57:31,2019-01-25 09:19:41,1269.8161455615736,-1330.0
C51559,1a516c64-e0c1-41ab-9975-71487d6bd5a6,34,-22.887738,-43.283511,-22.88204,-43.275478,2019-01-25 08:57:31,2019-01-25 09:20:17,1038.572881058674,-1366.0
C51559,1a516c64-e0c1-41ab-9975-71487d6bd5a6,35,-22.887155,-43.280679,-22.88204,-43.275478,2019-01-25 08:57:31,2019-01-25 09:21:03,779.3402865894742,-1412.0
C51559,1a516c64-e0c1-41ab-9975-71487d6bd5a6,36,-22.88591,-43.27898,-22.88204,-43.275478,2019-01-25 08:57:31,2019-01-25 09:21:36,560.2544898621693,-1445.0
C51559,1a516c64-e0c1-41ab-9975-71487d6bd5a6,37,-22.88441,-43.27719,-22.88204,-43.275478,2019-01-25 08:57:31,2019-01-25 09:22:11,316.5573867540941,-1480.0
C51559,1a516c64-e0c1-41ab-9975-71487d6bd5a6,38,-22.8822,-43.2754,-22.88204,-43.275478,2019-01-25 08:57:31,2019-01-25 09:22:54,19.503265852201324,-1523.0
C51559,1a516c64-e0c1-41ab-9975-71487d6bd5a6,39,-22.881083,-43.272751,-22.88204,-43.275478,2019-01-25 08:57:31,2019-01-25 09:23:38,298.9484009725265,-1567.0
C51559,1a516c64-e0c1-41ab-9975-71487d6bd5a6,40,-22.878863,-43.265859,-22.88204,-43.275478,2019-01-25 08:57:31,2019-01-25 09:25:24,1046.8350698842164,-1673.0
C51559,1a516c64-e0c1-41ab-9975-71487d6bd5a6,41,-22.87833,-43.26397,-22.88204,-43.275478,2019-01-25 08:57:31,2019-01-25 09:25:56,1249.0420720197317,-1705.0
C51559,1a516c64-e0c1-41ab-9975-71487d6bd5a6,42,-22.878337,-43.261822,-22.88204,-43.275478,2019-01-25 08:57:31,2019-01-25 09:26:27,1458.339467840052,-1736.0
C51559,1a516c64-e0c1-41ab-9975-71487d6bd5a6,43,-22.880394,-43.259223,-22.88204,-43.275478,2019-01-25 08:57:31,2019-01-25 09:27:22,1675.2767299594877,-1791.0
C51559,1a516c64-e0c1-41ab-9975-71487d6bd5a6,44,-22.882581,-43.254845,-22.88204,-43.275478,2019-01-25 08:57:31,2019-01-25 09:28:34,2114.5931603528797,-1863.0
C51559,1a516c64-e0c1-41ab-9975-71487d6bd5a6,45,-22.88517,-43.25266,-22.88204,-43.275478,2019-01-25 08:57:31,2019-01-25 09:29:25,2363.324172842135,-1914.0
C51559,1a516c64-e0c1-41ab-9975-71487d6bd5a6,46,-22.886927,-43.250822,-22.88204,-43.275478,2019-01-25 08:57:31,2019-01-25 09:30:03,2583.6247228541024,-1952.0
C51559,1a516c64-e0c1-41ab-9975-71487d6bd5a6,47,-22.890046,-43.244457,-22.88204,-43.275478,2019-01-25 08:57:31,2019-01-25 09:32:03,3300.1805731473637,-2072.0
C51559,1a516c64-e0c1-41ab-9975-71487d6bd5a6,48,-22.890765,-43.242335,-22.88204,-43.275478,2019-01-25 08:57:31,2019-01-25 09:32:34,3531.1088953080243,-2103.0
C51559,1a516c64-e0c1-41ab-9975-71487d6bd5a6,49,-22.891768,-43.240794,-22.88204,-43.275478,2019-01-25 08:57:31,2019-01-25 09:32:58,3714.074960254087,-2127.0
C51559,1a516c64-e0c1-41ab-9975-71487d6bd5a6,50,-22.89495,-43.24279,-22.88204,-43.275478,2019-01-25 08:57:31,2019-01-25 09:34:14,3643.2875923160705,-2203.0
C51559,1a516c64-e0c1-41ab-9975-71487d6bd5a6,51,-22.897995,-43.241305,-22.88204,-43.275478,2019-01-25 08:57:31,2019-01-25 09:35:25,3924.531014935384,-2274.0
C51559,1a516c64-e0c1-41ab-9975-71487d6bd5a6,52,-22.90138,-43.241176,-22.88204,-43.275478,2019-01-25 08:57:31,2019-01-25 09:36:25,4119.652624278682,-2334.0
C51559,1a516c64-e0c1-41ab-9975-71487d6bd5a6,53,-22.90591,-43.23964,-22.88204,-43.275478,2019-01-25 08:57:31,2019-01-25 09:37:38,4530.099701159323,-2407.0
C51559,1a516c64-e0c1-41ab-9975-71487d6bd5a6,54,-22.907884,-43.236917,-22.88204,-43.275478,2019-01-25 08:57:31,2019-01-25 09:38:28,4884.744476115994,-2457.0
C51559,1a516c64-e0c1-41ab-9975-71487d6bd5a6,55,-22.908756,-43.234655,-22.88204,-43.275478,2019-01-25 08:57:31,2019-01-25 09:39:00,5129.471608334693,-2489.0
C51559,1a516c64-e0c1-41ab-9975-71487d6bd5a6,56,-22.908374,-43.231002,-22.88204,-43.275478,2019-01-25 08:57:31,2019-01-25 09:39:57,5415.7655785586785,-2546.0
C51559,1a516c64-e0c1-41ab-9975-71487d6bd5a6,57,-22.90931,-43.22631,-22.88204,-43.275478,2019-01-25 08:57:31,2019-01-25 09:41:18,5878.863633453785,-2627.0
C51559,1a516c64-e0c1-41ab-9975-71487d6bd5a6,58,-22.909238,-43.222916,-22.88204,-43.275478,2019-01-25 08:57:31,2019-01-25 09:42:08,6175.389272016153,-2677.0
C51559,1a516c64-e0c1-41ab-9975-71487d6bd5a6,59,-22.906357,-43.220639,-22.88204,-43.275478,2019-01-25 08:57:31,2019-01-25 09:43:05,6234.348114218259,-2734.0
C51559,1a516c64-e0c1-41ab-9975-71487d6bd5a6,60,-22.904907,-43.218901,-22.88204,-43.275478,2019-01-25 08:57:31,2019-01-25 09:43:51,6328.776414603437,-2780.0
C51559,1a516c64-e0c1-41ab-9975-71487d6bd5a6,61,-22.90411,-43.21611,-22.88204,-43.275478,2019-01-25 08:57:31,2019-01-25 09:44:36,6557.927412723039,-2825.0
C51559,1a516c64-e0c1-41ab-9975-71487d6bd5a6,62,-22.90341,-43.21449,-22.88204,-43.275478,2019-01-25 08:57:31,2019-01-25 09:45:02,6684.053486727568,-2851.0
C51559,1a516c64-e0c1-41ab-9975-71487d6bd5a6,63,-22.902025,-43.210979,-22.88204,-43.275478,2019-01-25 08:57:31,2019-01-25 09:45:57,6970.796458203232,-2906.0
C51559,1a516c64-e0c1-41ab-9975-71487d6bd5a6,64,-22.908498,-43.209965,-22.88204,-43.275478,2019-01-25 08:57:31,2019-01-25 09:47:43,7327.3628206239955,-3012.0
C51559,1a516c64-e0c1-41ab-9975-71487d6bd5a6,65,-22.91013,-43.205583,-22.88204,-43.275478,2019-01-25 08:57:31,2019-01-25 09:49:17,7811.296696173967,-3106.0
C51559,1a516c64-e0c1-41ab-9975-71487d6bd5a6,66,-22.908619,-43.201048,-22.88204,-43.275478,2019-01-25 08:57:31,2019-01-25 09:50:26,8176.998106430093,-3175.0
C51559,1a516c64-e0c1-41ab-9975-71487d6bd5a6,67,-22.90623,-43.193405,-22.88204,-43.275478,2019-01-25 08:57:31,2019-01-25 09:52:23,8827.002434484171,-3292.0
C51559,1a516c64-e0c1-41ab-9975-71487d6bd5a6,68,-22.905052,-43.189782,-22.88204,-43.275478,2019-01-25 08:57:31,2019-01-25 09:53:18,9143.691481946296,-3347.0
C51559,1a516c64-e0c1-41ab-9975-71487d6bd5a6,69,-22.903332,-43.184461,-22.88204,-43.275478,2019-01-25 08:57:31,2019-01-25 09:54:39,9619.38616161562,-3428.0
C51559,1a516c64-e0c1-41ab-9975-71487d6bd5a6,70,-22.905593,-43.182786,-22.88204,-43.275478,2019-01-25 08:57:31,2019-01-25 09:55:32,9849.551879787232,-3481.0
C51559,1a516c64-e0c1-41ab-9975-71487d6bd5a6,71,-22.90723,-43.18272,-22.88204,-43.275478,2019-01-25 08:57:31,2019-01-25 09:56:08,9905.937196418392,-3517.0
C51559,1a516c64-e0c1-41ab-9975-71487d6bd5a6,72,-22.90879,-43.18819,-22.88204,-43.275478,2019-01-25 08:57:31,2019-01-25 09:57:31,9423.08289024876,-3600.0
C51512,1a516c64-e0c1-41ab-9975-71487d6bd5a6,0,-22.901318,-43.347259,-22.882561,-43.25473,2019-01-25 09:00:05,2019-01-25 09:00:05,9705.174416454378,0.0
C51512,1a516c64-e0c1-41ab-9975-71487d6bd5a6,1,-22.90189,-43.34779,-22.882561,-43.25473,2019-01-25 09:00:05,2019-01-25 09:00:16,9772.076841583972,-11.0
C51512,1a516c64-e0c1-41ab-9975-71487d6bd5a6,2,-22.900466,-43.349828,-22.882561,-43.25473,2019-01-25 09:00:05,2019-01-25 09:00:56,9942.97493539025,-51.0
C51512,1a516c64-e0c1-41ab-9975-71487d6bd5a6,3,-22.89911,-43.35167,-22.882561,-43.25473,2019-01-25 09:00:05,2019-01-25 09:01:30,10099.404464264979,-85.0
C51512,1a516c64-e0c1-41ab-9975-71487d6bd5a6,4,-22.898012,-43.352228,-22.882561,-43.25473,2019-01-25 09:00:05,2019-01-25 09:01:57,10134.24187651599,-112.0
C51512,1a516c64-e0c1-41ab-9975-71487d6bd5a6,5,-22.89818,-43.350146,-22.882561,-43.25473,2019-01-25 09:00:05,2019-01-25 09:02:41,9927.36319681318,-156.0
C51512,1a516c64-e0c1-41ab-9975-71487d6bd5a6,6,-22.896967,-43.348397,-22.882561,-43.25473,2019-01-25 09:00:05,2019-01-25 09:03:17,9727.936236031206,-192.0
C51512,1a516c64-e0c1-41ab-9975-71487d6bd5a6,7,-22.8954,-43.34742,-22.882561,-43.25473,2019-01-25 09:00:05,2019-01-25 09:03:45,9601.839192860665,-220.0
C51512,1a516c64-e0c1-41ab-9975-71487d6bd5a6,8,-22.89369,-43.34688,-22.882561,-43.25473,2019-01-25 09:00:05,2019-01-25 09:04:13,9520.622658558219,-248.0
C51512,1a516c64-e0c1-41ab-9975-71487d6bd5a6,9,-22.890381,-43.34553,-22.882561,-43.25473,2019-01-25 09:00:05,2019-01-25 09:05:14,9342.230310109106,-309.0
C51512,1a516c64-e0c1-41ab-9975-71487d6bd5a6,10,-22.88842,-43.34439,-22.882561,-43.25473,2019-01-25 09:00:05,2019-01-25 09:05:49,9208.034535331766,-344.0
C51512,1a516c64-e0c1-41ab-9975-71487d6bd5a6,11,-22.88717,-43.34339,-22.882561,-43.25473,2019-01-25 09:00:05,2019-01-25 09:06:13,9097.005792056765,-368.0
C51512,1a516c64-e0c1-41ab-9975-71487d6bd5a6,12,-22.88579,-43.34209,-22.882561,-43.25473,2019-01-25 09:00:05,2019-01-25 09:06:42,8956.627774642939,-397.0
C51512,1a516c64-e0c1-41ab-9975-71487d6bd5a6,13,-22.88283,-43.34025,-22.882561,-43.25473,2019-01-25 09:00:05,2019-01-25 09:07:59,8761.07951479288,-474.0
C51512,1a516c64-e0c1-41ab-9975-71487d6bd5a6,14,-22.882534,-43.33687,-22.882561,-43.25473,2019-01-25 09:00:05,2019-01-25 09:08:48,8414.776758017255,-523.0
C51512,1a516c64-e0c1-41ab-9975-71487d6bd5a6,15,-22.882382,-43.333901,-22.882561,-43.25473,2019-01-25 09:00:05,2019-01-25 09:09:31,8110.648015029581,-566.0
C51512,1a516c64-e0c1-41ab-9975-71487d6bd5a6,16,-22.882138,-43.331007,-22.882561,-43.25473,2019-01-25 09:00:05,2019-01-25 09:10:19,7814.2981592146625,-614.0
C51512,1a516c64-e0c1-41ab-9975-71487d6bd5a6,17,-22.88256,-43.32373,-22.882561,-43.25473,2019-01-25 09:00:05,2019-01-25 09:12:00,7068.657244115572,-715.0
C51512,1a516c64-e0c1-41ab-9975-71487d6bd5a6,18,-22.88284,-43.3224,-22.882561,-43.25473,2019-01-25 09:00:05,2019-01-25 09:12:20,6932.468583375843,-735.0
C51512,1a516c64-e0c1-41ab-9975-71487d6bd5a6,19,-22.8835,-43.32058,-22.882561,-43.25473,2019-01-25 09:00:05,2019-01-25 09:12:48,6746.742307481892,-763.0
C51512,1a516c64-e0c1-41ab-9975-71487d6bd5a6,20,-22.88445,-43.31751,-22.882561,-43.25473,2019-01-25 09:00:05,2019-01-25 09:13:35,6434.83800117674,-810.0
C51512,1a516c64-e0c1-41ab-9975-71487d6bd5a6,21,-22.884744,-43.316116,-22.882561,-43.25473,2019-01-25 09:00:05,2019-01-25 09:13:56,6293.2787927738655,-831.0
C51512,1a516c64-e0c1-41ab-9975-71487d6bd5a6,22,-22.88498,-43.31429,-22.882561,-43.25473,2019-01-25 09:00:05,2019-01-25 09:14:22,6107.454611644846,-857.0
C51512,1a516c64-e0c1-41ab-9975-71487d6bd5a6,23,-22.885103,-43.311568,-22.882561,-43.25473,2019-01-25 09:00:05,2019-01-25 09:15:01,5829.531712478282,-896.0
C51512,1a516c64-e0c1-41ab-9975-71487d6bd5a6,24,-22.88562,-43.30967,-22.882561,-43.25473,2019-01-25 09:00:05,2019-01-25 09:15:31,5638.495931194987,-926.0
C51512,1a516c64-e0c1-41ab-9975-71487d6bd5a6,25,-22.88672,-43.306443,-22.882561,-43.25473,2019-01-25 09:00:05,2019-01-25 09:16:20,5317.7684056186135,-975.0
C51512,1a516c64-e0c1-41ab-9975-71487d6bd5a6,26,-22.88646,-43.30281,-22.882561,-43.25473,2019-01-25 09:00:05,2019-01-25 09:17:14,4944.49573920503,-1029.0
C51512,1a516c64-e0c1-41ab-9975-71487d6bd5a6,27,-22.88548,-43.30031,-22.882561,-43.25473,2019-01-25 09:00:05,2019-01-25 09:17:55,4680.6288408017335,-1070.0
C51512,1a516c64-e0c1-41ab-9975-71487d6bd5a6,28,-22.884601,-43.297845,-22.882561,-43.25473,2019-01-25 09:00:05,2019-01-25 09:18:34,4422.6742031299555,-1109.0
C51512,1a516c64-e0c1-41ab-9975-71487d6bd5a6,29,-22.88341,-43.29648,-22.882561,-43.25473,2019-01-25 09:00:05,2019-01-25 09:19:01,4278.078228585338,-1136.0
C51512,1a516c64-e0c1-41ab-9975-71487d6bd5a6,30,-22.88182,-43.29431,-22.882561,-43.25473,2019-01-25 09:00:05,2019-01-25 09:19:42,4055.5938612272503,-1177.0
C51512,1a516c64-e0c1-41ab-9975-71487d6bd5a6,31,-22.8842,-43.29133,-22.882561,-43.25473,2019-01-25 09:00:05,2019-01-25 09:20:46,3753.8656949084307,-1241.0
C51512,1a516c64-e0c1-41ab-9975-71487d6bd5a6,32,-22.885668,-43.290084,-22.882561,-43.25473,2019-01-25 09:00:05,2019-01-25 09:21:20,3638.2151769210077,-1275.0
C51512,1a516c64-e0c1-41ab-9975-71487d6bd5a6,33,-22.88744,-43.2864,-22.882561,-43.25473,2019-01-25 09:00:05,2019-01-25 09:22:15,3289.400244457683,-1330.0
C51512,1a516c64-e0c1-41ab-9975-71487d6bd5a6,34,-22.887738,-43.283511,-22.882561,-43.25473,2019-01-25 09:00:05,2019-01-25 09:22:51,3004.064529278876,-1366.0
C51512,1a516c64-e0c1-41ab-9975-71487d6bd5a6,35,-22.887155,-43.280679,-22.882561,-43.25473,2019-01-25 09:00:05,2019-01-25 09:23:37,2706.919271967481,-1412.0
C51512,1a516c64-e0c1-41ab-9975-71487d6bd5a6,36,-22.88591,-43.27898,-22.882561,-43.25473,2019-01-25 09:00:05,2019-01-25 09:24:10,2511.999816042,-1445.0
C51512,1a516c64-e0c1-41ab-9975-71487d6bd5a6,37,-22.88441,-43.27719,-22.882561,-43.25473,2019-01-25 09:00:05,2019-01-25 09:24:45,2310.05107733922,-1480.0
C51512,1a516c64-e0c1-41ab-9975-71487d6bd5a6,38,-22.8822,-43.2754,-22.882561,-43.25473,2019-01-25 09:00:05,2019-01-25 09:25:28,2117.9071092733325,-1523.0
C51512,1a516c64-e0c1-41ab-9975-71487d6bd5a6,39,-22.881083,-43.272751,-22.882561,-43.25473,2019-01-25 09:00:05,2019-01-25 09:26:12,1853.4595864627654,-1567.0
C51512,1a516c64-e0c1-41ab-9975-71487d6bd5a6,40,-22.878863,-43.265859,-22.882561,-43.25473,2019-01-25 09:00:05,2019-01-25 09:27:58,1212.0041570879916,-1673.0
C51512,1a516c64-e0c1-41ab-9975-71487d6bd5a6,41,-22.87833,-43.26397,-22.882561,-43.25473,2019-01-25 09:00:05,2019-01-25 09:28:30,1057.066634610868,-1705.0
C51512,1a516c64-e0c1-41ab-9975-71487d6bd5a6,42,-22.878337,-43.261822,-22.882561,-43.25473,2019-01-25 09:00:05,2019-01-25 09:29:01,865.1449627445719,-1736.0
C51512,1a516c64-e0c1-41ab-9975-71487d6bd5a6,43,-22.880394,-43.259223,-22.882561,-43.25473,2019-01-25 09:00:05,2019-01-25 09:29:56,519.5426761608857,-1791.0
C51512,1a516c64-e0c1-41ab-9975-71487d6bd5a6,44,-22.882581,-43.254845,-22.882561,-43.25473,2019-01-25 09:00:05,2019-01-25 09:31:08,11.98915821512299,-1863.0
C51512,1a516c64-e0c1-41ab-9975-71487d6bd5a6,45,-22.88517,-43.25266,-22.882561,-43.25473,2019-01-25 09:00:05,2019-01-25 09:31:59,359.347823668138,-1914.0
C51512,1a516c64-e0c1-41ab-9975-71487d6bd5a6,46,-22.886927,-43.250822,-22.882561,-43.25473,2019-01-25 09:00:05,2019-01-25 09:32:37,629.2573564602822,-1952.0
C51512,1a516c64-e0c1-41ab-9975-71487d6bd5a6,47,-22.890046,-43.244457,-22.882561,-43.25473,2019-01-25 09:00:05,2019-01-25 09:34:37,1341.7227285089332,-2072.0
C51512,1a516c64-e0c1-41ab-9975-71487d6bd5a6,48,-22.890765,-43.242335,-22.882561,-43.25473,2019-01-25 09:00:05,2019-01-25 09:35:08,1563.4817234306574,-2103.0
C51512,1a516c64-e0c1-41ab-9975-71487d6bd5a6,49,-22.891768,-43.240794,-22.882561,-43.25473,2019-01-25 09:00:05,2019-01-25 09:35:32,1756.7567784877112,-2127.0
C51512,1a516c64-e0c1-41ab-9975-71487d6bd5a6,50,-22.89495,-43.24279,-22.882561,-43.25473,2019-01-25 09:00:05,2019-01-25 09:36:48,1842.2296713281635,-2203.0
C51512,1a516c64-e0c1-41ab-9975-71487d6bd5a6,51,-22.897995,-43.241305,-22.882561,-43.25473,2019-01-25 09:00:05,2019-01-25 09:37:59,2199.217629852475,-2274.0
C51512,1a516c64-e0c1-41ab-9975-71487d6bd5a6,52,-22.90138,-43.241176,-22.882561,-43.25473,2019-01-25 09:00:05,2019-01-25 09:38:59,2511.300163254849,-2334.0
C51512,1a516c64-e0c1-41ab-9975-71487d6bd5a6,53,-22.90591,-43.23964,-22.882561,-43.25473,2019-01-25 09:00:05,2019-01-25 09:40:12,3021.600837116047,-2407.0
C51512,1a516c64-e0c1-41ab-9975-71487d6bd5a6,54,-22.907884,-43.236917,-22.882561,-43.25473,2019-01-25 09:00:05,2019-01-25 09:41:02,3355.30769681968,-2457.0
C51512,1a516c64-e0c1-41ab-9975-71487d6bd5a6,55,-22.908756,-43.234655,-22.882561,-43.25473,2019-01-25 09:00:05,2019-01-25 09:41:34,3565.4986527615592,-2489.0
C51512,1a516c64-e0c1-41ab-9975-71487d6bd5a6,56,-22.908374,-43.231002,-22.882561,-43.25473,2019-01-25 09:00:05,2019-01-25 09:42:31,3761.134691144448,-2546.0
C51512,1a516c64-e0c1-41ab-9975-71487d6bd5a6,57,-22.90931,-43.22631,-22.882561,-43.25473,2019-01-25 09:00:05,2019-01-25 09:43:52,4161.940287135534,-2627.0
C51512,1a516c64-e0c1-41ab-9975-71487d6bd5a6,58,-22.909238,-43.222916,-22.882561,-43.25473,2019-01-25 09:00:05,2019-01-25 09:44:42,4406.730266739664,-2677.0
C51512,1a516c64-e0c1-41ab-9975-71487d6bd5a6,59,-22.906357,-43.220639,-22.882561,-43.25473,2019-01-25 09:00:05,2019-01-25 09:45:39,4381.34770949153,-2734.0
C51512,1a516c64-e0c1-41ab-9975-71487d6bd5a6,60,-22.904907,-43.218901,-22.882561,-43.25473,2019-01-25 09:00:05,2019-01-25 09:46:25,4432.1806470751535,-2780.0
C51512,1a516c64-e0c1-41ab-9975-71487d6bd5a6,61,-22.90411,-43.21611,-22.882561,-43.25473,2019-01-25 09:00:05,2019-01-25 09:47:10,4625.158743228744,-2825.0
C51512,1a516c64-e0c1-41ab-9975-71487d6bd5a6,62,-22.90341,-43.21449,-22.882561,-43.25473,2019-01-25 09:00:05,2019-01-25 09:47:36,4729.245355941764,-2851.0
C51512,1a516c64-e0c1-41ab-9975-71487d6bd5a6,63,-22.902025,-43.210979,-22.882561,-43.25473,2019-01-25 09:00:05,2019-01-25 09:48:31,4976.946437366604,-2906.0
C51512,1a516c64-e0c1-41ab-9975-71487d6bd5a6,64,-22.908498,-43.209965,-22.882561,-43.25473,2019-01-25 09:00:05,2019-01-25 09:50:17,5417.052330649445,-3012.0
C51512,1a516c64-e0c1-41ab-9975-71487d6bd5a6,65,-22.91013,-43.205583,-22.882561,-43.25473,2019-01-25 09:00:05,2019-01-25 09:51:51,5894.222541991137,-3106.0
C51512,1a516c64-e0c1-41ab-9975-71487d6bd5a6,66,-22.908619,-43.201048,-22.882561,-43.25473,2019-01-25 09:00:05,2019-01-25 09:53:00,6215.5746901755965,-3175.0
C51512,1a516c64-e0c1-41ab-9975-71487d6bd5a6,67,-22.90623,-43.193405,-22.882561,-43.25473,2019-01-25 09:00:05,2019-01-25 09:54:57,6810.901886083964,-3292.0
C51512,1a516c64-e0c1-41ab-9975-71487d6bd5a6,68,-22.905052,-43.189782,-22.882561,-43.25473,2019-01-25 09:00:05,2019-01-25 09:55:52,7107.521061049274,-3347.0
C51512,1a516c64-e0c1-41ab-9975-71487d6bd5a6,69,-22.903332,-43.184461,-22.882561,-43.25473,2019-01-25 09:00:05,2019-01-25 09:57:13,7559.573452394646,-3428.0
C51512,1a516c64-e0c1-41ab-9975-71487d6bd5a6,70,-22.905593,-43.182786,-22.882561,-43.25473,2019-01-25 09:00:05,2019-01-25 09:58:06,7801.945131271567,-3481.0
C51512,1a516c64-e0c1-41ab-9975-71487d6bd5a6,71,-22.90723,-43.18272,-22.882561,-43.25473,2019-01-25 09:00:05,2019-01-25 09:58:42,7869.8711288401755,-3517.0
C51512,1a516c64-e0c1-41ab-9975-71487d6bd5a6,72,-22.90879,-43.18819,-22.882561,-43.25473,2019-01-25 09:00:05,2019-01-25 10:00:05,7413.758475418087,-3600.0
C51506,1a516c64-e0c1-41ab-9975-71487d6bd5a6,0,-22.901318,-43.347259,-22.904619,-43.219521,2019-01-25 08:57:31,2019-01-25 08:57:31,13089.210211692312,0.0
C51506,1a516c64-e0c1-41ab-9975-71487d6bd5a6,1,-22.90189,-43.34779,-22.904619,-43.219521,2019-01-25 08:57:31,2019-01-25 08:57:42,13141.928521172462,-11.0
C51506,1a516c64-e0c1-41ab-9975-71487d6bd5a6,2,-22.900466,-43.349828,-22.904619,-43.219521,2019-01-25 08:57:31,2019-01-25 08:58:22,13355.23061908437,-51.0
C51506,1a516c64-e0c1-41ab-9975-71487d6bd5a6,3,-22.89911,-43.35167,-22.904619,-43.219521,2019-01-25 08:57:31,2019-01-25 08:58:56,13549.840598351142,-85.0
C51506,1a516c64-e0c1-41ab-9975-71487d6bd5a6,4,-22.898012,-43.352228,-22.904619,-43.219521,2019-01-25 08:57:31,2019-01-25 08:59:23,13613.036021554703,-112.0
C51506,1a516c64-e0c1-41ab-9975-71487d6bd5a6,5,-22.89818,-43.350146,-22.904619,-43.219521,2019-01-25 08:57:31,2019-01-25 09:00:07,13399.072730612133,-156.0
C51506,1a516c64-e0c1-41ab-9975-71487d6bd5a6,6,-22.896967,-43.348397,-22.904619,-43.219521,2019-01-25 08:57:31,2019-01-25 09:00:43,13228.231344864578,-192.0
C51506,1a516c64-e0c1-41ab-9975-71487d6bd5a6,7,-22.8954,-43.34742,-22.904619,-43.219521,2019-01-25 08:57:31,2019-01-25 09:01:11,13140.88419981455,-220.0
C51506,1a516c64-e0c1-41ab-9975-71487d6bd5a6,8,-22.89369,-43.34688,-22.904619,-43.219521,2019-01-25 08:57:31,2019-01-25 09:01:39,13102.089242532706,-248.0
C51506,1a516c64-e0c1-41ab-9975-71487d6bd5a6,9,-22.890381,-43.34553,-22.904619,-43.219521,2019-01-25 08:57:31,2019-01-25 09:02:40,13004.215829692288,-309.0
C51506,1a516c64-e0c1-41ab-9975-71487d6bd5a6,10,-22.88842,-43.34439,-22.904619,-43.219521,2019-01-25 08:57:31,2019-01-25 09:03:15,12917.008569744705,-344.0
C51506,1a516c64-e0c1-41ab-9975-71487d6bd5a6,11,-22.88717,-43.34339,-22.904619,-43.219521,2019-01-25 08:57:31,2019-01-25 09:03:39,12835.914816786402,-368.0
C51506,1a516c64-e0c1-41ab-9975-71487d6bd5a6,12,-22.88579,-43.34209,-22.904619,-43.219521,2019-01-25 08:57:31,2019-01-25 09:04:08,12728.69794647026,-397.0
C51506,1a516c64-e0c1-41ab-9975-71487d6bd5a6,13,-22.88283,-43.34025,-22.904619,-43.219521,2019-01-25 08:57:31,2019-01-25 09:05:25,12602.075617167218,-474.0
C51506,1a516c64-e0c1-41ab-9975-71487d6bd5a6,14,-22.882534,-43.33687,-22.904619,-43.219521,2019-01-25 08:57:31,2019-01-25 09:06:14,12269.04046741738,-523.0
C51506,1a516c64-e0c1-41ab-9975-71487d6bd5a6,15,-22.882382,-43.333901,-22.904619,-43.219521,2019-01-25 08:57:31,2019-01-25 09:06:57,11974.7023021532,-566.0
C51506,1a516c64-e0c1-41ab-9975-71487d6bd5a6,16,-22.882138,-43.331007,-22.904619,-43.219521,2019-01-25 08:57:31,2019-01-25 09:07:45,11690.582997912981,-614.0
C51506,1a516c64-e0c1-41ab-9975-71487d6bd5a6,17,-22.88256,-43.32373,-22.904619,-43.219521,2019-01-25 08:57:31,2019-01-25 09:09:26,10952.934743220649,-715.0
C51506,1a516c64-e0c1-41ab-9975-71487d6bd5a6,18,-22.88284,-43.3224,-22.904619,-43.219521,2019-01-25 08:57:31,2019-01-25 09:09:46,10813.172115713634,-735.0
C51506,1a516c64-e0c1-41ab-9975-71487d6bd5a6,19,-22.8835,-43.32058,-22.904619,-43.219521,2019-01-25 08:57:31,2019-01-25 09:10:14,10615.055632243651,-763.0
C51506,1a516c64-e0c1-41ab-9975-71487d6bd5a6,20,-22.88445,-43.31751,-22.904619,-43.219521,2019-01-25 08:57:31,2019-01-25 09:11:01,10285.021063971251,-810.0
C51506,1a516c64-e0c1-41ab-9975-71487d6bd5a6,21,-22.884744,-43.316116,-22.904619,-43.219521,2019-01-25 08:57:31,2019-01-25 09:11:22,10138.523515759356,-831.0
C51506,1a516c64-e0c1-41ab-9975-71487d6bd5a6,22,-22.88498,-43.31429,-22.904619,-43.219521,2019-01-25 08:57:31,2019-01-25 09:11:48,9950.257880366478,-857.0
C51506,1a516c64-e0c1-41ab-9975-71487d6bd5a6,23,-22.885103,-43.311568,-22.904619,-43.219521,2019-01-25 08:57:31,2019-01-25 09:12:27,9675.34002271434,-896.0
C51506,1a516c64-e0c1-41ab-9975-71487d6bd5a6,24,-22.88562,-43.30967,-22.904619,-43.219521,2019-01-25 08:57:31,2019-01-25 09:12:57,9472.968804344126,-926.0
C51506,1a516c64-e0c1-41ab-9975-71487d6bd5a6,25,-22.88672,-43.306443,-22.904619,-43.219521,2019-01-25 08:57:31,2019-01-25 09:13:46,9123.537178287808,-975.0
C51506,1a516c64-e0c1-41ab-9975-71487d6bd5a6,26,-22.88646,-43.30281,-22.904619,-43.219521,2019-01-25 08:57:31,2019-01-25 09:14:40,8767.353063825785,-1029.0
C51506,1a516c64-e0c1-41ab-9975-71487d6bd5a6,27,-22.88548,-43.30031,-22.904619,-43.219521,2019-01-25 08:57:31,2019-01-25 09:15:21,8544.870354210423,-1070.0
C51506,1a516c64-e0c1-41ab-9975-71487d6bd5a6,28,-22.884601,-43.297845,-22.904619,-43.219521,2019-01-25 08:57:31,2019-01-25 09:16:00,8326.183663951286,-1109.0
C51506,1a516c64-e0c1-41ab-9975-71487d6bd5a6,29,-22.88341,-43.29648,-22.904619,-43.219521,2019-01-25 08:57:31,2019-01-25 09:16:27,8228.540594206199,-1136.0
C51506,1a516c64-e0c1-41ab-9975-71487d6bd5a6,30,-22.88182,-43.29431,-22.904619,-43.219521,2019-01-25 08:57:31,2019-01-25 09:17:08,8069.661586591295,-1177.0
C51506,1a516c64-e0c1-41ab-9975-71487d6bd5a6,31,-22.8842,-43.29133,-22.904619,-43.219521,2019-01-25 08:57:31,2019-01-25 09:18:12,7698.222859275061,-1241.0
C51506,1a516c64-e0c1-41ab-9975-71487d6bd5a6,32,-22.885668,-43.290084,-22.904619,-43.219521,2019-01-25 08:57:31,2019-01-25 09:18:46,7529.014604445857,-1275.0
C51506,1a516c64-e0c1-41ab-9975-71487d6bd5a6,33,-22.88744,-43.2864,-22.904619,-43.219521,2019-01-25 08:57:31,2019-01-25 09:19:41,7112.026733594667,-1330.0
C51506,1a516c64-e0c1-41ab-9975-71487d6bd5a6,34,-22.887738,-43.283511,-22.904619,-43.219521,2019-01-25 08:57:31,2019-01-25 09:20:17,6818.227622461735,-1366.0
C51506,1a516c64-e0c1-41ab-9975-71487d6bd5a6,35,-22.887155,-43.280679,-22.904619,-43.219521,2019-01-25 08:57:31,2019-01-25 09:21:03,6558.745653294704,-1412.0
C51506,1a516c64-e0c1-41ab-9975-71487d6bd5a6,36,-22.88591,-43.27898,-22.904619,-43.219521,2019-01-25 08:57:31,2019-01-25 09:21:36,6436.15180617645,-1445.0
C51506,1a516c64-e0c1-41ab-9975-71487d6bd5a6,37,-22.88441,-43.27719,-22.904619,-43.219521,2019-01-25 08:57:31,2019-01-25 09:22:11,6320.3086213458455,-1480.0
C51506,1a516c64-e0c1-41ab-9975-71487d6bd5a6,38,-22.8822,-43.2754,-22.904619,-43.219521,2019-01-25 08:57:31,2019-01-25 09:22:54,6243.311693184877,-1523.0
C51506,1a516c64-e0c1-41ab-9975-71487d6bd5a6,39,-22.881083,-43.272751,-22.904619,-43.219521,2019-01-25 08:57:31,2019-01-25 09:23:38,6048.225555639044,-1567.0
C51506,1a516c64-e0c1-41ab-9975-71487d6bd5a6,40,-22.878863,-43.265859,-22.904619,-43.219521,2019-01-25 08:57:31,2019-01-25 09:25:24,5543.798660150251,-1673.0
C51506,1a516c64-e0c1-41ab-9975-71487d6bd5a6,41,-22.87833,-43.26397,-22.904619,-43.219521,2019-01-25 08:57:31,2019-01-25 09:25:56,5410.839597508965,-1705.0
C51506,1a516c64-e0c1-41ab-9975-71487d6bd5a6,42,-22.878337,-43.261822,-22.904619,-43.219521,2019-01-25 08:57:31,2019-01-25 09:26:27,5226.594854402332,-1736.0
C51506,1a516c64-e0c1-41ab-9975-71487d6bd5a6,43,-22.880394,-43.259223,-22.904619,-43.219521,2019-01-25 08:57:31,2019-01-25 09:27:22,4878.119773746601,-1791.0
C51506,1a516c64-e0c1-41ab-9975-71487d6bd5a6,44,-22.882581,-43.254845,-22.904619,-43.219521,2019-01-25 08:57:31,2019-01-25 09:28:34,4370.147195436835,-1863.0
C51506,1a516c64-e0c1-41ab-9975-71487d6bd5a6,45,-22.88517,-43.25266,-22.904619,-43.219521,2019-01-25 08:57:31,2019-01-25 09:29:25,4024.9513496810982,-1914.0
C51506,1a516c64-e0c1-41ab-9975-71487d6bd5a6,46,-22.886927,-43.250822,-22.904619,-43.219521,2019-01-25 08:57:31,2019-01-25 09:30:03,3761.7091306980315,-1952.0
C51506,1a516c64-e0c1-41ab-9975-71487d6bd5a6,47,-22.890046,-43.244457,-22.904619,-43.219521,2019-01-25 08:57:31,2019-01-25 09:32:03,3024.921373967986,-2072.0
C51506,1a516c64-e0c1-41ab-9975-71487d6bd5a6,48,-22.890765,-43.242335,-22.904619,-43.219521,2019-01-25 08:57:31,2019-01-25 09:32:34,2798.9717757861035,-2103.0
C51506,1a516c64-e0c1-41ab-9975-71487d6bd5a6,49,-22.891768,-43.240794,-22.904619,-43.219521,2019-01-25 08:57:31,2019-01-25 09:32:58,2605.7990105267218,-2127.0
C51506,1a516c64-e0c1-41ab-9975-71487d6bd5a6,50,-22.89495,-43.24279,-22.904619,-43.219521,2019-01-25 08:57:31,2019-01-25 09:34:14,2614.7433278262774,-2203.0
C51506,1a516c64-e0c1-41ab-9975-71487d6bd5a6,51,-22.897995,-43.241305,-22.904619,-43.219521,2019-01-25 08:57:31,2019-01-25 09:35:25,2349.762790840375,-2274.0
C51506,1a516c64-e0c1-41ab-9975-71487d6bd5a6,52,-22.90138,-43.241176,-22.904619,-43.219521,2019-01-25 08:57:31,2019-01-25 09:36:25,2247.147386263506,-2334.0
C51506,1a516c64-e0c1-41ab-9975-71487d6bd5a6,53,-22.90591,-43.23964,-22.904619,-43.219521,2019-01-25 08:57:31,2019-01-25 09:37:38,2065.7261406400207,-2407.0
C51506,1a516c64-e0c1-41ab-9975-71487d6bd5a6,54,-22.907884,-43.236917,-22.904619,-43.219521,2019-01-25 08:57:31,2019-01-25 09:38:28,1818.4205638572585,-2457.0
C51506,1a516c64-e0c1-41ab-9975-71487d6bd5a6,55,-22.908756,-43.234655,-22.904619,-43.219521,2019-01-25 08:57:31,2019-01-25 09:39:00,1616.933348994199,-2489.0
C51506,1a516c64-e0c1-41ab-9975-71487d6bd5a6,56,-22.908374,-43.231002,-22.904619,-43.219521,2019-01-25 08:57:31,2019-01-25 09:39:57,1247.8816999766734,-2546.0
C51506,1a516c64-e0c1-41ab-9975-71487d6bd5a6,57,-22.90931,-43.22631,-22.904619,-43.219521,2019-01-25 08:57:31,2019-01-25 09:41:18,869.2647010026236,-2627.0
C51506,1a516c64-e0c1-41ab-9975-71487d6bd5a6,58,-22.909238,-43.222916,-22.904619,-43.219521,2019-01-25 08:57:31,2019-01-25 09:42:08,620.2538861378449,-2677.0
C51506,1a516c64-e0c1-41ab-9975-71487d6bd5a6,59,-22.906357,-43.220639,-22.904619,-43.219521,2019-01-25 08:57:31,2019-01-25 09:43:05,224.63637110768315,-2734.0
C51506,1a516c64-e0c1-41ab-9975-71487d6bd5a6,60,-22.904907,-43.218901,-22.904619,-43.219521,2019-01-25 08:57:31,2019-01-25 09:43:51,71.12271433155166,-2780.0
C51506,1a516c64-e0c1-41ab-9975-71487d6bd5a6,61,-22.90411,-43.21611,-22.904619,-43.219521,2019-01-25 08:57:31,2019-01-25 09:44:36,353.93602806337464,-2825.0
C51506,1a516c64-e0c1-41ab-9975-71487d6bd5a6,62,-22.90341,-43.21449,-22.904619,-43.219521,2019-01-25 08:57:31,2019-01-25 09:45:02,532.5627511952957,-2851.0
C51506,1a516c64-e0c1-41ab-9975-71487d6bd5a6,63,-22.902025,-43.210979,-22.904619,-43.219521,2019-01-25 08:57:31,2019-01-25 09:45:57,921.2637377105672,-2906.0
C51506,1a516c64-e0c1-41ab-9975-71487d6bd5a6,64,-22.908498,-43.209965,-22.904619,-43.219521,2019-01-25 08:57:31,2019-01-25 09:47:43,1069.6077755830506,-3012.0
C51506,1a516c64-e0c1-41ab-9975-71487d6bd5a6,65,-22.91013,-43.205583,-22.904619,-43.219521,2019-01-25 08:57:31,2019-01-25 09:49:17,1553.5705950460344,-3106.0
C51506,1a516c64-e0c1-41ab-9975-71487d6bd5a6,66,-22.908619,-43.201048,-22.904619,-43.219521,2019-01-25 08:57:31,2019-01-25 09:50:26,1943.692396260009,-3175.0
C51506,1a516c64-e0c1-41ab-9975-71487d6bd5a6,67,-22.90623,-43.193405,-22.904619,-43.219521,2019-01-25 08:57:31,2019-01-25 09:52:23,2680.9760825241747,-3292.0
C51506,1a516c64-e0c1-41ab-9975-71487d6bd5a6,68,-22.905052,-43.189782,-22.904619,-43.219521,2019-01-25 08:57:31,2019-01-25 09:53:18,3046.471658532282,-3347.0
C51506,1a516c64-e0c1-41ab-9975-71487d6bd5a6,69,-22.903332,-43.184461,-22.904619,-43.219521,2019-01-25 08:57:31,2019-01-25 09:54:39,3593.9809389400075,-3428.0
C51506,1a516c64-e0c1-41ab-9975-71487d6bd5a6,70,-22.905593,-43.182786,-22.904619,-43.219521,2019-01-25 08:57:31,2019-01-25 09:55:32,3764.2247629655076,-3481.0
C51506,1a516c64-e0c1-41ab-9975-71487d6bd5a6,71,-22.90723,-43.18272,-22.904619,-43.219521,2019-01-25 08:57:31,2019-01-25 09:56:08,3780.5683109948677,-3517.0
C51506,1a516c64-e0c1-41ab-9975-71487d6bd5a6,72,-22.90879,-43.18819,-22.904619,-43.219521,2019-01-25 08:57:31,2019-01-25 09:57:31,3242.453010141483,-3600.0
