order,trip_id,stop_sequence,stop_id,stop_lat,stop_lon,arrival_previsto,arrival_real,atraso_min,matched_distance_m
C51592,1a516c64-e0c1-41ab-9975-71487d6bd5a6,0,4124O00046C0,-22.901318,-43.347259,2019-01-25 08:58:56,,,
C51592,1a516c64-e0c1-41ab-9975-71487d6bd5a6,1,4124O00031C0,-22.90189,-43.34779,2019-01-25 08:59:07,,,
C51592,1a516c64-e0c1-41ab-9975-71487d6bd5a6,2,4124O00058C0,-22.900466,-43.349828,2019-01-25 08:59:47,,,
C51592,1a516c64-e0c1-41ab-9975-71487d6bd5a6,3,4124O00033C0,-22.89911,-43.35167,2019-01-25 09:00:21,,,
C51592,1a516c64-e0c1-41ab-9975-71487d6bd5a6,4,4124O00004C0,-22.898012,-43.352228,2019-01-25 09:00:48,,,
C51592,1a516c64-e0c1-41ab-9975-71487d6bd5a6,5,4124O00006C0,-22.89818,-43.350146,2019-01-25 09:01:32,,,
C51592,1a516c64-e0c1-41ab-9975-71487d6bd5a6,6,4124O00008C0,-22.896967,-43.348397,2019-01-25 09:02:08,,,
C51592,1a516c64-e0c1-41ab-9975-71487d6bd5a6,7,4124O00016C0,-22.8954,-43.34742,2019-01-25 09:02:36,2019-01-25 10:50:56,108.33333333333333,245.77800858896555
C51592,1a516c64-e0c1-41ab-9975-71487d6bd5a6,8,4124O00017C0,-22.89369,-43.34688,2019-01-25 09:03:04,,,
C51592,1a516c64-e0c1-41ab-9975-71487d6bd5a6,9,4124O00050C0,-22.890381,-43.34553,2019-01-25 09:04:05,,,
C51592,1a516c64-e0c1-41ab-9975-71487d6bd5a6,10,3078O00007C0,-22.88842,-43.34439,2019-01-25 09:04:40,,,
C51592,1a516c64-e0c1-41ab-9975-71487d6bd5a6,11,3078O00008C0,-22.88717,-43.34339,2019-01-25 09:05:04,,,
C51592,1a516c64-e0c1-41ab-9975-71487d6bd5a6,12,3078O00009C0,-22.88579,-43.34209,2019-01-25 09:05:33,,,
C51592,1a516c64-e0c1-41ab-9975-71487d6bd5a6,13,3082O00002C0,-22.88283,-43.34025,2019-01-25 09:06:50,,,
C51592,1a516c64-e0c1-41ab-9975-71487d6bd5a6,14,3082O00018C0,-22.882534,-43.33687,2019-01-25 09:07:39,,,
C51592,1a516c64-e0c1-41ab-9975-71487d6bd5a6,15,3082O00051C0,-22.882382,-43.333901,2019-01-25 09:08:22,,,
C51592,1a516c64-e0c1-41ab-9975-71487d6bd5a6,16,3082O00019C0,-22.882138,-43.331007,2019-01-25 09:09:10,,,
C51592,1a516c64-e0c1-41ab-9975-71487d6bd5a6,17,3082O00004C1,-22.88256,-43.32373,2019-01-25 09:10:51,,,
C51592,1a516c64-e0c1-41ab-9975-71487d6bd5a6,18,3082O00005C2,-22.88284,-43.3224,2019-01-25 09:11:11,,,
C51592,1a516c64-e0c1-41ab-9975-71487d6bd5a6,19,3079O00001C2,-22.8835,-43.32058,2019-01-25 09:11:39,,,
C51592,1a516c64-e0c1-41ab-9975-71487d6bd5a6,20,3079O00002C2,-22.88445,-43.31751,2019-01-25 09:12:26,,,
C51592,1a516c64-e0c1-41ab-9975-71487d6bd5a6,21,3079O00041C2,-22.884744,-43.316116,2019-01-25 09:12:47,,,
C51592,1a516c64-e0c1-41ab-9975-71487d6bd5a6,23,3079O00040C2,-22.88498,-43.31429,2019-01-25 09:13:13,,,
C51592,1a516c64-e0c1-41ab-9975-71487d6bd5a6,24,3079O00042C2,-22.885103,-43.311568,2019-01-25 09:13:52,,,
C51592,1a516c64-e0c1-41ab-9975-71487d6bd5a6,25,3069O00057C2,-22.88562,-43.30967,2019-01-25 09:14:22,,,
C51592,1a516c64-e0c1-41ab-9975-71487d6bd5a6,26,3069O00058C2,-22.88672,-43.306443,2019-01-25 09:15:11,,,
C51592,1a516c64-e0c1-41ab-9975-71487d6bd5a6,27,3069O00003C2,-22.88646,-43.30281,2019-01-25 09:16:05,,,
C51592,1a516c64-e0c1-41ab-9975-71487d6bd5a6,28,3070O00001C2,-22.88548,-43.30031,2019-01-25 09:16:46,,,
C51592,1a516c64-e0c1-41ab-9975-71487d6bd5a6,29,3071O00033C2,-22.884601,-43.297845,2019-01-25 09:17:25,,,
C51592,1a516c64-e0c1-41ab-9975-71487d6bd5a6,30,3071O00004C2,-22.88341,-43.29648,2019-01-25 09:17:52,,,
C51592,1a516c64-e0c1-41ab-9975-71487d6bd5a6,31,3071O00005C2,-22.88182,-43.29431,2019-01-25 09:18:33,,,
C51592,1a516c64-e0c1-41ab-9975-71487d6bd5a6,32,3071O00006C2,-22.8842,-43.29133,2019-01-25 09:19:37,,,
C51592,1a516c64-e0c1-41ab-9975-71487d6bd5a6,33,3066O00003C2,-22.885668,-43.290084,2019-01-25 09:20:11,,,
C51592,1a516c64-e0c1-41ab-9975-71487d6bd5a6,34,3064O00002C0,-22.88744,-43.2864,2019-01-25 09:21:06,,,
C51592,1a516c64-e0c1-41ab-9975-71487d6bd5a6,35,3065O00001C0,-22.887738,-43.283511,2019-01-25 09:21:42,,,
C51592,1a516c64-e0c1-41ab-9975-71487d6bd5a6,36,3065O00003C0,-22.887155,-43.280679,2019-01-25 09:22:28,,,
C51592,1a516c64-e0c1-41ab-9975-71487d6bd5a6,37,3065O00004C0,-22.88591,-43.27898,2019-01-25 09:23:01,,,
C51592,1a516c64-e0c1-41ab-9975-71487d6bd5a6,38,3065O00005C0,-22.88441,-43.27719,2019-01-25 09:23:36,,,
C51592,1a516c64-e0c1-41ab-9975-71487d6bd5a6,39,3053O00006C0,-22.8822,-43.2754,2019-01-25 09:24:19,,,
C51592,1a516c64-e0c1-41ab-9975-71487d6bd5a6,40,3053O00007C0,-22.881083,-43.272751,2019-01-25 09:25:03,,,
C51592,1a516c64-e0c1-41ab-9975-71487d6bd5a6,41,3053O00008C0,-22.878863,-43.265859,2019-01-25 09:26:49,,,
C51592,1a516c64-e0c1-41ab-9975-71487d6bd5a6,42,3052O00001C0,-22.87833,-43.26397,2019-01-25 09:27:21,,,
C51592,1a516c64-e0c1-41ab-9975-71487d6bd5a6,43,3052O00002C1,-22.878337,-43.261822,2019-01-25 09:27:52,,,
C51592,1a516c64-e0c1-41ab-9975-71487d6bd5a6,44,3052O00003C0,-22.880394,-43.259223,2019-01-25 09:28:47,,,
C51592,1a516c64-e0c1-41ab-9975-71487d6bd5a6,45,3155O00001C0,-22.882581,-43.254845,2019-01-25 09:29:59,,,
C51592,1a516c64-e0c1-41ab-9975-71487d6bd5a6,46,3155O00002C0,-22.88517,-43.25266,2019-01-25 09:30:50,,,
C51592,1a516c64-e0c1-41ab-9975-71487d6bd5a6,47,3155O00003C0,-22.886927,-43.250822,2019-01-25 09:31:28,,,
C51592,1a516c64-e0c1-41ab-9975-71487d6bd5a6,48,1012O00011C0,-22.890046,-43.244457,2019-01-25 09:33:28,,,
C51592,1a516c64-e0c1-41ab-9975-71487d6bd5a6,49,1012O00012C0,-22.890765,-43.242335,2019-01-25 09:33:59,,,
C51592,1a516c64-e0c1-41ab-9975-71487d6bd5a6,50,1012O00013C0,-22.891768,-43.240794,2019-01-25 09:34:23,,,
C51592,1a516c64-e0c1-41ab-9975-71487d6bd5a6,51,1012O00027C0,-22.89495,-43.24279,2019-01-25 09:35:39,,,
C51592,1a516c64-e0c1-41ab-9975-71487d6bd5a6,52,vphs,-22.897995,-43.241305,2019-01-25 09:36:50,,,
C51592,1a516c64-e0c1-41ab-9975-71487d6bd5a6,53,1011O00001C0,-22.90138,-43.241176,2019-01-25 09:37:50,,,
C51592,1a516c64-e0c1-41ab-9975-71487d6bd5a6,54,3057O00006C0,-22.90591,-43.23964,2019-01-25 09:39:03,,,
C51592,1a516c64-e0c1-41ab-9975-71487d6bd5a6,56,1011O00002C0,-22.907884,-43.236917,2019-01-25 09:39:53,,,
C51592,1a516c64-e0c1-41ab-9975-71487d6bd5a6,57,2035O00042C0,-22.908756,-43.234655,2019-01-25 09:40:25,,,
C51592,1a516c64-e0c1-41ab-9975-71487d6bd5a6,58,1010O00038C0,-22.908374,-43.231002,2019-01-25 09:41:22,,,
C51592,1a516c64-e0c1-41ab-9975-71487d6bd5a6,59,1010O00077C0,-22.90931,-43.22631,2019-01-25 09:42:43,,,
C51592,1a516c64-e0c1-41ab-9975-71487d6bd5a6,60,1010O00103C0,-22.909238,-43.222916,2019-01-25 09:43:33,,,
C51592,1a516c64-e0c1-41ab-9975-71487d6bd5a6,61,1010O00040C0,-22.906357,-43.220639,2019-01-25 09:44:30,,,
C51592,1a516c64-e0c1-41ab-9975-71487d6bd5a6,62,1010O00107C0,-22.904907,-43.218901,2019-01-25 09:45:16,,,
C51592,1a516c64-e0c1-41ab-9975-71487d6bd5a6,63,1010O00079C0,-22.90411,-43.21611,2019-01-25 09:46:01,,,
C51592,1a516c64-e0c1-41ab-9975-71487d6bd5a6,64,1010O00080C0,-22.90341,-43.21449,2019-01-25 09:46:27,,,
C51592,1a516c64-e0c1-41ab-9975-71487d6bd5a6,65,1010O00081C0,-22.902025,-43.210979,2019-01-25 09:47:22,,,
C51592,1a516c64-e0c1-41ab-9975-71487d6bd5a6,66,2032O00028C0,-22.908498,-43.209965,2019-01-25 09:49:08,,,
C51592,1a516c64-e0c1-41ab-9975-71487d6bd5a6,67,1008O00022S0,-22.91013,-43.205583,2019-01-25 09:50:42,,,
C51592,1a516c64-e0c1-41ab-9975-71487d6bd5a6,68,1008O00005S0,-22.908619,-43.201048,2019-01-25 09:51:51,,,
C51592,1a516c64-e0c1-41ab-9975-71487d6bd5a6,69,1005O00060C0,-22.90623,-43.193405,2019-01-25 09:53:48,,,
C51592,1a516c64-e0c1-41ab-9975-71487d6bd5a6,70,1005O00359S0,-22.905052,-43.189782,2019-01-25 09:54:43,,,
C51592,1a516c64-e0c1-41ab-9975-71487d6bd5a6,71,1005O00375S2,-22.903332,-43.184461,2019-01-25 09:56:04,,,
C51592,1a516c64-e0c1-41ab-9975-71487d6bd5a6,72,1005O00197C0,-22.905593,-43.182786,2019-01-25 09:56:57,,,
C51592,1a516c64-e0c1-41ab-9975-71487d6bd5a6,73,1005O00020S0,-22.90723,-43.18272,2019-01-25 09:57:33,,,
C51592,1a516c64-e0c1-41ab-9975-71487d6bd5a6,74,1005O00232S0,-22.90879,-43.18819,2019-01-25 09:58:56,,,
C51592,1a516c64-e0c1-41ab-9975-71487d6bd5a6,75,1005O00234C0,-22.908392,-43.189263,2019-01-25 09:59:17,,,
C51589,1a516c64-e0c1-41ab-9975-71487d6bd5a6,0,4124O00046C0,-22.901318,-43.347259,2019-01-25 08:59:01,2019-01-25 10:27:59,88.96666666666667,94.19401061357922
C51589,1a516c64-e0c1-41ab-9975-71487d6bd5a6,1,4124O00031C0,-22.90189,-43.34779,2019-01-25 08:59:12,2019-01-25 10:28:59,89.78333333333333,177.88018375773947
C51589,1a516c64-e0c1-41ab-9975-71487d6bd5a6,2,4124O00058C0,-22.900466,-43.349828,2019-01-25 08:59:52,2019-01-25 10:49:59,110.11666666666666,243.45632830602412
C51589,1a516c64-e0c1-41ab-9975-71487d6bd5a6,3,4124O00033C0,-22.89911,-43.35167,2019-01-25 09:00:26,2019-01-25 10:50:59,110.55,203.11203425334466
C51589,1a516c64-e0c1-41ab-9975-71487d6bd5a6,4,4124O00004C0,-22.898012,-43.352228,2019-01-25 09:00:53,,,
C51589,1a516c64-e0c1-41ab-9975-71487d6bd5a6,5,4124O00006C0,-22.89818,-43.350146,2019-01-25 09:01:37,,,
C51589,1a516c64-e0c1-41ab-9975-71487d6bd5a6,6,4124O00008C0,-22.896967,-43.348397,2019-01-25 09:02:13,,,
C51589,1a516c64-e0c1-41ab-9975-71487d6bd5a6,7,4124O00016C0,-22.8954,-43.34742,2019-01-25 09:02:41,,,
C51589,1a516c64-e0c1-41ab-9975-71487d6bd5a6,8,4124O00017C0,-22.89369,-43.34688,2019-01-25 09:03:09,,,
C51589,1a516c64-e0c1-41ab-9975-71487d6bd5a6,9,4124O00050C0,-22.890381,-43.34553,2019-01-25 09:04:10,,,
C51589,1a516c64-e0c1-41ab-9975-71487d6bd5a6,10,3078O00007C0,-22.88842,-43.34439,2019-01-25 09:04:45,,,
C51589,1a516c64-e0c1-41ab-9975-71487d6bd5a6,11,3078O00008C0,-22.88717,-43.34339,2019-01-25 09:05:09,,,
C51589,1a516c64-e0c1-41ab-9975-71487d6bd5a6,12,3078O00009C0,-22.88579,-43.34209,2019-01-25 09:05:38,,,
C51589,1a516c64-e0c1-41ab-9975-71487d6bd5a6,13,3082O00002C0,-22.88283,-43.34025,2019-01-25 09:06:55,2019-01-25 10:54:59,108.06666666666666,19.651778402386363
C51589,1a516c64-e0c1-41ab-9975-71487d6bd5a6,14,3082O00018C0,-22.882534,-43.33687,2019-01-25 09:07:44,2019-01-25 10:55:59,108.25,127.55333968147599
C51589,1a516c64-e0c1-41ab-9975-71487d6bd5a6,15,3082O00051C0,-22.882382,-43.333901,2019-01-25 09:08:27,,,
C51589,1a516c64-e0c1-41ab-9975-71487d6bd5a6,16,3082O00019C0,-22.882138,-43.331007,2019-01-25 09:09:15,2019-01-25 10:56:59,107.73333333333333,202.83548224654058
C51589,1a516c64-e0c1-41ab-9975-71487d6bd5a6,17,3082O00004C1,-22.88256,-43.32373,2019-01-25 09:10:56,2019-01-25 10:57:59,107.05,217.08477197821173
C51589,1a516c64-e0c1-41ab-9975-71487d6bd5a6,18,3082O00005C2,-22.88284,-43.3224,2019-01-25 09:11:16,2019-01-25 11:00:29,109.21666666666667,210.66631828881154
C51589,1a516c64-e0c1-41ab-9975-71487d6bd5a6,19,3079O00001C2,-22.8835,-43.32058,2019-01-25 09:11:44,,,
C51589,1a516c64-e0c1-41ab-9975-71487d6bd5a6,20,3079O00002C2,-22.88445,-43.31751,2019-01-25 09:12:31,2019-01-25 11:01:59,109.46666666666667,241.0973153950061
C51589,1a516c64-e0c1-41ab-9975-71487d6bd5a6,21,3079O00041C2,-22.884744,-43.316116,2019-01-25 09:12:52,,,
C51589,1a516c64-e0c1-41ab-9975-71487d6bd5a6,23,3079O00040C2,-22.88498,-43.31429,2019-01-25 09:13:18,,,
C51589,1a516c64-e0c1-41ab-9975-71487d6bd5a6,24,3079O00042C2,-22.885103,-43.311568,2019-01-25 09:13:57,2019-01-25 11:03:59,110.03333333333333,214.9489222950042
C51589,1a516c64-e0c1-41ab-9975-71487d6bd5a6,25,3069O00057C2,-22.88562,-43.30967,2019-01-25 09:14:27,,,
C51589,1a516c64-e0c1-41ab-9975-71487d6bd5a6,26,3069O00058C2,-22.88672,-43.306443,2019-01-25 09:15:16,,,
C51589,1a516c64-e0c1-41ab-9975-71487d6bd5a6,27,3069O00003C2,-22.88646,-43.30281,2019-01-25 09:16:10,2019-01-25 11:05:59,109.81666666666666,243.78738445525266
C51589,1a516c64-e0c1-41ab-9975-71487d6bd5a6,28,3070O00001C2,-22.88548,-43.30031,2019-01-25 09:16:51,2019-01-25 11:06:29,109.63333333333334,16.889143015548363
C51589,1a516c64-e0c1-41ab-9975-71487d6bd5a6,29,3071O00033C2,-22.884601,-43.297845,2019-01-25 09:17:30,,,
C51589,1a516c64-e0c1-41ab-9975-71487d6bd5a6,30,3071O00004C2,-22.88341,-43.29648,2019-01-25 09:17:57,2019-01-25 11:07:59,110.03333333333333,68.9455387329084
C51589,1a516c64-e0c1-41ab-9975-71487d6bd5a6,31,3071O00005C2,-22.88182,-43.29431,2019-01-25 09:18:38,2019-01-25 11:08:59,110.35,95.72846781436454
C51589,1a516c64-e0c1-41ab-9975-71487d6bd5a6,32,3071O00006C2,-22.8842,-43.29133,2019-01-25 09:19:42,2019-01-25 11:09:29,109.78333333333333,88.15329960378664
C51589,1a516c64-e0c1-41ab-9975-71487d6bd5a6,33,3066O00003C2,-22.885668,-43.290084,2019-01-25 09:20:16,,,
C51589,1a516c64-e0c1-41ab-9975-71487d6bd5a6,34,3064O00002C0,-22.88744,-43.2864,2019-01-25 09:21:11,2019-01-25 11:10:59,109.8,94.54891705708884
C51589,1a516c64-e0c1-41ab-9975-71487d6bd5a6,35,3065O00001C0,-22.887738,-43.283511,2019-01-25 09:21:47,,,
C51589,1a516c64-e0c1-41ab-9975-71487d6bd5a6,36,3065O00003C0,-22.887155,-43.280679,2019-01-25 09:22:33,,,
C51589,1a516c64-e0c1-41ab-9975-71487d6bd5a6,37,3065O00004C0,-22.88591,-43.27898,2019-01-25 09:23:06,,,
C51589,1a516c64-e0c1-41ab-9975-71487d6bd5a6,38,3065O00005C0,-22.88441,-43.27719,2019-01-25 09:23:41,,,
C51589,1a516c64-e0c1-41ab-9975-71487d6bd5a6,39,3053O00006C0,-22.8822,-43.2754,2019-01-25 09:24:24,2019-01-25 11:14:59,110.58333333333333,49.614028719697465
C51589,1a516c64-e0c1-41ab-9975-71487d6bd5a6,40,3053O00007C0,-22.881083,-43.272751,2019-01-25 09:25:08,,,
C51589,1a516c64-e0c1-41ab-9975-71487d6bd5a6,41,3053O00008C0,-22.878863,-43.265859,2019-01-25 09:26:54,2019-01-25 11:15:59,109.08333333333333,89.72078952543569
C51589,1a516c64-e0c1-41ab-9975-71487d6bd5a6,42,3052O00001C0,-22.87833,-43.26397,2019-01-25 09:27:26,,,
C51589,1a516c64-e0c1-41ab-9975-71487d6bd5a6,43,3052O00002C1,-22.878337,-43.261822,2019-01-25 09:27:57,,,
C51589,1a516c64-e0c1-41ab-9975-71487d6bd5a6,44,3052O00003C0,-22.880394,-43.259223,2019-01-25 09:28:52,2019-01-25 11:17:59,109.11666666666666,91.56022628629599
C51589,1a516c64-e0c1-41ab-9975-71487d6bd5a6,45,3155O00001C0,-22.882581,-43.254845,2019-01-25 09:30:04,,,
C51589,1a516c64-e0c1-41ab-9975-71487d6bd5a6,46,3155O00002C0,-22.88517,-43.25266,2019-01-25 09:30:55,,,
C51589,1a516c64-e0c1-41ab-9975-71487d6bd5a6,47,3155O00003C0,-22.886927,-43.250822,2019-01-25 09:31:33,,,
C51589,1a516c64-e0c1-41ab-9975-71487d6bd5a6,48,1012O00011C0,-22.890046,-43.244457,2019-01-25 09:33:33,,,
C51589,1a516c64-e0c1-41ab-9975-71487d6bd5a6,49,1012O00012C0,-22.890765,-43.242335,2019-01-25 09:34:04,,,
C51589,1a516c64-e0c1-41ab-9975-71487d6bd5a6,50,1012O00013C0,-22.891768,-43.240794,2019-01-25 09:34:28,2019-01-25 11:23:59,109.51666666666667,66.94288303075666
C51589,1a516c64-e0c1-41ab-9975-71487d6bd5a6,51,1012O00027C0,-22.89495,-43.24279,2019-01-25 09:35:44,,,
C51589,1a516c64-e0c1-41ab-9975-71487d6bd5a6,52,vphs,-22.897995,-43.241305,2019-01-25 09:36:55,,,
C51589,1a516c64-e0c1-41ab-9975-71487d6bd5a6,53,1011O00001C0,-22.90138,-43.241176,2019-01-25 09:37:55,2019-01-25 11:26:29,108.56666666666666,36.88896002694437
C51589,1a516c64-e0c1-41ab-9975-71487d6bd5a6,54,3057O00006C0,-22.90591,-43.23964,2019-01-25 09:39:08,,,
C51589,1a516c64-e0c1-41ab-9975-71487d6bd5a6,56,1011O00002C0,-22.907884,-43.236917,2019-01-25 09:39:58,,,
C51589,1a516c64-e0c1-41ab-9975-71487d6bd5a6,57,2035O00042C0,-22.908756,-43.234655,2019-01-25 09:40:30,,,
C51589,1a516c64-e0c1-41ab-9975-71487d6bd5a6,58,1010O00038C0,-22.908374,-43.231002,2019-01-25 09:41:27,,,
C51589,1a516c64-e0c1-41ab-9975-71487d6bd5a6,59,1010O00077C0,-22.90931,-43.22631,2019-01-25 09:42:48,2019-01-25 11:29:29,106.68333333333334,162.24126629413115
C51589,1a516c64-e0c1-41ab-9975-71487d6bd5a6,60,1010O00103C0,-22.909238,-43.222916,2019-01-25 09:43:38,,,
C51589,1a516c64-e0c1-41ab-9975-71487d6bd5a6,61,1010O00040C0,-22.906357,-43.220639,2019-01-25 09:44:35,,,
C51589,1a516c64-e0c1-41ab-9975-71487d6bd5a6,62,1010O00107C0,-22.904907,-43.218901,2019-01-25 09:45:21,,,
C51589,1a516c64-e0c1-41ab-9975-71487d6bd5a6,63,1010O00079C0,-22.90411,-43.21611,2019-01-25 09:46:06,2019-01-25 11:33:59,107.88333333333334,233.1328907822977
C51589,1a516c64-e0c1-41ab-9975-71487d6bd5a6,64,1010O00080C0,-22.90341,-43.21449,2019-01-25 09:46:32,,,
C51589,1a516c64-e0c1-41ab-9975-71487d6bd5a6,65,1010O00081C0,-22.902025,-43.210979,2019-01-25 09:47:27,2019-01-25 11:34:29,107.03333333333333,15.566038055278467
C51589,1a516c64-e0c1-41ab-9975-71487d6bd5a6,66,2032O00028C0,-22.908498,-43.209965,2019-01-25 09:49:13,2019-01-25 11:36:29,107.26666666666667,60.78148989717168
C51589,1a516c64-e0c1-41ab-9975-71487d6bd5a6,67,1008O00022S0,-22.91013,-43.205583,2019-01-25 09:50:47,,,
C51589,1a516c64-e0c1-41ab-9975-71487d6bd5a6,68,1008O00005S0,-22.908619,-43.201048,2019-01-25 09:51:56,,,
C51589,1a516c64-e0c1-41ab-9975-71487d6bd5a6,69,1005O00060C0,-22.90623,-43.193405,2019-01-25 09:53:53,,,
C51589,1a516c64-e0c1-41ab-9975-71487d6bd5a6,70,1005O00359S0,-22.905052,-43.189782,2019-01-25 09:54:48,2019-01-25 11:44:59,110.18333333333334,137.1950381431416
C51589,1a516c64-e0c1-41ab-9975-71487d6bd5a6,71,1005O00375S2,-22.903332,-43.184461,2019-01-25 09:56:09,,,
C51589,1a516c64-e0c1-41ab-9975-71487d6bd5a6,72,1005O00197C0,-22.905593,-43.182786,2019-01-25 09:57:02,,,
C51589,1a516c64-e0c1-41ab-9975-71487d6bd5a6,73,1005O00020S0,-22.90723,-43.18272,2019-01-25 09:57:38,,,
C51589,1a516c64-e0c1-41ab-9975-71487d6bd5a6,74,1005O00232S0,-22.90879,-43.18819,2019-01-25 09:59:01,,,
C51589,1a516c64-e0c1-41ab-9975-71487d6bd5a6,75,1005O00234C0,-22.908392,-43.189263,2019-01-25 09:59:22,,,
C51598,1a516c64-e0c1-41ab-9975-71487d6bd5a6,0,4124O00046C0,-22.901318,-43.347259,2019-01-25 08:57:33,,,
C51598,1a516c64-e0c1-41ab-9975-71487d6bd5a6,1,4124O00031C0,-22.90189,-43.34779,2019-01-25 08:57:44,,,
C51598,1a516c64-e0c1-41ab-9975-71487d6bd5a6,2,4124O00058C0,-22.900466,-43.349828,2019-01-25 08:58:24,,,
C51598,1a516c64-e0c1-41ab-9975-71487d6bd5a6,3,4124O00033C0,-22.89911,-43.35167,2019-01-25 08:58:58,,,
C51598,1a516c64-e0c1-41ab-9975-71487d6bd5a6,4,4124O00004C0,-22.898012,-43.352228,2019-01-25 08:59:25,,,
C51598,1a516c64-e0c1-41ab-9975-71487d6bd5a6,5,4124O00006C0,-22.89818,-43.350146,2019-01-25 09:00:09,,,
C51598,1a516c64-e0c1-41ab-9975-71487d6bd5a6,6,4124O00008C0,-22.896967,-43.348397,2019-01-25 09:00:45,,,
C51598,1a516c64-e0c1-41ab-9975-71487d6bd5a6,7,4124O00016C0,-22.8954,-43.34742,2019-01-25 09:01:13,2019-01-25 10:52:56,111.71666666666667,246.04028100861663
C51598,1a516c64-e0c1-41ab-9975-71487d6bd5a6,8,4124O00017C0,-22.89369,-43.34688,2019-01-25 09:01:41,,,
C51598,1a516c64-e0c1-41ab-9975-71487d6bd5a6,9,4124O00050C0,-22.890381,-43.34553,2019-01-25 09:02:42,,,
C51598,1a516c64-e0c1-41ab-9975-71487d6bd5a6,10,3078O00007C0,-22.88842,-43.34439,2019-01-25 09:03:17,,,
C51598,1a516c64-e0c1-41ab-9975-71487d6bd5a6,11,3078O00008C0,-22.88717,-43.34339,2019-01-25 09:03:41,,,
C51598,1a516c64-e0c1-41ab-9975-71487d6bd5a6,12,3078O00009C0,-22.88579,-43.34209,2019-01-25 09:04:10,,,
C51598,1a516c64-e0c1-41ab-9975-71487d6bd5a6,13,3082O00002C0,-22.88283,-43.34025,2019-01-25 09:05:27,,,
C51598,1a516c64-e0c1-41ab-9975-71487d6bd5a6,14,3082O00018C0,-22.882534,-43.33687,2019-01-25 09:06:16,,,
C51598,1a516c64-e0c1-41ab-9975-71487d6bd5a6,15,3082O00051C0,-22.882382,-43.333901,2019-01-25 09:06:59,,,
C51598,1a516c64-e0c1-41ab-9975-71487d6bd5a6,16,3082O00019C0,-22.882138,-43.331007,2019-01-25 09:07:47,,,
C51598,1a516c64-e0c1-41ab-9975-71487d6bd5a6,17,3082O00004C1,-22.88256,-43.32373,2019-01-25 09:09:28,,,
C51598,1a516c64-e0c1-41ab-9975-71487d6bd5a6,18,3082O00005C2,-22.88284,-43.3224,2019-01-25 09:09:48,,,
C51598,1a516c64-e0c1-41ab-9975-71487d6bd5a6,19,3079O00001C2,-22.8835,-43.32058,2019-01-25 09:10:16,,,
C51598,1a516c64-e0c1-41ab-9975-71487d6bd5a6,20,3079O00002C2,-22.88445,-43.31751,2019-01-25 09:11:03,,,
C51598,1a516c64-e0c1-41ab-9975-71487d6bd5a6,21,3079O00041C2,-22.884744,-43.316116,2019-01-25 09:11:24,,,
C51598,1a516c64-e0c1-41ab-9975-71487d6bd5a6,23,3079O00040C2,-22.88498,-43.31429,2019-01-25 09:11:50,,,
C51598,1a516c64-e0c1-41ab-9975-71487d6bd5a6,24,3079O00042C2,-22.885103,-43.311568,2019-01-25 09:12:29,,,
C51598,1a516c64-e0c1-41ab-9975-71487d6bd5a6,25,3069O00057C2,-22.88562,-43.30967,2019-01-25 09:12:59,,,
C51598,1a516c64-e0c1-41ab-9975-71487d6bd5a6,26,3069O00058C2,-22.88672,-43.306443,2019-01-25 09:13:48,,,
C51598,1a516c64-e0c1-41ab-9975-71487d6bd5a6,27,3069O00003C2,-22.88646,-43.30281,2019-01-25 09:14:42,,,
C51598,1a516c64-e0c1-41ab-9975-71487d6bd5a6,28,3070O00001C2,-22.88548,-43.30031,2019-01-25 09:15:23,,,
C51598,1a516c64-e0c1-41ab-9975-71487d6bd5a6,29,3071O00033C2,-22.884601,-43.297845,2019-01-25 09:16:02,,,
C51598,1a516c64-e0c1-41ab-9975-71487d6bd5a6,30,3071O00004C2,-22.88341,-43.29648,2019-01-25 09:16:29,,,
C51598,1a516c64-e0c1-41ab-9975-71487d6bd5a6,31,3071O00005C2,-22.88182,-43.29431,2019-01-25 09:17:10,,,
C51598,1a516c64-e0c1-41ab-9975-71487d6bd5a6,32,3071O00006C2,-22.8842,-43.29133,2019-01-25 09:18:14,,,
C51598,1a516c64-e0c1-41ab-9975-71487d6bd5a6,33,3066O00003C2,-22.885668,-43.290084,2019-01-25 09:18:48,,,
C51598,1a516c64-e0c1-41ab-9975-71487d6bd5a6,34,3064O00002C0,-22.88744,-43.2864,2019-01-25 09:19:43,,,
C51598,1a516c64-e0c1-41ab-9975-71487d6bd5a6,35,3065O00001C0,-22.887738,-43.283511,2019-01-25 09:20:19,,,
C51598,1a516c64-e0c1-41ab-9975-71487d6bd5a6,36,3065O00003C0,-22.887155,-43.280679,2019-01-25 09:21:05,,,
C51598,1a516c64-e0c1-41ab-9975-71487d6bd5a6,37,3065O00004C0,-22.88591,-43.27898,2019-01-25 09:21:38,,,
C51598,1a516c64-e0c1-41ab-9975-71487d6bd5a6,38,3065O00005C0,-22.88441,-43.27719,2019-01-25 09:22:13,,,
C51598,1a516c64-e0c1-41ab-9975-71487d6bd5a6,39,3053O00006C0,-22.8822,-43.2754,2019-01-25 09:22:56,,,
C51598,1a516c64-e0c1-41ab-9975-71487d6bd5a6,40,3053O00007C0,-22.881083,-43.272751,2019-01-25 09:23:40,,,
C51598,1a516c64-e0c1-41ab-9975-71487d6bd5a6,41,3053O00008C0,-22.878863,-43.265859,2019-01-25 09:25:26,,,
C51598,1a516c64-e0c1-41ab-9975-71487d6bd5a6,42,3052O00001C0,-22.87833,-43.26397,2019-01-25 09:25:58,,,
C51598,1a516c64-e0c1-41ab-9975-71487d6bd5a6,43,3052O00002C1,-22.878337,-43.261822,2019-01-25 09:26:29,,,
C51598,1a516c64-e0c1-41ab-9975-71487d6bd5a6,44,3052O00003C0,-22.880394,-43.259223,2019-01-25 09:27:24,,,
C51598,1a516c64-e0c1-41ab-9975-71487d6bd5a6,45,3155O00001C0,-22.882581,-43.254845,2019-01-25 09:28:36,,,
C51598,1a516c64-e0c1-41ab-9975-71487d6bd5a6,46,3155O00002C0,-22.88517,-43.25266,2019-01-25 09:29:27,,,
C51598,1a516c64-e0c1-41ab-9975-71487d6bd5a6,47,3155O00003C0,-22.886927,-43.250822,2019-01-25 09:30:05,,,
C51598,1a516c64-e0c1-41ab-9975-71487d6bd5a6,48,1012O00011C0,-22.890046,-43.244457,2019-01-25 09:32:05,,,
C51598,1a516c64-e0c1-41ab-9975-71487d6bd5a6,49,1012O00012C0,-22.890765,-43.242335,2019-01-25 09:32:36,,,
C51598,1a516c64-e0c1-41ab-9975-71487d6bd5a6,50,1012O00013C0,-22.891768,-43.240794,2019-01-25 09:33:00,,,
C51598,1a516c64-e0c1-41ab-9975-71487d6bd5a6,51,1012O00027C0,-22.89495,-43.24279,2019-01-25 09:34:16,,,
C51598,1a516c64-e0c1-41ab-9975-71487d6bd5a6,52,vphs,-22.897995,-43.241305,2019-01-25 09:35:27,,,
C51598,1a516c64-e0c1-41ab-9975-71487d6bd5a6,53,1011O00001C0,-22.90138,-43.241176,2019-01-25 09:36:27,,,
C51598,1a516c64-e0c1-41ab-9975-71487d6bd5a6,54,3057O00006C0,-22.90591,-43.23964,2019-01-25 09:37:40,,,
C51598,1a516c64-e0c1-41ab-9975-71487d6bd5a6,56,1011O00002C0,-22.907884,-43.236917,2019-01-25 09:38:30,,,
C51598,1a516c64-e0c1-41ab-9975-71487d6bd5a6,57,2035O00042C0,-22.908756,-43.234655,2019-01-25 09:39:02,,,
C51598,1a516c64-e0c1-41ab-9975-71487d6bd5a6,58,1010O00038C0,-22.908374,-43.231002,2019-01-25 09:39:59,,,
C51598,1a516c64-e0c1-41ab-9975-71487d6bd5a6,59,1010O00077C0,-22.90931,-43.22631,2019-01-25 09:41:20,,,
C51598,1a516c64-e0c1-41ab-9975-71487d6bd5a6,60,1010O00103C0,-22.909238,-43.222916,2019-01-25 09:42:10,,,
C51598,1a516c64-e0c1-41ab-9975-71487d6bd5a6,61,1010O00040C0,-22.906357,-43.220639,2019-01-25 09:43:07,,,
C51598,1a516c64-e0c1-41ab-9975-71487d6bd5a6,62,1010O00107C0,-22.904907,-43.218901,2019-01-25 09:43:53,,,
C51598,1a516c64-e0c1-41ab-9975-71487d6bd5a6,63,1010O00079C0,-22.90411,-43.21611,2019-01-25 09:44:38,,,
C51598,1a516c64-e0c1-41ab-9975-71487d6bd5a6,64,1010O00080C0,-22.90341,-43.21449,2019-01-25 09:45:04,,,
C51598,1a516c64-e0c1-41ab-9975-71487d6bd5a6,65,1010O00081C0,-22.902025,-43.210979,2019-01-25 09:45:59,,,
C51598,1a516c64-e0c1-41ab-9975-71487d6bd5a6,66,2032O00028C0,-22.908498,-43.209965,2019-01-25 09:47:45,,,
C51598,1a516c64-e0c1-41ab-9975-71487d6bd5a6,67,1008O00022S0,-22.91013,-43.205583,2019-01-25 09:49:19,,,
C51598,1a516c64-e0c1-41ab-9975-71487d6bd5a6,68,1008O00005S0,-22.908619,-43.201048,2019-01-25 09:50:28,,,
C51598,1a516c64-e0c1-41ab-9975-71487d6bd5a6,69,1005O00060C0,-22.90623,-43.193405,2019-01-25 09:52:25,,,
C51598,1a516c64-e0c1-41ab-9975-71487d6bd5a6,70,1005O00359S0,-22.905052,-43.189782,2019-01-25 09:53:20,,,
C51598,1a516c64-e0c1-41ab-9975-71487d6bd5a6,71,1005O00375S2,-22.903332,-43.184461,2019-01-25 09:54:41,,,
C51598,1a516c64-e0c1-41ab-9975-71487d6bd5a6,72,1005O00197C0,-22.905593,-43.182786,2019-01-25 09:55:34,,,
C51598,1a516c64-e0c1-41ab-9975-71487d6bd5a6,73,1005O00020S0,-22.90723,-43.18272,2019-01-25 09:56:10,,,
C51598,1a516c64-e0c1-41ab-9975-71487d6bd5a6,74,1005O00232S0,-22.90879,-43.18819,2019-01-25 09:57:33,,,
C51598,1a516c64-e0c1-41ab-9975-71487d6bd5a6,75,1005O00234C0,-22.908392,-43.189263,2019-01-25 09:57:54,,,
C51637,1a516c64-e0c1-41ab-9975-71487d6bd5a6,0,4124O00046C0,-22.901318,-43.347259,2019-01-25 08:57:46,,,
C51637,1a516c64-e0c1-41ab-9975-71487d6bd5a6,1,4124O00031C0,-22.90189,-43.34779,2019-01-25 08:57:57,,,
C51637,1a516c64-e0c1-41ab-9975-71487d6bd5a6,2,4124O00058C0,-22.900466,-43.349828,2019-01-25 08:58:37,,,
C51637,1a516c64-e0c1-41ab-9975-71487d6bd5a6,3,4124O00033C0,-22.89911,-43.35167,2019-01-25 08:59:11,,,
C51637,1a516c64-e0c1-41ab-9975-71487d6bd5a6,4,4124O00004C0,-22.898012,-43.352228,2019-01-25 08:59:38,,,
C51637,1a516c64-e0c1-41ab-9975-71487d6bd5a6,5,4124O00006C0,-22.89818,-43.350146,2019-01-25 09:00:22,,,
C51637,1a516c64-e0c1-41ab-9975-71487d6bd5a6,6,4124O00008C0,-22.896967,-43.348397,2019-01-25 09:00:58,,,
C51637,1a516c64-e0c1-41ab-9975-71487d6bd5a6,7,4124O00016C0,-22.8954,-43.34742,2019-01-25 09:01:26,,,
C51637,1a516c64-e0c1-41ab-9975-71487d6bd5a6,8,4124O00017C0,-22.89369,-43.34688,2019-01-25 09:01:54,,,
C51637,1a516c64-e0c1-41ab-9975-71487d6bd5a6,9,4124O00050C0,-22.890381,-43.34553,2019-01-25 09:02:55,,,
C51637,1a516c64-e0c1-41ab-9975-71487d6bd5a6,10,3078O00007C0,-22.88842,-43.34439,2019-01-25 09:03:30,,,
C51637,1a516c64-e0c1-41ab-9975-71487d6bd5a6,11,3078O00008C0,-22.88717,-43.34339,2019-01-25 09:03:54,,,
C51637,1a516c64-e0c1-41ab-9975-71487d6bd5a6,12,3078O00009C0,-22.88579,-43.34209,2019-01-25 09:04:23,2019-01-25 11:00:16,115.88333333333334,207.52531136245537
C51637,1a516c64-e0c1-41ab-9975-71487d6bd5a6,13,3082O00002C0,-22.88283,-43.34025,2019-01-25 09:05:40,,,
C51637,1a516c64-e0c1-41ab-9975-71487d6bd5a6,14,3082O00018C0,-22.882534,-43.33687,2019-01-25 09:06:29,,,
C51637,1a516c64-e0c1-41ab-9975-71487d6bd5a6,15,3082O00051C0,-22.882382,-43.333901,2019-01-25 09:07:12,,,
C51637,1a516c64-e0c1-41ab-9975-71487d6bd5a6,16,3082O00019C0,-22.882138,-43.331007,2019-01-25 09:08:00,,,
C51637,1a516c64-e0c1-41ab-9975-71487d6bd5a6,17,3082O00004C1,-22.88256,-43.32373,2019-01-25 09:09:41,,,
C51637,1a516c64-e0c1-41ab-9975-71487d6bd5a6,18,3082O00005C2,-22.88284,-43.3224,2019-01-25 09:10:01,,,
C51637,1a516c64-e0c1-41ab-9975-71487d6bd5a6,19,3079O00001C2,-22.8835,-43.32058,2019-01-25 09:10:29,,,
C51637,1a516c64-e0c1-41ab-9975-71487d6bd5a6,20,3079O00002C2,-22.88445,-43.31751,2019-01-25 09:11:16,,,
C51637,1a516c64-e0c1-41ab-9975-71487d6bd5a6,21,3079O00041C2,-22.884744,-43.316116,2019-01-25 09:11:37,,,
C51637,1a516c64-e0c1-41ab-9975-71487d6bd5a6,23,3079O00040C2,-22.88498,-43.31429,2019-01-25 09:12:03,,,
C51637,1a516c64-e0c1-41ab-9975-71487d6bd5a6,24,3079O00042C2,-22.885103,-43.311568,2019-01-25 09:12:42,,,
C51637,1a516c64-e0c1-41ab-9975-71487d6bd5a6,25,3069O00057C2,-22.88562,-43.30967,2019-01-25 09:13:12,,,
C51637,1a516c64-e0c1-41ab-9975-71487d6bd5a6,26,3069O00058C2,-22.88672,-43.306443,2019-01-25 09:14:01,,,
C51637,1a516c64-e0c1-41ab-9975-71487d6bd5a6,27,3069O00003C2,-22.88646,-43.30281,2019-01-25 09:14:55,,,
C51637,1a516c64-e0c1-41ab-9975-71487d6bd5a6,28,3070O00001C2,-22.88548,-43.30031,2019-01-25 09:15:36,,,
C51637,1a516c64-e0c1-41ab-9975-71487d6bd5a6,29,3071O00033C2,-22.884601,-43.297845,2019-01-25 09:16:15,,,
C51637,1a516c64-e0c1-41ab-9975-71487d6bd5a6,30,3071O00004C2,-22.88341,-43.29648,2019-01-25 09:16:42,,,
C51637,1a516c64-e0c1-41ab-9975-71487d6bd5a6,31,3071O00005C2,-22.88182,-43.29431,2019-01-25 09:17:23,,,
C51637,1a516c64-e0c1-41ab-9975-71487d6bd5a6,32,3071O00006C2,-22.8842,-43.29133,2019-01-25 09:18:27,,,
C51637,1a516c64-e0c1-41ab-9975-71487d6bd5a6,33,3066O00003C2,-22.885668,-43.290084,2019-01-25 09:19:01,,,
C51637,1a516c64-e0c1-41ab-9975-71487d6bd5a6,34,3064O00002C0,-22.88744,-43.2864,2019-01-25 09:19:56,,,
C51637,1a516c64-e0c1-41ab-9975-71487d6bd5a6,35,3065O00001C0,-22.887738,-43.283511,2019-01-25 09:20:32,,,
C51637,1a516c64-e0c1-41ab-9975-71487d6bd5a6,36,3065O00003C0,-22.887155,-43.280679,2019-01-25 09:21:18,,,
C51637,1a516c64-e0c1-41ab-9975-71487d6bd5a6,37,3065O00004C0,-22.88591,-43.27898,2019-01-25 09:21:51,,,
C51637,1a516c64-e0c1-41ab-9975-71487d6bd5a6,38,3065O00005C0,-22.88441,-43.27719,2019-01-25 09:22:26,,,
C51637,1a516c64-e0c1-41ab-9975-71487d6bd5a6,39,3053O00006C0,-22.8822,-43.2754,2019-01-25 09:23:09,,,
C51637,1a516c64-e0c1-41ab-9975-71487d6bd5a6,40,3053O00007C0,-22.881083,-43.272751,2019-01-25 09:23:53,,,
C51637,1a516c64-e0c1-41ab-9975-71487d6bd5a6,41,3053O00008C0,-22.878863,-43.265859,2019-01-25 09:25:39,,,
C51637,1a516c64-e0c1-41ab-9975-71487d6bd5a6,42,3052O00001C0,-22.87833,-43.26397,2019-01-25 09:26:11,,,
C51637,1a516c64-e0c1-41ab-9975-71487d6bd5a6,43,3052O00002C1,-22.878337,-43.261822,2019-01-25 09:26:42,,,
C51637,1a516c64-e0c1-41ab-9975-71487d6bd5a6,44,3052O00003C0,-22.880394,-43.259223,2019-01-25 09:27:37,,,
C51637,1a516c64-e0c1-41ab-9975-71487d6bd5a6,45,3155O00001C0,-22.882581,-43.254845,2019-01-25 09:28:49,,,
C51637,1a516c64-e0c1-41ab-9975-71487d6bd5a6,46,3155O00002C0,-22.88517,-43.25266,2019-01-25 09:29:40,,,
C51637,1a516c64-e0c1-41ab-9975-71487d6bd5a6,47,3155O00003C0,-22.886927,-43.250822,2019-01-25 09:30:18,,,
C51637,1a516c64-e0c1-41ab-9975-71487d6bd5a6,48,1012O00011C0,-22.890046,-43.244457,2019-01-25 09:32:18,,,
C51637,1a516c64-e0c1-41ab-9975-71487d6bd5a6,49,1012O00012C0,-22.890765,-43.242335,2019-01-25 09:32:49,,,
C51637,1a516c64-e0c1-41ab-9975-71487d6bd5a6,50,1012O00013C0,-22.891768,-43.240794,2019-01-25 09:33:13,,,
C51637,1a516c64-e0c1-41ab-9975-71487d6bd5a6,51,1012O00027C0,-22.89495,-43.24279,2019-01-25 09:34:29,,,
C51637,1a516c64-e0c1-41ab-9975-71487d6bd5a6,52,vphs,-22.897995,-43.241305,2019-01-25 09:35:40,,,
C51637,1a516c64-e0c1-41ab-9975-71487d6bd5a6,53,1011O00001C0,-22.90138,-43.241176,2019-01-25 09:36:40,,,
C51637,1a516c64-e0c1-41ab-9975-71487d6bd5a6,54,3057O00006C0,-22.90591,-43.23964,2019-01-25 09:37:53,,,
C51637,1a516c64-e0c1-41ab-9975-71487d6bd5a6,56,1011O00002C0,-22.907884,-43.236917,2019-01-25 09:38:43,,,
C51637,1a516c64-e0c1-41ab-9975-71487d6bd5a6,57,2035O00042C0,-22.908756,-43.234655,2019-01-25 09:39:15,,,
C51637,1a516c64-e0c1-41ab-9975-71487d6bd5a6,58,1010O00038C0,-22.908374,-43.231002,2019-01-25 09:40:12,,,
C51637,1a516c64-e0c1-41ab-9975-71487d6bd5a6,59,1010O00077C0,-22.90931,-43.22631,2019-01-25 09:41:33,,,
C51637,1a516c64-e0c1-41ab-9975-71487d6bd5a6,60,1010O00103C0,-22.909238,-43.222916,2019-01-25 09:42:23,,,
C51637,1a516c64-e0c1-41ab-9975-71487d6bd5a6,61,1010O00040C0,-22.906357,-43.220639,2019-01-25 09:43:20,,,
C51637,1a516c64-e0c1-41ab-9975-71487d6bd5a6,62,1010O00107C0,-22.904907,-43.218901,2019-01-25 09:44:06,,,
C51637,1a516c64-e0c1-41ab-9975-71487d6bd5a6,63,1010O00079C0,-22.90411,-43.21611,2019-01-25 09:44:51,,,
C51637,1a516c64-e0c1-41ab-9975-71487d6bd5a6,64,1010O00080C0,-22.90341,-43.21449,2019-01-25 09:45:17,,,
C51637,1a516c64-e0c1-41ab-9975-71487d6bd5a6,65,1010O00081C0,-22.902025,-43.210979,2019-01-25 09:46:12,,,
C51637,1a516c64-e0c1-41ab-9975-71487d6bd5a6,66,2032O00028C0,-22.908498,-43.209965,2019-01-25 09:47:58,,,
C51637,1a516c64-e0c1-41ab-9975-71487d6bd5a6,67,1008O00022S0,-22.91013,-43.205583,2019-01-25 09:49:32,,,
C51637,1a516c64-e0c1-41ab-9975-71487d6bd5a6,68,1008O00005S0,-22.908619,-43.201048,2019-01-25 09:50:41,,,
C51637,1a516c64-e0c1-41ab-9975-71487d6bd5a6,69,1005O00060C0,-22.90623,-43.193405,2019-01-25 09:52:38,,,
C51637,1a516c64-e0c1-41ab-9975-71487d6bd5a6,70,1005O00359S0,-22.905052,-43.189782,2019-01-25 09:53:33,,,
C51637,1a516c64-e0c1-41ab-9975-71487d6bd5a6,71,1005O00375S2,-22.903332,-43.184461,2019-01-25 09:54:54,,,
C51637,1a516c64-e0c1-41ab-9975-71487d6bd5a6,72,1005O00197C0,-22.905593,-43.182786,2019-01-25 09:55:47,,,
C51637,1a516c64-e0c1-41ab-9975-71487d6bd5a6,73,1005O00020S0,-22.90723,-43.18272,2019-01-25 09:56:23,,,
C51637,1a516c64-e0c1-41ab-9975-71487d6bd5a6,74,1005O00232S0,-22.90879,-43.18819,2019-01-25 09:57:46,,,
C51637,1a516c64-e0c1-41ab-9975-71487d6bd5a6,75,1005O00234C0,-22.908392,-43.189263,2019-01-25 09:58:07,,,
C51654,1a516c64-e0c1-41ab-9975-71487d6bd5a6,0,4124O00046C0,-22.901318,-43.347259,2019-01-25 08:58:48,2019-01-25 09:38:48,40.0,90.0399518763288
C51654,1a516c64-e0c1-41ab-9975-71487d6bd5a6,1,4124O00031C0,-22.90189,-43.34779,2019-01-25 08:58:59,2019-01-25 09:41:48,42.81666666666667,158.69537596683145
C51654,1a516c64-e0c1-41ab-9975-71487d6bd5a6,2,4124O00058C0,-22.900466,-43.349828,2019-01-25 08:59:39,2019-01-25 09:59:48,60.15,141.05572035327123
C51654,1a516c64-e0c1-41ab-9975-71487d6bd5a6,3,4124O00033C0,-22.89911,-43.35167,2019-01-25 09:00:13,2019-01-25 10:00:48,60.583333333333336,85.331999198616
C51654,1a516c64-e0c1-41ab-9975-71487d6bd5a6,4,4124O00004C0,-22.898012,-43.352228,2019-01-25 09:00:40,2019-01-25 10:01:48,61.13333333333333,135.14339973147892
C51654,1a516c64-e0c1-41ab-9975-71487d6bd5a6,5,4124O00006C0,-22.89818,-43.350146,2019-01-25 09:01:24,,,
C51654,1a516c64-e0c1-41ab-9975-71487d6bd5a6,6,4124O00008C0,-22.896967,-43.348397,2019-01-25 09:02:00,,,
C51654,1a516c64-e0c1-41ab-9975-71487d6bd5a6,7,4124O00016C0,-22.8954,-43.34742,2019-01-25 09:02:28,,,
C51654,1a516c64-e0c1-41ab-9975-71487d6bd5a6,8,4124O00017C0,-22.89369,-43.34688,2019-01-25 09:02:56,,,
C51654,1a516c64-e0c1-41ab-9975-71487d6bd5a6,9,4124O00050C0,-22.890381,-43.34553,2019-01-25 09:03:57,,,
C51654,1a516c64-e0c1-41ab-9975-71487d6bd5a6,10,3078O00007C0,-22.88842,-43.34439,2019-01-25 09:04:32,,,
C51654,1a516c64-e0c1-41ab-9975-71487d6bd5a6,11,3078O00008C0,-22.88717,-43.34339,2019-01-25 09:04:56,,,
C51654,1a516c64-e0c1-41ab-9975-71487d6bd5a6,12,3078O00009C0,-22.88579,-43.34209,2019-01-25 09:05:25,,,
C51654,1a516c64-e0c1-41ab-9975-71487d6bd5a6,13,3082O00002C0,-22.88283,-43.34025,2019-01-25 09:06:42,2019-01-25 10:06:46,60.06666666666667,191.13341280570714
C51654,1a516c64-e0c1-41ab-9975-71487d6bd5a6,14,3082O00018C0,-22.882534,-43.33687,2019-01-25 09:07:31,2019-01-25 10:08:46,61.25,115.10072943142691
C51654,1a516c64-e0c1-41ab-9975-71487d6bd5a6,15,3082O00051C0,-22.882382,-43.333901,2019-01-25 09:08:14,,,
C51654,1a516c64-e0c1-41ab-9975-71487d6bd5a6,16,3082O00019C0,-22.882138,-43.331007,2019-01-25 09:09:02,,,
C51654,1a516c64-e0c1-41ab-9975-71487d6bd5a6,17,3082O00004C1,-22.88256,-43.32373,2019-01-25 09:10:43,2019-01-25 10:14:18,63.583333333333336,85.23894745060281
C51654,1a516c64-e0c1-41ab-9975-71487d6bd5a6,18,3082O00005C2,-22.88284,-43.3224,2019-01-25 09:11:03,,,
C51654,1a516c64-e0c1-41ab-9975-71487d6bd5a6,19,3079O00001C2,-22.8835,-43.32058,2019-01-25 09:11:31,,,
C51654,1a516c64-e0c1-41ab-9975-71487d6bd5a6,20,3079O00002C2,-22.88445,-43.31751,2019-01-25 09:12:18,,,
C51654,1a516c64-e0c1-41ab-9975-71487d6bd5a6,21,3079O00041C2,-22.884744,-43.316116,2019-01-25 09:12:39,,,
C51654,1a516c64-e0c1-41ab-9975-71487d6bd5a6,23,3079O00040C2,-22.88498,-43.31429,2019-01-25 09:13:05,,,
C51654,1a516c64-e0c1-41ab-9975-71487d6bd5a6,24,3079O00042C2,-22.885103,-43.311568,2019-01-25 09:13:44,,,
C51654,1a516c64-e0c1-41ab-9975-71487d6bd5a6,25,3069O00057C2,-22.88562,-43.30967,2019-01-25 09:14:14,,,
C51654,1a516c64-e0c1-41ab-9975-71487d6bd5a6,26,3069O00058C2,-22.88672,-43.306443,2019-01-25 09:15:03,,,
C51654,1a516c64-e0c1-41ab-9975-71487d6bd5a6,27,3069O00003C2,-22.88646,-43.30281,2019-01-25 09:15:57,2019-01-25 10:20:48,64.85,95.33230319206153
C51654,1a516c64-e0c1-41ab-9975-71487d6bd5a6,28,3070O00001C2,-22.88548,-43.30031,2019-01-25 09:16:38,2019-01-25 10:22:48,66.16666666666667,25.593541703307285
C51654,1a516c64-e0c1-41ab-9975-71487d6bd5a6,29,3071O00033C2,-22.884601,-43.297845,2019-01-25 09:17:17,2019-01-25 10:24:48,67.51666666666667,58.46904759602213
C51654,1a516c64-e0c1-41ab-9975-71487d6bd5a6,30,3071O00004C2,-22.88341,-43.29648,2019-01-25 09:17:44,,,
C51654,1a516c64-e0c1-41ab-9975-71487d6bd5a6,31,3071O00005C2,-22.88182,-43.29431,2019-01-25 09:18:25,2019-01-25 10:25:48,67.38333333333334,19.025334989888968
C51654,1a516c64-e0c1-41ab-9975-71487d6bd5a6,32,3071O00006C2,-22.8842,-43.29133,2019-01-25 09:19:29,2019-01-25 10:26:48,67.31666666666666,139.7416683600612
C51654,1a516c64-e0c1-41ab-9975-71487d6bd5a6,33,3066O00003C2,-22.885668,-43.290084,2019-01-25 09:20:03,2019-01-25 10:27:48,67.75,92.16682641289806
C51654,1a516c64-e0c1-41ab-9975-71487d6bd5a6,34,3064O00002C0,-22.88744,-43.2864,2019-01-25 09:20:58,2019-01-25 10:28:48,67.83333333333333,155.095888663313
C51654,1a516c64-e0c1-41ab-9975-71487d6bd5a6,35,3065O00001C0,-22.887738,-43.283511,2019-01-25 09:21:34,,,
C51654,1a516c64-e0c1-41ab-9975-71487d6bd5a6,36,3065O00003C0,-22.887155,-43.280679,2019-01-25 09:22:20,,,
C51654,1a516c64-e0c1-41ab-9975-71487d6bd5a6,37,3065O00004C0,-22.88591,-43.27898,2019-01-25 09:22:53,2019-01-25 10:32:48,69.91666666666667,53.37980130951368
C51654,1a516c64-e0c1-41ab-9975-71487d6bd5a6,38,3065O00005C0,-22.88441,-43.27719,2019-01-25 09:23:28,2019-01-25 10:33:48,70.33333333333333,38.717865594510236
C51654,1a516c64-e0c1-41ab-9975-71487d6bd5a6,39,3053O00006C0,-22.8822,-43.2754,2019-01-25 09:24:11,2019-01-25 10:34:48,70.61666666666666,239.65600215085178
C51654,1a516c64-e0c1-41ab-9975-71487d6bd5a6,40,3053O00007C0,-22.881083,-43.272751,2019-01-25 09:24:55,,,
C51654,1a516c64-e0c1-41ab-9975-71487d6bd5a6,41,3053O00008C0,-22.878863,-43.265859,2019-01-25 09:26:41,2019-01-25 10:35:48,69.11666666666666,80.50744871026718
C51654,1a516c64-e0c1-41ab-9975-71487d6bd5a6,42,3052O00001C0,-22.87833,-43.26397,2019-01-25 09:27:13,2019-01-25 10:36:48,69.58333333333333,67.02674178826818
C51654,1a516c64-e0c1-41ab-9975-71487d6bd5a6,43,3052O00002C1,-22.878337,-43.261822,2019-01-25 09:27:44,2019-01-25 10:37:48,70.06666666666666,17.214325892760304
C51654,1a516c64-e0c1-41ab-9975-71487d6bd5a6,44,3052O00003C0,-22.880394,-43.259223,2019-01-25 09:28:39,,,
C51654,1a516c64-e0c1-41ab-9975-71487d6bd5a6,45,3155O00001C0,-22.882581,-43.254845,2019-01-25 09:29:51,2019-01-25 10:39:48,69.95,61.65648211044797
C51654,1a516c64-e0c1-41ab-9975-71487d6bd5a6,46,3155O00002C0,-22.88517,-43.25266,2019-01-25 09:30:42,2019-01-25 10:41:48,71.1,60.377522213407666
C51654,1a516c64-e0c1-41ab-9975-71487d6bd5a6,47,3155O00003C0,-22.886927,-43.250822,2019-01-25 09:31:20,,,
C51654,1a516c64-e0c1-41ab-9975-71487d6bd5a6,48,1012O00011C0,-22.890046,-43.244457,2019-01-25 09:33:20,,,
C51654,1a516c64-e0c1-41ab-9975-71487d6bd5a6,49,1012O00012C0,-22.890765,-43.242335,2019-01-25 09:33:51,2019-01-25 10:44:18,70.45,204.66656204689053
C51654,1a516c64-e0c1-41ab-9975-71487d6bd5a6,50,1012O00013C0,-22.891768,-43.240794,2019-01-25 09:34:15,,,
C51654,1a516c64-e0c1-41ab-9975-71487d6bd5a6,51,1012O00027C0,-22.89495,-43.24279,2019-01-25 09:35:31,,,
C51654,1a516c64-e0c1-41ab-9975-71487d6bd5a6,52,vphs,-22.897995,-43.241305,2019-01-25 09:36:42,,,
C51654,1a516c64-e0c1-41ab-9975-71487d6bd5a6,53,1011O00001C0,-22.90138,-43.241176,2019-01-25 09:37:42,2019-01-25 10:48:48,71.1,127.50243992374999
C51654,1a516c64-e0c1-41ab-9975-71487d6bd5a6,54,3057O00006C0,-22.90591,-43.23964,2019-01-25 09:38:55,,,
C51654,1a516c64-e0c1-41ab-9975-71487d6bd5a6,56,1011O00002C0,-22.907884,-43.236917,2019-01-25 09:39:45,2019-01-25 11:38:49,119.06666666666666,13.453513735889228
C51654,1a516c64-e0c1-41ab-9975-71487d6bd5a6,57,2035O00042C0,-22.908756,-43.234655,2019-01-25 09:40:17,,,
C51654,1a516c64-e0c1-41ab-9975-71487d6bd5a6,58,1010O00038C0,-22.908374,-43.231002,2019-01-25 09:41:14,,,
C51654,1a516c64-e0c1-41ab-9975-71487d6bd5a6,59,1010O00077C0,-22.90931,-43.22631,2019-01-25 09:42:35,,,
C51654,1a516c64-e0c1-41ab-9975-71487d6bd5a6,60,1010O00103C0,-22.909238,-43.222916,2019-01-25 09:43:25,,,
C51654,1a516c64-e0c1-41ab-9975-71487d6bd5a6,61,1010O00040C0,-22.906357,-43.220639,2019-01-25 09:44:22,,,
C51654,1a516c64-e0c1-41ab-9975-71487d6bd5a6,62,1010O00107C0,-22.904907,-43.218901,2019-01-25 09:45:08,,,
C51654,1a516c64-e0c1-41ab-9975-71487d6bd5a6,63,1010O00079C0,-22.90411,-43.21611,2019-01-25 09:45:53,,,
C51654,1a516c64-e0c1-41ab-9975-71487d6bd5a6,64,1010O00080C0,-22.90341,-43.21449,2019-01-25 09:46:19,,,
C51654,1a516c64-e0c1-41ab-9975-71487d6bd5a6,65,1010O00081C0,-22.902025,-43.210979,2019-01-25 09:47:14,,,
C51654,1a516c64-e0c1-41ab-9975-71487d6bd5a6,66,2032O00028C0,-22.908498,-43.209965,2019-01-25 09:49:00,,,
C51654,1a516c64-e0c1-41ab-9975-71487d6bd5a6,67,1008O00022S0,-22.91013,-43.205583,2019-01-25 09:50:34,,,
C51654,1a516c64-e0c1-41ab-9975-71487d6bd5a6,68,1008O00005S0,-22.908619,-43.201048,2019-01-25 09:51:43,,,
C51654,1a516c64-e0c1-41ab-9975-71487d6bd5a6,69,1005O00060C0,-22.90623,-43.193405,2019-01-25 09:53:40,,,
C51654,1a516c64-e0c1-41ab-9975-71487d6bd5a6,70,1005O00359S0,-22.905052,-43.189782,2019-01-25 09:54:35,,,
C51654,1a516c64-e0c1-41ab-9975-71487d6bd5a6,71,1005O00375S2,-22.903332,-43.184461,2019-01-25 09:55:56,,,
C51654,1a516c64-e0c1-41ab-9975-71487d6bd5a6,72,1005O00197C0,-22.905593,-43.182786,2019-01-25 09:56:49,,,
C51654,1a516c64-e0c1-41ab-9975-71487d6bd5a6,73,1005O00020S0,-22.90723,-43.18272,2019-01-25 09:57:25,,,
C51654,1a516c64-e0c1-41ab-9975-71487d6bd5a6,74,1005O00232S0,-22.90879,-43.18819,2019-01-25 09:58:48,,,
C51654,1a516c64-e0c1-41ab-9975-71487d6bd5a6,75,1005O00234C0,-22.908392,-43.189263,2019-01-25 09:59:09,,,
C51612,1a516c64-e0c1-41ab-9975-71487d6bd5a6,0,4124O00046C0,-22.901318,-43.347259,2019-01-25 08:57:40,2019-01-25 09:01:40,4.0,8.263979900359299
C51612,1a516c64-e0c1-41ab-9975-71487d6bd5a6,1,4124O00031C0,-22.90189,-43.34779,2019-01-25 08:57:51,2019-01-25 09:03:10,5.316666666666666,64.131107432057
C51612,1a516c64-e0c1-41ab-9975-71487d6bd5a6,2,4124O00058C0,-22.900466,-43.349828,2019-01-25 08:58:31,,,
C51612,1a516c64-e0c1-41ab-9975-71487d6bd5a6,3,4124O00033C0,-22.89911,-43.35167,2019-01-25 08:59:05,2019-01-25 09:06:40,7.583333333333333,188.69352965733114
C51612,1a516c64-e0c1-41ab-9975-71487d6bd5a6,4,4124O00004C0,-22.898012,-43.352228,2019-01-25 08:59:32,,,
C51612,1a516c64-e0c1-41ab-9975-71487d6bd5a6,5,4124O00006C0,-22.89818,-43.350146,2019-01-25 09:00:16,,,
C51612,1a516c64-e0c1-41ab-9975-71487d6bd5a6,6,4124O00008C0,-22.896967,-43.348397,2019-01-25 09:00:52,,,
C51612,1a516c64-e0c1-41ab-9975-71487d6bd5a6,7,4124O00016C0,-22.8954,-43.34742,2019-01-25 09:01:20,,,
C51612,1a516c64-e0c1-41ab-9975-71487d6bd5a6,8,4124O00017C0,-22.89369,-43.34688,2019-01-25 09:01:48,,,
C51612,1a516c64-e0c1-41ab-9975-71487d6bd5a6,9,4124O00050C0,-22.890381,-43.34553,2019-01-25 09:02:49,,,
C51612,1a516c64-e0c1-41ab-9975-71487d6bd5a6,10,3078O00007C0,-22.88842,-43.34439,2019-01-25 09:03:24,,,
C51612,1a516c64-e0c1-41ab-9975-71487d6bd5a6,11,3078O00008C0,-22.88717,-43.34339,2019-01-25 09:03:48,,,
C51612,1a516c64-e0c1-41ab-9975-71487d6bd5a6,12,3078O00009C0,-22.88579,-43.34209,2019-01-25 09:04:17,,,
C51612,1a516c64-e0c1-41ab-9975-71487d6bd5a6,13,3082O00002C0,-22.88283,-43.34025,2019-01-25 09:05:34,2019-01-25 09:12:10,6.6,1.5119228556909967
C51612,1a516c64-e0c1-41ab-9975-71487d6bd5a6,14,3082O00018C0,-22.882534,-43.33687,2019-01-25 09:06:23,,,
C51612,1a516c64-e0c1-41ab-9975-71487d6bd5a6,15,3082O00051C0,-22.882382,-43.333901,2019-01-25 09:07:06,,,
C51612,1a516c64-e0c1-41ab-9975-71487d6bd5a6,16,3082O00019C0,-22.882138,-43.331007,2019-01-25 09:07:54,,,
C51612,1a516c64-e0c1-41ab-9975-71487d6bd5a6,17,3082O00004C1,-22.88256,-43.32373,2019-01-25 09:09:35,,,
C51612,1a516c64-e0c1-41ab-9975-71487d6bd5a6,18,3082O00005C2,-22.88284,-43.3224,2019-01-25 09:09:55,,,
C51612,1a516c64-e0c1-41ab-9975-71487d6bd5a6,19,3079O00001C2,-22.8835,-43.32058,2019-01-25 09:10:23,,,
C51612,1a516c64-e0c1-41ab-9975-71487d6bd5a6,20,3079O00002C2,-22.88445,-43.31751,2019-01-25 09:11:10,,,
C51612,1a516c64-e0c1-41ab-9975-71487d6bd5a6,21,3079O00041C2,-22.884744,-43.316116,2019-01-25 09:11:31,,,
C51612,1a516c64-e0c1-41ab-9975-71487d6bd5a6,23,3079O00040C2,-22.88498,-43.31429,2019-01-25 09:11:57,,,
C51612,1a516c64-e0c1-41ab-9975-71487d6bd5a6,24,3079O00042C2,-22.885103,-43.311568,2019-01-25 09:12:36,,,
C51612,1a516c64-e0c1-41ab-9975-71487d6bd5a6,25,3069O00057C2,-22.88562,-43.30967,2019-01-25 09:13:06,,,
C51612,1a516c64-e0c1-41ab-9975-71487d6bd5a6,26,3069O00058C2,-22.88672,-43.306443,2019-01-25 09:13:55,,,
C51612,1a516c64-e0c1-41ab-9975-71487d6bd5a6,27,3069O00003C2,-22.88646,-43.30281,2019-01-25 09:14:49,,,
C51612,1a516c64-e0c1-41ab-9975-71487d6bd5a6,28,3070O00001C2,-22.88548,-43.30031,2019-01-25 09:15:30,2019-01-25 09:27:40,12.166666666666666,136.8995863613995
C51612,1a516c64-e0c1-41ab-9975-71487d6bd5a6,29,3071O00033C2,-22.884601,-43.297845,2019-01-25 09:16:09,,,
C51612,1a516c64-e0c1-41ab-9975-71487d6bd5a6,30,3071O00004C2,-22.88341,-43.29648,2019-01-25 09:16:36,2019-01-25 09:30:10,13.566666666666666,176.46274060951447
C51612,1a516c64-e0c1-41ab-9975-71487d6bd5a6,31,3071O00005C2,-22.88182,-43.29431,2019-01-25 09:17:17,,,
C51612,1a516c64-e0c1-41ab-9975-71487d6bd5a6,32,3071O00006C2,-22.8842,-43.29133,2019-01-25 09:18:21,2019-01-25 09:31:40,13.316666666666666,168.34049706090784
C51612,1a516c64-e0c1-41ab-9975-71487d6bd5a6,33,3066O00003C2,-22.885668,-43.290084,2019-01-25 09:18:55,,,
C51612,1a516c64-e0c1-41ab-9975-71487d6bd5a6,34,3064O00002C0,-22.88744,-43.2864,2019-01-25 09:19:50,,,
C51612,1a516c64-e0c1-41ab-9975-71487d6bd5a6,35,3065O00001C0,-22.887738,-43.283511,2019-01-25 09:20:26,,,
C51612,1a516c64-e0c1-41ab-9975-71487d6bd5a6,36,3065O00003C0,-22.887155,-43.280679,2019-01-25 09:21:12,2019-01-25 11:21:10,119.96666666666667,76.59756841964507
C51612,1a516c64-e0c1-41ab-9975-71487d6bd5a6,37,3065O00004C0,-22.88591,-43.27898,2019-01-25 09:21:45,,,
C51612,1a516c64-e0c1-41ab-9975-71487d6bd5a6,38,3065O00005C0,-22.88441,-43.27719,2019-01-25 09:22:20,,,
C51612,1a516c64-e0c1-41ab-9975-71487d6bd5a6,39,3053O00006C0,-22.8822,-43.2754,2019-01-25 09:23:03,,,
C51612,1a516c64-e0c1-41ab-9975-71487d6bd5a6,40,3053O00007C0,-22.881083,-43.272751,2019-01-25 09:23:47,,,
C51612,1a516c64-e0c1-41ab-9975-71487d6bd5a6,41,3053O00008C0,-22.878863,-43.265859,2019-01-25 09:25:33,,,
C51612,1a516c64-e0c1-41ab-9975-71487d6bd5a6,42,3052O00001C0,-22.87833,-43.26397,2019-01-25 09:26:05,,,
C51612,1a516c64-e0c1-41ab-9975-71487d6bd5a6,43,3052O00002C1,-22.878337,-43.261822,2019-01-25 09:26:36,,,
C51612,1a516c64-e0c1-41ab-9975-71487d6bd5a6,44,3052O00003C0,-22.880394,-43.259223,2019-01-25 09:27:31,,,
C51612,1a516c64-e0c1-41ab-9975-71487d6bd5a6,45,3155O00001C0,-22.882581,-43.254845,2019-01-25 09:28:43,,,
C51612,1a516c64-e0c1-41ab-9975-71487d6bd5a6,46,3155O00002C0,-22.88517,-43.25266,2019-01-25 09:29:34,,,
C51612,1a516c64-e0c1-41ab-9975-71487d6bd5a6,47,3155O00003C0,-22.886927,-43.250822,2019-01-25 09:30:12,,,
C51612,1a516c64-e0c1-41ab-9975-71487d6bd5a6,48,1012O00011C0,-22.890046,-43.244457,2019-01-25 09:32:12,,,
C51612,1a516c64-e0c1-41ab-9975-71487d6bd5a6,49,1012O00012C0,-22.890765,-43.242335,2019-01-25 09:32:43,,,
C51612,1a516c64-e0c1-41ab-9975-71487d6bd5a6,50,1012O00013C0,-22.891768,-43.240794,2019-01-25 09:33:07,,,
C51612,1a516c64-e0c1-41ab-9975-71487d6bd5a6,51,1012O00027C0,-22.89495,-43.24279,2019-01-25 09:34:23,,,
C51612,1a516c64-e0c1-41ab-9975-71487d6bd5a6,52,vphs,-22.897995,-43.241305,2019-01-25 09:35:34,,,
C51612,1a516c64-e0c1-41ab-9975-71487d6bd5a6,53,1011O00001C0,-22.90138,-43.241176,2019-01-25 09:36:34,,,
C51612,1a516c64-e0c1-41ab-9975-71487d6bd5a6,54,3057O00006C0,-22.90591,-43.23964,2019-01-25 09:37:47,,,
C51612,1a516c64-e0c1-41ab-9975-71487d6bd5a6,56,1011O00002C0,-22.907884,-43.236917,2019-01-25 09:38:37,,,
C51612,1a516c64-e0c1-41ab-9975-71487d6bd5a6,57,2035O00042C0,-22.908756,-43.234655,2019-01-25 09:39:09,,,
C51612,1a516c64-e0c1-41ab-9975-71487d6bd5a6,58,1010O00038C0,-22.908374,-43.231002,2019-01-25 09:40:06,,,
C51612,1a516c64-e0c1-41ab-9975-71487d6bd5a6,59,1010O00077C0,-22.90931,-43.22631,2019-01-25 09:41:27,,,
C51612,1a516c64-e0c1-41ab-9975-71487d6bd5a6,60,1010O00103C0,-22.909238,-43.222916,2019-01-25 09:42:17,,,
C51612,1a516c64-e0c1-41ab-9975-71487d6bd5a6,61,1010O00040C0,-22.906357,-43.220639,2019-01-25 09:43:14,,,
C51612,1a516c64-e0c1-41ab-9975-71487d6bd5a6,62,1010O00107C0,-22.904907,-43.218901,2019-01-25 09:44:00,,,
C51612,1a516c64-e0c1-41ab-9975-71487d6bd5a6,63,1010O00079C0,-22.90411,-43.21611,2019-01-25 09:44:45,,,
C51612,1a516c64-e0c1-41ab-9975-71487d6bd5a6,64,1010O00080C0,-22.90341,-43.21449,2019-01-25 09:45:11,,,
C51612,1a516c64-e0c1-41ab-9975-71487d6bd5a6,65,1010O00081C0,-22.902025,-43.210979,2019-01-25 09:46:06,,,
C51612,1a516c64-e0c1-41ab-9975-71487d6bd5a6,66,2032O00028C0,-22.908498,-43.209965,2019-01-25 09:47:52,,,
C51612,1a516c64-e0c1-41ab-9975-71487d6bd5a6,67,1008O00022S0,-22.91013,-43.205583,2019-01-25 09:49:26,,,
C51612,1a516c64-e0c1-41ab-9975-71487d6bd5a6,68,1008O00005S0,-22.908619,-43.201048,2019-01-25 09:50:35,,,
C51612,1a516c64-e0c1-41ab-9975-71487d6bd5a6,69,1005O00060C0,-22.90623,-43.193405,2019-01-25 09:52:32,,,
C51612,1a516c64-e0c1-41ab-9975-71487d6bd5a6,70,1005O00359S0,-22.905052,-43.189782,2019-01-25 09:53:27,,,
C51612,1a516c64-e0c1-41ab-9975-71487d6bd5a6,71,1005O00375S2,-22.903332,-43.184461,2019-01-25 09:54:48,,,
C51612,1a516c64-e0c1-41ab-9975-71487d6bd5a6,72,1005O00197C0,-22.905593,-43.182786,2019-01-25 09:55:41,,,
C51612,1a516c64-e0c1-41ab-9975-71487d6bd5a6,73,1005O00020S0,-22.90723,-43.18272,2019-01-25 09:56:17,,,
C51612,1a516c64-e0c1-41ab-9975-71487d6bd5a6,74,1005O00232S0,-22.90879,-43.18819,2019-01-25 09:57:40,,,
C51612,1a516c64-e0c1-41ab-9975-71487d6bd5a6,75,1005O00234C0,-22.908392,-43.189263,2019-01-25 09:58:01,,,
C51605,1a516c64-e0c1-41ab-9975-71487d6bd5a6,0,4124O00046C0,-22.901318,-43.347259,2019-01-25 08:57:35,,,
C51605,1a516c64-e0c1-41ab-9975-71487d6bd5a6,1,4124O00031C0,-22.90189,-43.34779,2019-01-25 08:57:46,,,
C51605,1a516c64-e0c1-41ab-9975-71487d6bd5a6,2,4124O00058C0,-22.900466,-43.349828,2019-01-25 08:58:26,,,
C51605,1a516c64-e0c1-41ab-9975-71487d6bd5a6,3,4124O00033C0,-22.89911,-43.35167,2019-01-25 08:59:00,,,
C51605,1a516c64-e0c1-41ab-9975-71487d6bd5a6,4,4124O00004C0,-22.898012,-43.352228,2019-01-25 08:59:27,,,
C51605,1a516c64-e0c1-41ab-9975-71487d6bd5a6,5,4124O00006C0,-22.89818,-43.350146,2019-01-25 09:00:11,,,
C51605,1a516c64-e0c1-41ab-9975-71487d6bd5a6,6,4124O00008C0,-22.896967,-43.348397,2019-01-25 09:00:47,,,
C51605,1a516c64-e0c1-41ab-9975-71487d6bd5a6,7,4124O00016C0,-22.8954,-43.34742,2019-01-25 09:01:15,,,
C51605,1a516c64-e0c1-41ab-9975-71487d6bd5a6,8,4124O00017C0,-22.89369,-43.34688,2019-01-25 09:01:43,,,
C51605,1a516c64-e0c1-41ab-9975-71487d6bd5a6,9,4124O00050C0,-22.890381,-43.34553,2019-01-25 09:02:44,,,
C51605,1a516c64-e0c1-41ab-9975-71487d6bd5a6,10,3078O00007C0,-22.88842,-43.34439,2019-01-25 09:03:19,,,
C51605,1a516c64-e0c1-41ab-9975-71487d6bd5a6,11,3078O00008C0,-22.88717,-43.34339,2019-01-25 09:03:43,,,
C51605,1a516c64-e0c1-41ab-9975-71487d6bd5a6,12,3078O00009C0,-22.88579,-43.34209,2019-01-25 09:04:12,2019-01-25 10:53:34,109.36666666666666,203.4092309305335
C51605,1a516c64-e0c1-41ab-9975-71487d6bd5a6,13,3082O00002C0,-22.88283,-43.34025,2019-01-25 09:05:29,,,
C51605,1a516c64-e0c1-41ab-9975-71487d6bd5a6,14,3082O00018C0,-22.882534,-43.33687,2019-01-25 09:06:18,,,
C51605,1a516c64-e0c1-41ab-9975-71487d6bd5a6,15,3082O00051C0,-22.882382,-43.333901,2019-01-25 09:07:01,,,
C51605,1a516c64-e0c1-41ab-9975-71487d6bd5a6,16,3082O00019C0,-22.882138,-43.331007,2019-01-25 09:07:49,,,
C51605,1a516c64-e0c1-41ab-9975-71487d6bd5a6,17,3082O00004C1,-22.88256,-43.32373,2019-01-25 09:09:30,,,
C51605,1a516c64-e0c1-41ab-9975-71487d6bd5a6,18,3082O00005C2,-22.88284,-43.3224,2019-01-25 09:09:50,,,
C51605,1a516c64-e0c1-41ab-9975-71487d6bd5a6,19,3079O00001C2,-22.8835,-43.32058,2019-01-25 09:10:18,,,
C51605,1a516c64-e0c1-41ab-9975-71487d6bd5a6,20,3079O00002C2,-22.88445,-43.31751,2019-01-25 09:11:05,,,
C51605,1a516c64-e0c1-41ab-9975-71487d6bd5a6,21,3079O00041C2,-22.884744,-43.316116,2019-01-25 09:11:26,,,
C51605,1a516c64-e0c1-41ab-9975-71487d6bd5a6,23,3079O00040C2,-22.88498,-43.31429,2019-01-25 09:11:52,,,
C51605,1a516c64-e0c1-41ab-9975-71487d6bd5a6,24,3079O00042C2,-22.885103,-43.311568,2019-01-25 09:12:31,,,
C51605,1a516c64-e0c1-41ab-9975-71487d6bd5a6,25,3069O00057C2,-22.88562,-43.30967,2019-01-25 09:13:01,,,
C51605,1a516c64-e0c1-41ab-9975-71487d6bd5a6,26,3069O00058C2,-22.88672,-43.306443,2019-01-25 09:13:50,,,
C51605,1a516c64-e0c1-41ab-9975-71487d6bd5a6,27,3069O00003C2,-22.88646,-43.30281,2019-01-25 09:14:44,,,
C51605,1a516c64-e0c1-41ab-9975-71487d6bd5a6,28,3070O00001C2,-22.88548,-43.30031,2019-01-25 09:15:25,,,
C51605,1a516c64-e0c1-41ab-9975-71487d6bd5a6,29,3071O00033C2,-22.884601,-43.297845,2019-01-25 09:16:04,,,
C51605,1a516c64-e0c1-41ab-9975-71487d6bd5a6,30,3071O00004C2,-22.88341,-43.29648,2019-01-25 09:16:31,,,
C51605,1a516c64-e0c1-41ab-9975-71487d6bd5a6,31,3071O00005C2,-22.88182,-43.29431,2019-01-25 09:17:12,,,
C51605,1a516c64-e0c1-41ab-9975-71487d6bd5a6,32,3071O00006C2,-22.8842,-43.29133,2019-01-25 09:18:16,,,
C51605,1a516c64-e0c1-41ab-9975-71487d6bd5a6,33,3066O00003C2,-22.885668,-43.290084,2019-01-25 09:18:50,,,
C51605,1a516c64-e0c1-41ab-9975-71487d6bd5a6,34,3064O00002C0,-22.88744,-43.2864,2019-01-25 09:19:45,,,
C51605,1a516c64-e0c1-41ab-9975-71487d6bd5a6,35,3065O00001C0,-22.887738,-43.283511,2019-01-25 09:20:21,,,
C51605,1a516c64-e0c1-41ab-9975-71487d6bd5a6,36,3065O00003C0,-22.887155,-43.280679,2019-01-25 09:21:07,,,
C51605,1a516c64-e0c1-41ab-9975-71487d6bd5a6,37,3065O00004C0,-22.88591,-43.27898,2019-01-25 09:21:40,,,
C51605,1a516c64-e0c1-41ab-9975-71487d6bd5a6,38,3065O00005C0,-22.88441,-43.27719,2019-01-25 09:22:15,,,
C51605,1a516c64-e0c1-41ab-9975-71487d6bd5a6,39,3053O00006C0,-22.8822,-43.2754,2019-01-25 09:22:58,,,
C51605,1a516c64-e0c1-41ab-9975-71487d6bd5a6,40,3053O00007C0,-22.881083,-43.272751,2019-01-25 09:23:42,,,
C51605,1a516c64-e0c1-41ab-9975-71487d6bd5a6,41,3053O00008C0,-22.878863,-43.265859,2019-01-25 09:25:28,,,
C51605,1a516c64-e0c1-41ab-9975-71487d6bd5a6,42,3052O00001C0,-22.87833,-43.26397,2019-01-25 09:26:00,,,
C51605,1a516c64-e0c1-41ab-9975-71487d6bd5a6,43,3052O00002C1,-22.878337,-43.261822,2019-01-25 09:26:31,,,
C51605,1a516c64-e0c1-41ab-9975-71487d6bd5a6,44,3052O00003C0,-22.880394,-43.259223,2019-01-25 09:27:26,,,
C51605,1a516c64-e0c1-41ab-9975-71487d6bd5a6,45,3155O00001C0,-22.882581,-43.254845,2019-01-25 09:28:38,,,
C51605,1a516c64-e0c1-41ab-9975-71487d6bd5a6,46,3155O00002C0,-22.88517,-43.25266,2019-01-25 09:29:29,,,
C51605,1a516c64-e0c1-41ab-9975-71487d6bd5a6,47,3155O00003C0,-22.886927,-43.250822,2019-01-25 09:30:07,,,
C51605,1a516c64-e0c1-41ab-9975-71487d6bd5a6,48,1012O00011C0,-22.890046,-43.244457,2019-01-25 09:32:07,,,
C51605,1a516c64-e0c1-41ab-9975-71487d6bd5a6,49,1012O00012C0,-22.890765,-43.242335,2019-01-25 09:32:38,,,
C51605,1a516c64-e0c1-41ab-9975-71487d6bd5a6,50,1012O00013C0,-22.891768,-43.240794,2019-01-25 09:33:02,,,
C51605,1a516c64-e0c1-41ab-9975-71487d6bd5a6,51,1012O00027C0,-22.89495,-43.24279,2019-01-25 09:34:18,,,
C51605,1a516c64-e0c1-41ab-9975-71487d6bd5a6,52,vphs,-22.897995,-43.241305,2019-01-25 09:35:29,,,
C51605,1a516c64-e0c1-41ab-9975-71487d6bd5a6,53,1011O00001C0,-22.90138,-43.241176,2019-01-25 09:36:29,,,
C51605,1a516c64-e0c1-41ab-9975-71487d6bd5a6,54,3057O00006C0,-22.90591,-43.23964,2019-01-25 09:37:42,,,
C51605,1a516c64-e0c1-41ab-9975-71487d6bd5a6,56,1011O00002C0,-22.907884,-43.236917,2019-01-25 09:38:32,,,
C51605,1a516c64-e0c1-41ab-9975-71487d6bd5a6,57,2035O00042C0,-22.908756,-43.234655,2019-01-25 09:39:04,,,
C51605,1a516c64-e0c1-41ab-9975-71487d6bd5a6,58,1010O00038C0,-22.908374,-43.231002,2019-01-25 09:40:01,,,
C51605,1a516c64-e0c1-41ab-9975-71487d6bd5a6,59,1010O00077C0,-22.90931,-43.22631,2019-01-25 09:41:22,,,
C51605,1a516c64-e0c1-41ab-9975-71487d6bd5a6,60,1010O00103C0,-22.909238,-43.222916,2019-01-25 09:42:12,,,
C51605,1a516c64-e0c1-41ab-9975-71487d6bd5a6,61,1010O00040C0,-22.906357,-43.220639,2019-01-25 09:43:09,,,
C51605,1a516c64-e0c1-41ab-9975-71487d6bd5a6,62,1010O00107C0,-22.904907,-43.218901,2019-01-25 09:43:55,,,
C51605,1a516c64-e0c1-41ab-9975-71487d6bd5a6,63,1010O00079C0,-22.90411,-43.21611,2019-01-25 09:44:40,,,
C51605,1a516c64-e0c1-41ab-9975-71487d6bd5a6,64,1010O00080C0,-22.90341,-43.21449,2019-01-25 09:45:06,,,
C51605,1a516c64-e0c1-41ab-9975-71487d6bd5a6,65,1010O00081C0,-22.902025,-43.210979,2019-01-25 09:46:01,,,
C51605,1a516c64-e0c1-41ab-9975-71487d6bd5a6,66,2032O00028C0,-22.908498,-43.209965,2019-01-25 09:47:47,,,
C51605,1a516c64-e0c1-41ab-9975-71487d6bd5a6,67,1008O00022S0,-22.91013,-43.205583,2019-01-25 09:49:21,,,
C51605,1a516c64-e0c1-41ab-9975-71487d6bd5a6,68,1008O00005S0,-22.908619,-43.201048,2019-01-25 09:50:30,,,
C51605,1a516c64-e0c1-41ab-9975-71487d6bd5a6,69,1005O00060C0,-22.90623,-43.193405,2019-01-25 09:52:27,,,
C51605,1a516c64-e0c1-41ab-9975-71487d6bd5a6,70,1005O00359S0,-22.905052,-43.189782,2019-01-25 09:53:22,,,
C51605,1a516c64-e0c1-41ab-9975-71487d6bd5a6,71,1005O00375S2,-22.903332,-43.184461,2019-01-25 09:54:43,,,
C51605,1a516c64-e0c1-41ab-9975-71487d6bd5a6,72,1005O00197C0,-22.905593,-43.182786,2019-01-25 09:55:36,,,
C51605,1a516c64-e0c1-41ab-9975-71487d6bd5a6,73,1005O00020S0,-22.90723,-43.18272,2019-01-25 09:56:12,,,
C51605,1a516c64-e0c1-41ab-9975-71487d6bd5a6,74,1005O00232S0,-22.90879,-43.18819,2019-01-25 09:57:35,,,
C51605,1a516c64-e0c1-41ab-9975-71487d6bd5a6,75,1005O00234C0,-22.908392,-43.189263,2019-01-25 09:57:56,,,
C51610,1a516c64-e0c1-41ab-9975-71487d6bd5a6,0,4124O00046C0,-22.901318,-43.347259,2019-01-25 08:57:31,,,
C51610,1a516c64-e0c1-41ab-9975-71487d6bd5a6,1,4124O00031C0,-22.90189,-43.34779,2019-01-25 08:57:42,,,
C51610,1a516c64-e0c1-41ab-9975-71487d6bd5a6,2,4124O00058C0,-22.900466,-43.349828,2019-01-25 08:58:22,,,
C51610,1a516c64-e0c1-41ab-9975-71487d6bd5a6,3,4124O00033C0,-22.89911,-43.35167,2019-01-25 08:58:56,,,
C51610,1a516c64-e0c1-41ab-9975-71487d6bd5a6,4,4124O00004C0,-22.898012,-43.352228,2019-01-25 08:59:23,,,
C51610,1a516c64-e0c1-41ab-9975-71487d6bd5a6,5,4124O00006C0,-22.89818,-43.350146,2019-01-25 09:00:07,,,
C51610,1a516c64-e0c1-41ab-9975-71487d6bd5a6,6,4124O00008C0,-22.896967,-43.348397,2019-01-25 09:00:43,,,
C51610,1a516c64-e0c1-41ab-9975-71487d6bd5a6,7,4124O00016C0,-22.8954,-43.34742,2019-01-25 09:01:11,,,
C51610,1a516c64-e0c1-41ab-9975-71487d6bd5a6,8,4124O00017C0,-22.89369,-43.34688,2019-01-25 09:01:39,,,
C51610,1a516c64-e0c1-41ab-9975-71487d6bd5a6,9,4124O00050C0,-22.890381,-43.34553,2019-01-25 09:02:40,,,
C51610,1a516c64-e0c1-41ab-9975-71487d6bd5a6,10,3078O00007C0,-22.88842,-43.34439,2019-01-25 09:03:15,,,
C51610,1a516c64-e0c1-41ab-9975-71487d6bd5a6,11,3078O00008C0,-22.88717,-43.34339,2019-01-25 09:03:39,,,
C51610,1a516c64-e0c1-41ab-9975-71487d6bd5a6,12,3078O00009C0,-22.88579,-43.34209,2019-01-25 09:04:08,,,
C51610,1a516c64-e0c1-41ab-9975-71487d6bd5a6,13,3082O00002C0,-22.88283,-43.34025,2019-01-25 09:05:25,,,
C51610,1a516c64-e0c1-41ab-9975-71487d6bd5a6,14,3082O00018C0,-22.882534,-43.33687,2019-01-25 09:06:14,,,
C51610,1a516c64-e0c1-41ab-9975-71487d6bd5a6,15,3082O00051C0,-22.882382,-43.333901,2019-01-25 09:06:57,,,
C51610,1a516c64-e0c1-41ab-9975-71487d6bd5a6,16,3082O00019C0,-22.882138,-43.331007,2019-01-25 09:07:45,,,
C51610,1a516c64-e0c1-41ab-9975-71487d6bd5a6,17,3082O00004C1,-22.88256,-43.32373,2019-01-25 09:09:26,,,
C51610,1a516c64-e0c1-41ab-9975-71487d6bd5a6,18,3082O00005C2,-22.88284,-43.3224,2019-01-25 09:09:46,,,
C51610,1a516c64-e0c1-41ab-9975-71487d6bd5a6,19,3079O00001C2,-22.8835,-43.32058,2019-01-25 09:10:14,2019-01-25 08:59:01,-11.216666666666667,185.12245131149805
C51610,1a516c64-e0c1-41ab-9975-71487d6bd5a6,20,3079O00002C2,-22.88445,-43.31751,2019-01-25 09:11:01,2019-01-25 09:00:01,-11.0,126.0217131787201
C51610,1a516c64-e0c1-41ab-9975-71487d6bd5a6,21,3079O00041C2,-22.884744,-43.316116,2019-01-25 09:11:22,,,
C51610,1a516c64-e0c1-41ab-9975-71487d6bd5a6,23,3079O00040C2,-22.88498,-43.31429,2019-01-25 09:11:48,,,
C51610,1a516c64-e0c1-41ab-9975-71487d6bd5a6,24,3079O00042C2,-22.885103,-43.311568,2019-01-25 09:12:27,2019-01-25 09:03:01,-9.433333333333334,239.36374883983385
C51610,1a516c64-e0c1-41ab-9975-71487d6bd5a6,25,3069O00057C2,-22.88562,-43.30967,2019-01-25 09:12:57,2019-01-25 11:00:01,107.06666666666666,61.26641759348356
C51610,1a516c64-e0c1-41ab-9975-71487d6bd5a6,26,3069O00058C2,-22.88672,-43.306443,2019-01-25 09:13:46,,,
C51610,1a516c64-e0c1-41ab-9975-71487d6bd5a6,27,3069O00003C2,-22.88646,-43.30281,2019-01-25 09:14:40,,,
C51610,1a516c64-e0c1-41ab-9975-71487d6bd5a6,28,3070O00001C2,-22.88548,-43.30031,2019-01-25 09:15:21,,,
C51610,1a516c64-e0c1-41ab-9975-71487d6bd5a6,29,3071O00033C2,-22.884601,-43.297845,2019-01-25 09:16:00,,,
C51610,1a516c64-e0c1-41ab-9975-71487d6bd5a6,30,3071O00004C2,-22.88341,-43.29648,2019-01-25 09:16:27,,,
C51610,1a516c64-e0c1-41ab-9975-71487d6bd5a6,31,3071O00005C2,-22.88182,-43.29431,2019-01-25 09:17:08,,,
C51610,1a516c64-e0c1-41ab-9975-71487d6bd5a6,32,3071O00006C2,-22.8842,-43.29133,2019-01-25 09:18:12,,,
C51610,1a516c64-e0c1-41ab-9975-71487d6bd5a6,33,3066O00003C2,-22.885668,-43.290084,2019-01-25 09:18:46,,,
C51610,1a516c64-e0c1-41ab-9975-71487d6bd5a6,34,3064O00002C0,-22.88744,-43.2864,2019-01-25 09:19:41,,,
C51610,1a516c64-e0c1-41ab-9975-71487d6bd5a6,35,3065O00001C0,-22.887738,-43.283511,2019-01-25 09:20:17,,,
C51610,1a516c64-e0c1-41ab-9975-71487d6bd5a6,36,3065O00003C0,-22.887155,-43.280679,2019-01-25 09:21:03,,,
C51610,1a516c64-e0c1-41ab-9975-71487d6bd5a6,37,3065O00004C0,-22.88591,-43.27898,2019-01-25 09:21:36,,,
C51610,1a516c64-e0c1-41ab-9975-71487d6bd5a6,38,3065O00005C0,-22.88441,-43.27719,2019-01-25 09:22:11,,,
C51610,1a516c64-e0c1-41ab-9975-71487d6bd5a6,39,3053O00006C0,-22.8822,-43.2754,2019-01-25 09:22:54,,,
C51610,1a516c64-e0c1-41ab-9975-71487d6bd5a6,40,3053O00007C0,-22.881083,-43.272751,2019-01-25 09:23:38,,,
C51610,1a516c64-e0c1-41ab-9975-71487d6bd5a6,41,3053O00008C0,-22.878863,-43.265859,2019-01-25 09:25:24,,,
C51610,1a516c64-e0c1-41ab-9975-71487d6bd5a6,42,3052O00001C0,-22.87833,-43.26397,2019-01-25 09:25:56,,,
C51610,1a516c64-e0c1-41ab-9975-71487d6bd5a6,43,3052O00002C1,-22.878337,-43.261822,2019-01-25 09:26:27,,,
C51610,1a516c64-e0c1-41ab-9975-71487d6bd5a6,44,3052O00003C0,-22.880394,-43.259223,2019-01-25 09:27:22,,,
C51610,1a516c64-e0c1-41ab-9975-71487d6bd5a6,45,3155O00001C0,-22.882581,-43.254845,2019-01-25 09:28:34,,,
C51610,1a516c64-e0c1-41ab-9975-71487d6bd5a6,46,3155O00002C0,-22.88517,-43.25266,2019-01-25 09:29:25,,,
C51610,1a516c64-e0c1-41ab-9975-71487d6bd5a6,47,3155O00003C0,-22.886927,-43.250822,2019-01-25 09:30:03,,,
C51610,1a516c64-e0c1-41ab-9975-71487d6bd5a6,48,1012O00011C0,-22.890046,-43.244457,2019-01-25 09:32:03,,,
C51610,1a516c64-e0c1-41ab-9975-71487d6bd5a6,49,1012O00012C0,-22.890765,-43.242335,2019-01-25 09:32:34,,,
C51610,1a516c64-e0c1-41ab-9975-71487d6bd5a6,50,1012O00013C0,-22.891768,-43.240794,2019-01-25 09:32:58,,,
C51610,1a516c64-e0c1-41ab-9975-71487d6bd5a6,51,1012O00027C0,-22.89495,-43.24279,2019-01-25 09:34:14,,,
C51610,1a516c64-e0c1-41ab-9975-71487d6bd5a6,52,vphs,-22.897995,-43.241305,2019-01-25 09:35:25,,,
C51610,1a516c64-e0c1-41ab-9975-71487d6bd5a6,53,1011O00001C0,-22.90138,-43.241176,2019-01-25 09:36:25,,,
C51610,1a516c64-e0c1-41ab-9975-71487d6bd5a6,54,3057O00006C0,-22.90591,-43.23964,2019-01-25 09:37:38,,,
C51610,1a516c64-e0c1-41ab-9975-71487d6bd5a6,56,1011O00002C0,-22.907884,-43.236917,2019-01-25 09:38:28,,,
C51610,1a516c64-e0c1-41ab-9975-71487d6bd5a6,57,2035O00042C0,-22.908756,-43.234655,2019-01-25 09:39:00,,,
C51610,1a516c64-e0c1-41ab-9975-71487d6bd5a6,58,1010O00038C0,-22.908374,-43.231002,2019-01-25 09:39:57,,,
C51610,1a516c64-e0c1-41ab-9975-71487d6bd5a6,59,1010O00077C0,-22.90931,-43.22631,2019-01-25 09:41:18,,,
C51610,1a516c64-e0c1-41ab-9975-71487d6bd5a6,60,1010O00103C0,-22.909238,-43.222916,2019-01-25 09:42:08,,,
C51610,1a516c64-e0c1-41ab-9975-71487d6bd5a6,61,1010O00040C0,-22.906357,-43.220639,2019-01-25 09:43:05,,,
C51610,1a516c64-e0c1-41ab-9975-71487d6bd5a6,62,1010O00107C0,-22.904907,-43.218901,2019-01-25 09:43:51,,,
C51610,1a516c64-e0c1-41ab-9975-71487d6bd5a6,63,1010O00079C0,-22.90411,-43.21611,2019-01-25 09:44:36,,,
C51610,1a516c64-e0c1-41ab-9975-71487d6bd5a6,64,1010O00080C0,-22.90341,-43.21449,2019-01-25 09:45:02,,,
C51610,1a516c64-e0c1-41ab-9975-71487d6bd5a6,65,1010O00081C0,-22.902025,-43.210979,2019-01-25 09:45:57,,,
C51610,1a516c64-e0c1-41ab-9975-71487d6bd5a6,66,2032O00028C0,-22.908498,-43.209965,2019-01-25 09:47:43,,,
C51610,1a516c64-e0c1-41ab-9975-71487d6bd5a6,67,1008O00022S0,-22.91013,-43.205583,2019-01-25 09:49:17,,,
C51610,1a516c64-e0c1-41ab-9975-71487d6bd5a6,68,1008O00005S0,-22.908619,-43.201048,2019-01-25 09:50:26,,,
C51610,1a516c64-e0c1-41ab-9975-71487d6bd5a6,69,1005O00060C0,-22.90623,-43.193405,2019-01-25 09:52:23,,,
C51610,1a516c64-e0c1-41ab-9975-71487d6bd5a6,70,1005O00359S0,-22.905052,-43.189782,2019-01-25 09:53:18,,,
C51610,1a516c64-e0c1-41ab-9975-71487d6bd5a6,71,1005O00375S2,-22.903332,-43.184461,2019-01-25 09:54:39,,,
C51610,1a516c64-e0c1-41ab-9975-71487d6bd5a6,72,1005O00197C0,-22.905593,-43.182786,2019-01-25 09:55:32,,,
C51610,1a516c64-e0c1-41ab-9975-71487d6bd5a6,73,1005O00020S0,-22.90723,-43.18272,2019-01-25 09:56:08,,,
C51610,1a516c64-e0c1-41ab-9975-71487d6bd5a6,74,1005O00232S0,-22.90879,-43.18819,2019-01-25 09:57:31,,,
C51610,1a516c64-e0c1-41ab-9975-71487d6bd5a6,75,1005O00234C0,-22.908392,-43.189263,2019-01-25 09:57:52,,,
C51581,1a516c64-e0c1-41ab-9975-71487d6bd5a6,0,4124O00046C0,-22.901318,-43.347259,2019-01-25 09:02:00,2019-01-25 10:57:00,115.0,49.50342406547188
C51581,1a516c64-e0c1-41ab-9975-71487d6bd5a6,1,4124O00031C0,-22.90189,-43.34779,2019-01-25 09:02:11,2019-01-25 11:00:00,117.81666666666666,93.93742726423294
C51581,1a516c64-e0c1-41ab-9975-71487d6bd5a6,2,4124O00058C0,-22.900466,-43.349828,2019-01-25 09:02:51,,,
C51581,1a516c64-e0c1-41ab-9975-71487d6bd5a6,3,4124O00033C0,-22.89911,-43.35167,2019-01-25 09:03:25,,,
C51581,1a516c64-e0c1-41ab-9975-71487d6bd5a6,4,4124O00004C0,-22.898012,-43.352228,2019-01-25 09:03:52,,,
C51581,1a516c64-e0c1-41ab-9975-71487d6bd5a6,5,4124O00006C0,-22.89818,-43.350146,2019-01-25 09:04:36,,,
C51581,1a516c64-e0c1-41ab-9975-71487d6bd5a6,6,4124O00008C0,-22.896967,-43.348397,2019-01-25 09:05:12,,,
C51581,1a516c64-e0c1-41ab-9975-71487d6bd5a6,7,4124O00016C0,-22.8954,-43.34742,2019-01-25 09:05:40,,,
C51581,1a516c64-e0c1-41ab-9975-71487d6bd5a6,8,4124O00017C0,-22.89369,-43.34688,2019-01-25 09:06:08,,,
C51581,1a516c64-e0c1-41ab-9975-71487d6bd5a6,9,4124O00050C0,-22.890381,-43.34553,2019-01-25 09:07:09,,,
C51581,1a516c64-e0c1-41ab-9975-71487d6bd5a6,10,3078O00007C0,-22.88842,-43.34439,2019-01-25 09:07:44,,,
C51581,1a516c64-e0c1-41ab-9975-71487d6bd5a6,11,3078O00008C0,-22.88717,-43.34339,2019-01-25 09:08:08,,,
C51581,1a516c64-e0c1-41ab-9975-71487d6bd5a6,12,3078O00009C0,-22.88579,-43.34209,2019-01-25 09:08:37,,,
C51581,1a516c64-e0c1-41ab-9975-71487d6bd5a6,13,3082O00002C0,-22.88283,-43.34025,2019-01-25 09:09:54,,,
C51581,1a516c64-e0c1-41ab-9975-71487d6bd5a6,14,3082O00018C0,-22.882534,-43.33687,2019-01-25 09:10:43,,,
C51581,1a516c64-e0c1-41ab-9975-71487d6bd5a6,15,3082O00051C0,-22.882382,-43.333901,2019-01-25 09:11:26,,,
C51581,1a516c64-e0c1-41ab-9975-71487d6bd5a6,16,3082O00019C0,-22.882138,-43.331007,2019-01-25 09:12:14,,,
C51581,1a516c64-e0c1-41ab-9975-71487d6bd5a6,17,3082O00004C1,-22.88256,-43.32373,2019-01-25 09:13:55,,,
C51581,1a516c64-e0c1-41ab-9975-71487d6bd5a6,18,3082O00005C2,-22.88284,-43.3224,2019-01-25 09:14:15,,,
C51581,1a516c64-e0c1-41ab-9975-71487d6bd5a6,19,3079O00001C2,-22.8835,-43.32058,2019-01-25 09:14:43,,,
C51581,1a516c64-e0c1-41ab-9975-71487d6bd5a6,20,3079O00002C2,-22.88445,-43.31751,2019-01-25 09:15:30,,,
C51581,1a516c64-e0c1-41ab-9975-71487d6bd5a6,21,3079O00041C2,-22.884744,-43.316116,2019-01-25 09:15:51,,,
C51581,1a516c64-e0c1-41ab-9975-71487d6bd5a6,23,3079O00040C2,-22.88498,-43.31429,2019-01-25 09:16:17,,,
C51581,1a516c64-e0c1-41ab-9975-71487d6bd5a6,24,3079O00042C2,-22.885103,-43.311568,2019-01-25 09:16:56,,,
C51581,1a516c64-e0c1-41ab-9975-71487d6bd5a6,25,3069O00057C2,-22.88562,-43.30967,2019-01-25 09:17:26,,,
C51581,1a516c64-e0c1-41ab-9975-71487d6bd5a6,26,3069O00058C2,-22.88672,-43.306443,2019-01-25 09:18:15,,,
C51581,1a516c64-e0c1-41ab-9975-71487d6bd5a6,27,3069O00003C2,-22.88646,-43.30281,2019-01-25 09:19:09,,,
C51581,1a516c64-e0c1-41ab-9975-71487d6bd5a6,28,3070O00001C2,-22.88548,-43.30031,2019-01-25 09:19:50,,,
C51581,1a516c64-e0c1-41ab-9975-71487d6bd5a6,29,3071O00033C2,-22.884601,-43.297845,2019-01-25 09:20:29,,,
C51581,1a516c64-e0c1-41ab-9975-71487d6bd5a6,30,3071O00004C2,-22.88341,-43.29648,2019-01-25 09:20:56,,,
C51581,1a516c64-e0c1-41ab-9975-71487d6bd5a6,31,3071O00005C2,-22.88182,-43.29431,2019-01-25 09:21:37,,,
C51581,1a516c64-e0c1-41ab-9975-71487d6bd5a6,32,3071O00006C2,-22.8842,-43.29133,2019-01-25 09:22:41,,,
C51581,1a516c64-e0c1-41ab-9975-71487d6bd5a6,33,3066O00003C2,-22.885668,-43.290084,2019-01-25 09:23:15,,,
C51581,1a516c64-e0c1-41ab-9975-71487d6bd5a6,34,3064O00002C0,-22.88744,-43.2864,2019-01-25 09:24:10,,,
C51581,1a516c64-e0c1-41ab-9975-71487d6bd5a6,35,3065O00001C0,-22.887738,-43.283511,2019-01-25 09:24:46,,,
C51581,1a516c64-e0c1-41ab-9975-71487d6bd5a6,36,3065O00003C0,-22.887155,-43.280679,2019-01-25 09:25:32,,,
C51581,1a516c64-e0c1-41ab-9975-71487d6bd5a6,37,3065O00004C0,-22.88591,-43.27898,2019-01-25 09:26:05,,,
C51581,1a516c64-e0c1-41ab-9975-71487d6bd5a6,38,3065O00005C0,-22.88441,-43.27719,2019-01-25 09:26:40,,,
C51581,1a516c64-e0c1-41ab-9975-71487d6bd5a6,39,3053O00006C0,-22.8822,-43.2754,2019-01-25 09:27:23,,,
C51581,1a516c64-e0c1-41ab-9975-71487d6bd5a6,40,3053O00007C0,-22.881083,-43.272751,2019-01-25 09:28:07,,,
C51581,1a516c64-e0c1-41ab-9975-71487d6bd5a6,41,3053O00008C0,-22.878863,-43.265859,2019-01-25 09:29:53,,,
C51581,1a516c64-e0c1-41ab-9975-71487d6bd5a6,42,3052O00001C0,-22.87833,-43.26397,2019-01-25 09:30:25,,,
C51581,1a516c64-e0c1-41ab-9975-71487d6bd5a6,43,3052O00002C1,-22.878337,-43.261822,2019-01-25 09:30:56,,,
C51581,1a516c64-e0c1-41ab-9975-71487d6bd5a6,44,3052O00003C0,-22.880394,-43.259223,2019-01-25 09:31:51,,,
C51581,1a516c64-e0c1-41ab-9975-71487d6bd5a6,45,3155O00001C0,-22.882581,-43.254845,2019-01-25 09:33:03,,,
C51581,1a516c64-e0c1-41ab-9975-71487d6bd5a6,46,3155O00002C0,-22.88517,-43.25266,2019-01-25 09:33:54,,,
C51581,1a516c64-e0c1-41ab-9975-71487d6bd5a6,47,3155O00003C0,-22.886927,-43.250822,2019-01-25 09:34:32,,,
C51581,1a516c64-e0c1-41ab-9975-71487d6bd5a6,48,1012O00011C0,-22.890046,-43.244457,2019-01-25 09:36:32,,,
C51581,1a516c64-e0c1-41ab-9975-71487d6bd5a6,49,1012O00012C0,-22.890765,-43.242335,2019-01-25 09:37:03,,,
C51581,1a516c64-e0c1-41ab-9975-71487d6bd5a6,50,1012O00013C0,-22.891768,-43.240794,2019-01-25 09:37:27,,,
C51581,1a516c64-e0c1-41ab-9975-71487d6bd5a6,51,1012O00027C0,-22.89495,-43.24279,2019-01-25 09:38:43,,,
C51581,1a516c64-e0c1-41ab-9975-71487d6bd5a6,52,vphs,-22.897995,-43.241305,2019-01-25 09:39:54,,,
C51581,1a516c64-e0c1-41ab-9975-71487d6bd5a6,53,1011O00001C0,-22.90138,-43.241176,2019-01-25 09:40:54,,,
C51581,1a516c64-e0c1-41ab-9975-71487d6bd5a6,54,3057O00006C0,-22.90591,-43.23964,2019-01-25 09:42:07,,,
C51581,1a516c64-e0c1-41ab-9975-71487d6bd5a6,56,1011O00002C0,-22.907884,-43.236917,2019-01-25 09:42:57,,,
C51581,1a516c64-e0c1-41ab-9975-71487d6bd5a6,57,2035O00042C0,-22.908756,-43.234655,2019-01-25 09:43:29,,,
C51581,1a516c64-e0c1-41ab-9975-71487d6bd5a6,58,1010O00038C0,-22.908374,-43.231002,2019-01-25 09:44:26,,,
C51581,1a516c64-e0c1-41ab-9975-71487d6bd5a6,59,1010O00077C0,-22.90931,-43.22631,2019-01-25 09:45:47,,,
C51581,1a516c64-e0c1-41ab-9975-71487d6bd5a6,60,1010O00103C0,-22.909238,-43.222916,2019-01-25 09:46:37,,,
C51581,1a516c64-e0c1-41ab-9975-71487d6bd5a6,61,1010O00040C0,-22.906357,-43.220639,2019-01-25 09:47:34,,,
C51581,1a516c64-e0c1-41ab-9975-71487d6bd5a6,62,1010O00107C0,-22.904907,-43.218901,2019-01-25 09:48:20,,,
C51581,1a516c64-e0c1-41ab-9975-71487d6bd5a6,63,1010O00079C0,-22.90411,-43.21611,2019-01-25 09:49:05,,,
C51581,1a516c64-e0c1-41ab-9975-71487d6bd5a6,64,1010O00080C0,-22.90341,-43.21449,2019-01-25 09:49:31,,,
C51581,1a516c64-e0c1-41ab-9975-71487d6bd5a6,65,1010O00081C0,-22.902025,-43.210979,2019-01-25 09:50:26,,,
C51581,1a516c64-e0c1-41ab-9975-71487d6bd5a6,66,2032O00028C0,-22.908498,-43.209965,2019-01-25 09:52:12,,,
C51581,1a516c64-e0c1-41ab-9975-71487d6bd5a6,67,1008O00022S0,-22.91013,-43.205583,2019-01-25 09:53:46,,,
C51581,1a516c64-e0c1-41ab-9975-71487d6bd5a6,68,1008O00005S0,-22.908619,-43.201048,2019-01-25 09:54:55,,,
C51581,1a516c64-e0c1-41ab-9975-71487d6bd5a6,69,1005O00060C0,-22.90623,-43.193405,2019-01-25 09:56:52,,,
C51581,1a516c64-e0c1-41ab-9975-71487d6bd5a6,70,1005O00359S0,-22.905052,-43.189782,2019-01-25 09:57:47,,,
C51581,1a516c64-e0c1-41ab-9975-71487d6bd5a6,71,1005O00375S2,-22.903332,-43.184461,2019-01-25 09:59:08,,,
C51581,1a516c64-e0c1-41ab-9975-71487d6bd5a6,72,1005O00197C0,-22.905593,-43.182786,2019-01-25 10:00:01,,,
C51581,1a516c64-e0c1-41ab-9975-71487d6bd5a6,73,1005O00020S0,-22.90723,-43.18272,2019-01-25 10:00:37,,,
C51581,1a516c64-e0c1-41ab-9975-71487d6bd5a6,74,1005O00232S0,-22.90879,-43.18819,2019-01-25 10:02:00,,,
C51581,1a516c64-e0c1-41ab-9975-71487d6bd5a6,75,1005O00234C0,-22.908392,-43.189263,2019-01-25 10:02:21,,,
C51590,1a516c64-e0c1-41ab-9975-71487d6bd5a6,0,4124O00046C0,-22.901318,-43.347259,2019-01-25 08:57:40,,,
C51590,1a516c64-e0c1-41ab-9975-71487d6bd5a6,1,4124O00031C0,-22.90189,-43.34779,2019-01-25 08:57:51,,,
C51590,1a516c64-e0c1-41ab-9975-71487d6bd5a6,2,4124O00058C0,-22.900466,-43.349828,2019-01-25 08:58:31,,,
C51590,1a516c64-e0c1-41ab-9975-71487d6bd5a6,3,4124O00033C0,-22.89911,-43.35167,2019-01-25 08:59:05,,,
C51590,1a516c64-e0c1-41ab-9975-71487d6bd5a6,4,4124O00004C0,-22.898012,-43.352228,2019-01-25 08:59:32,,,
C51590,1a516c64-e0c1-41ab-9975-71487d6bd5a6,5,4124O00006C0,-22.89818,-43.350146,2019-01-25 09:00:16,,,
C51590,1a516c64-e0c1-41ab-9975-71487d6bd5a6,6,4124O00008C0,-22.896967,-43.348397,2019-01-25 09:00:52,,,
C51590,1a516c64-e0c1-41ab-9975-71487d6bd5a6,7,4124O00016C0,-22.8954,-43.34742,2019-01-25 09:01:20,2019-01-25 10:49:09,107.81666666666666,240.6195866815267
C51590,1a516c64-e0c1-41ab-9975-71487d6bd5a6,8,4124O00017C0,-22.89369,-43.34688,2019-01-25 09:01:48,,,
C51590,1a516c64-e0c1-41ab-9975-71487d6bd5a6,9,4124O00050C0,-22.890381,-43.34553,2019-01-25 09:02:49,,,
C51590,1a516c64-e0c1-41ab-9975-71487d6bd5a6,10,3078O00007C0,-22.88842,-43.34439,2019-01-25 09:03:24,,,
C51590,1a516c64-e0c1-41ab-9975-71487d6bd5a6,11,3078O00008C0,-22.88717,-43.34339,2019-01-25 09:03:48,,,
C51590,1a516c64-e0c1-41ab-9975-71487d6bd5a6,12,3078O00009C0,-22.88579,-43.34209,2019-01-25 09:04:17,,,
C51590,1a516c64-e0c1-41ab-9975-71487d6bd5a6,13,3082O00002C0,-22.88283,-43.34025,2019-01-25 09:05:34,,,
C51590,1a516c64-e0c1-41ab-9975-71487d6bd5a6,14,3082O00018C0,-22.882534,-43.33687,2019-01-25 09:06:23,,,
C51590,1a516c64-e0c1-41ab-9975-71487d6bd5a6,15,3082O00051C0,-22.882382,-43.333901,2019-01-25 09:07:06,,,
C51590,1a516c64-e0c1-41ab-9975-71487d6bd5a6,16,3082O00019C0,-22.882138,-43.331007,2019-01-25 09:07:54,,,
C51590,1a516c64-e0c1-41ab-9975-71487d6bd5a6,17,3082O00004C1,-22.88256,-43.32373,2019-01-25 09:09:35,,,
C51590,1a516c64-e0c1-41ab-9975-71487d6bd5a6,18,3082O00005C2,-22.88284,-43.3224,2019-01-25 09:09:55,,,
C51590,1a516c64-e0c1-41ab-9975-71487d6bd5a6,19,3079O00001C2,-22.8835,-43.32058,2019-01-25 09:10:23,,,
C51590,1a516c64-e0c1-41ab-9975-71487d6bd5a6,20,3079O00002C2,-22.88445,-43.31751,2019-01-25 09:11:10,,,
C51590,1a516c64-e0c1-41ab-9975-71487d6bd5a6,21,3079O00041C2,-22.884744,-43.316116,2019-01-25 09:11:31,,,
C51590,1a516c64-e0c1-41ab-9975-71487d6bd5a6,23,3079O00040C2,-22.88498,-43.31429,2019-01-25 09:11:57,,,
C51590,1a516c64-e0c1-41ab-9975-71487d6bd5a6,24,3079O00042C2,-22.885103,-43.311568,2019-01-25 09:12:36,,,
C51590,1a516c64-e0c1-41ab-9975-71487d6bd5a6,25,3069O00057C2,-22.88562,-43.30967,2019-01-25 09:13:06,,,
C51590,1a516c64-e0c1-41ab-9975-71487d6bd5a6,26,3069O00058C2,-22.88672,-43.306443,2019-01-25 09:13:55,,,
C51590,1a516c64-e0c1-41ab-9975-71487d6bd5a6,27,3069O00003C2,-22.88646,-43.30281,2019-01-25 09:14:49,,,
C51590,1a516c64-e0c1-41ab-9975-71487d6bd5a6,28,3070O00001C2,-22.88548,-43.30031,2019-01-25 09:15:30,,,
C51590,1a516c64-e0c1-41ab-9975-71487d6bd5a6,29,3071O00033C2,-22.884601,-43.297845,2019-01-25 09:16:09,,,
C51590,1a516c64-e0c1-41ab-9975-71487d6bd5a6,30,3071O00004C2,-22.88341,-43.29648,2019-01-25 09:16:36,,,
C51590,1a516c64-e0c1-41ab-9975-71487d6bd5a6,31,3071O00005C2,-22.88182,-43.29431,2019-01-25 09:17:17,,,
C51590,1a516c64-e0c1-41ab-9975-71487d6bd5a6,32,3071O00006C2,-22.8842,-43.29133,2019-01-25 09:18:21,,,
C51590,1a516c64-e0c1-41ab-9975-71487d6bd5a6,33,3066O00003C2,-22.885668,-43.290084,2019-01-25 09:18:55,,,
C51590,1a516c64-e0c1-41ab-9975-71487d6bd5a6,34,3064O00002C0,-22.88744,-43.2864,2019-01-25 09:19:50,,,
C51590,1a516c64-e0c1-41ab-9975-71487d6bd5a6,35,3065O00001C0,-22.887738,-43.283511,2019-01-25 09:20:26,,,
C51590,1a516c64-e0c1-41ab-9975-71487d6bd5a6,36,3065O00003C0,-22.887155,-43.280679,2019-01-25 09:21:12,,,
C51590,1a516c64-e0c1-41ab-9975-71487d6bd5a6,37,3065O00004C0,-22.88591,-43.27898,2019-01-25 09:21:45,,,
C51590,1a516c64-e0c1-41ab-9975-71487d6bd5a6,38,3065O00005C0,-22.88441,-43.27719,2019-01-25 09:22:20,,,
C51590,1a516c64-e0c1-41ab-9975-71487d6bd5a6,39,3053O00006C0,-22.8822,-43.2754,2019-01-25 09:23:03,,,
C51590,1a516c64-e0c1-41ab-9975-71487d6bd5a6,40,3053O00007C0,-22.881083,-43.272751,2019-01-25 09:23:47,,,
C51590,1a516c64-e0c1-41ab-9975-71487d6bd5a6,41,3053O00008C0,-22.878863,-43.265859,2019-01-25 09:25:33,,,
C51590,1a516c64-e0c1-41ab-9975-71487d6bd5a6,42,3052O00001C0,-22.87833,-43.26397,2019-01-25 09:26:05,,,
C51590,1a516c64-e0c1-41ab-9975-71487d6bd5a6,43,3052O00002C1,-22.878337,-43.261822,2019-01-25 09:26:36,,,
C51590,1a516c64-e0c1-41ab-9975-71487d6bd5a6,44,3052O00003C0,-22.880394,-43.259223,2019-01-25 09:27:31,,,
C51590,1a516c64-e0c1-41ab-9975-71487d6bd5a6,45,3155O00001C0,-22.882581,-43.254845,2019-01-25 09:28:43,,,
C51590,1a516c64-e0c1-41ab-9975-71487d6bd5a6,46,3155O00002C0,-22.88517,-43.25266,2019-01-25 09:29:34,,,
C51590,1a516c64-e0c1-41ab-9975-71487d6bd5a6,47,3155O00003C0,-22.886927,-43.250822,2019-01-25 09:30:12,,,
C51590,1a516c64-e0c1-41ab-9975-71487d6bd5a6,48,1012O00011C0,-22.890046,-43.244457,2019-01-25 09:32:12,,,
C51590,1a516c64-e0c1-41ab-9975-71487d6bd5a6,49,1012O00012C0,-22.890765,-43.242335,2019-01-25 09:32:43,,,
C51590,1a516c64-e0c1-41ab-9975-71487d6bd5a6,50,1012O00013C0,-22.891768,-43.240794,2019-01-25 09:33:07,,,
C51590,1a516c64-e0c1-41ab-9975-71487d6bd5a6,51,1012O00027C0,-22.89495,-43.24279,2019-01-25 09:34:23,,,
C51590,1a516c64-e0c1-41ab-9975-71487d6bd5a6,52,vphs,-22.897995,-43.241305,2019-01-25 09:35:34,,,
C51590,1a516c64-e0c1-41ab-9975-71487d6bd5a6,53,1011O00001C0,-22.90138,-43.241176,2019-01-25 09:36:34,,,
C51590,1a516c64-e0c1-41ab-9975-71487d6bd5a6,54,3057O00006C0,-22.90591,-43.23964,2019-01-25 09:37:47,,,
C51590,1a516c64-e0c1-41ab-9975-71487d6bd5a6,56,1011O00002C0,-22.907884,-43.236917,2019-01-25 09:38:37,,,
C51590,1a516c64-e0c1-41ab-9975-71487d6bd5a6,57,2035O00042C0,-22.908756,-43.234655,2019-01-25 09:39:09,,,
C51590,1a516c64-e0c1-41ab-9975-71487d6bd5a6,58,1010O00038C0,-22.908374,-43.231002,2019-01-25 09:40:06,,,
C51590,1a516c64-e0c1-41ab-9975-71487d6bd5a6,59,1010O00077C0,-22.90931,-43.22631,2019-01-25 09:41:27,,,
C51590,1a516c64-e0c1-41ab-9975-71487d6bd5a6,60,1010O00103C0,-22.909238,-43.222916,2019-01-25 09:42:17,,,
C51590,1a516c64-e0c1-41ab-9975-71487d6bd5a6,61,1010O00040C0,-22.906357,-43.220639,2019-01-25 09:43:14,,,
C51590,1a516c64-e0c1-41ab-9975-71487d6bd5a6,62,1010O00107C0,-22.904907,-43.218901,2019-01-25 09:44:00,,,
C51590,1a516c64-e0c1-41ab-9975-71487d6bd5a6,63,1010O00079C0,-22.90411,-43.21611,2019-01-25 09:44:45,,,
C51590,1a516c64-e0c1-41ab-9975-71487d6bd5a6,64,1010O00080C0,-22.90341,-43.21449,2019-01-25 09:45:11,,,
C51590,1a516c64-e0c1-41ab-9975-71487d6bd5a6,65,1010O00081C0,-22.902025,-43.210979,2019-01-25 09:46:06,,,
C51590,1a516c64-e0c1-41ab-9975-71487d6bd5a6,66,2032O00028C0,-22.908498,-43.209965,2019-01-25 09:47:52,,,
C51590,1a516c64-e0c1-41ab-9975-71487d6bd5a6,67,1008O00022S0,-22.91013,-43.205583,2019-01-25 09:49:26,,,
C51590,1a516c64-e0c1-41ab-9975-71487d6bd5a6,68,1008O00005S0,-22.908619,-43.201048,2019-01-25 09:50:35,,,
C51590,1a516c64-e0c1-41ab-9975-71487d6bd5a6,69,1005O00060C0,-22.90623,-43.193405,2019-01-25 09:52:32,,,
C51590,1a516c64-e0c1-41ab-9975-71487d6bd5a6,70,1005O00359S0,-22.905052,-43.189782,2019-01-25 09:53:27,,,
C51590,1a516c64-e0c1-41ab-9975-71487d6bd5a6,71,1005O00375S2,-22.903332,-43.184461,2019-01-25 09:54:48,,,
C51590,1a516c64-e0c1-41ab-9975-71487d6bd5a6,72,1005O00197C0,-22.905593,-43.182786,2019-01-25 09:55:41,,,
C51590,1a516c64-e0c1-41ab-9975-71487d6bd5a6,73,1005O00020S0,-22.90723,-43.18272,2019-01-25 09:56:17,,,
C51590,1a516c64-e0c1-41ab-9975-71487d6bd5a6,74,1005O00232S0,-22.90879,-43.18819,2019-01-25 09:57:40,,,
C51590,1a516c64-e0c1-41ab-9975-71487d6bd5a6,75,1005O00234C0,-22.908392,-43.189263,2019-01-25 09:58:01,,,
C51555,1a516c64-e0c1-41ab-9975-71487d6bd5a6,0,4124O00046C0,-22.901318,-43.347259,2019-01-25 08:57:30,2019-01-25 09:22:00,24.5,16.891384162934266
C51555,1a516c64-e0c1-41ab-9975-71487d6bd5a6,1,4124O00031C0,-22.90189,-43.34779,2019-01-25 08:57:41,2019-01-25 09:27:30,29.816666666666666,61.12228802083256
C51555,1a516c64-e0c1-41ab-9975-71487d6bd5a6,2,4124O00058C0,-22.900466,-43.349828,2019-01-25 08:58:21,,,
C51555,1a516c64-e0c1-41ab-9975-71487d6bd5a6,3,4124O00033C0,-22.89911,-43.35167,2019-01-25 08:58:55,2019-01-25 09:31:00,32.083333333333336,199.2809646018784
C51555,1a516c64-e0c1-41ab-9975-71487d6bd5a6,4,4124O00004C0,-22.898012,-43.352228,2019-01-25 08:59:22,,,
C51555,1a516c64-e0c1-41ab-9975-71487d6bd5a6,5,4124O00006C0,-22.89818,-43.350146,2019-01-25 09:00:06,2019-01-25 09:32:00,31.9,247.05463887756306
C51555,1a516c64-e0c1-41ab-9975-71487d6bd5a6,6,4124O00008C0,-22.896967,-43.348397,2019-01-25 09:00:42,,,
C51555,1a516c64-e0c1-41ab-9975-71487d6bd5a6,7,4124O00016C0,-22.8954,-43.34742,2019-01-25 09:01:10,,,
C51555,1a516c64-e0c1-41ab-9975-71487d6bd5a6,8,4124O00017C0,-22.89369,-43.34688,2019-01-25 09:01:38,,,
C51555,1a516c64-e0c1-41ab-9975-71487d6bd5a6,9,4124O00050C0,-22.890381,-43.34553,2019-01-25 09:02:39,,,
C51555,1a516c64-e0c1-41ab-9975-71487d6bd5a6,10,3078O00007C0,-22.88842,-43.34439,2019-01-25 09:03:14,,,
C51555,1a516c64-e0c1-41ab-9975-71487d6bd5a6,11,3078O00008C0,-22.88717,-43.34339,2019-01-25 09:03:38,,,
C51555,1a516c64-e0c1-41ab-9975-71487d6bd5a6,12,3078O00009C0,-22.88579,-43.34209,2019-01-25 09:04:07,,,
C51555,1a516c64-e0c1-41ab-9975-71487d6bd5a6,13,3082O00002C0,-22.88283,-43.34025,2019-01-25 09:05:24,2019-01-25 09:38:00,32.6,2.347977033164004
C51555,1a516c64-e0c1-41ab-9975-71487d6bd5a6,14,3082O00018C0,-22.882534,-43.33687,2019-01-25 09:06:13,,,
C51555,1a516c64-e0c1-41ab-9975-71487d6bd5a6,15,3082O00051C0,-22.882382,-43.333901,2019-01-25 09:06:56,,,
C51555,1a516c64-e0c1-41ab-9975-71487d6bd5a6,16,3082O00019C0,-22.882138,-43.331007,2019-01-25 09:07:44,2019-01-25 09:42:00,34.266666666666666,201.00918638645854
C51555,1a516c64-e0c1-41ab-9975-71487d6bd5a6,17,3082O00004C1,-22.88256,-43.32373,2019-01-25 09:09:25,,,
C51555,1a516c64-e0c1-41ab-9975-71487d6bd5a6,18,3082O00005C2,-22.88284,-43.3224,2019-01-25 09:09:45,,,
C51555,1a516c64-e0c1-41ab-9975-71487d6bd5a6,19,3079O00001C2,-22.8835,-43.32058,2019-01-25 09:10:13,,,
C51555,1a516c64-e0c1-41ab-9975-71487d6bd5a6,20,3079O00002C2,-22.88445,-43.31751,2019-01-25 09:11:00,,,
C51555,1a516c64-e0c1-41ab-9975-71487d6bd5a6,21,3079O00041C2,-22.884744,-43.316116,2019-01-25 09:11:21,,,
C51555,1a516c64-e0c1-41ab-9975-71487d6bd5a6,23,3079O00040C2,-22.88498,-43.31429,2019-01-25 09:11:47,,,
C51555,1a516c64-e0c1-41ab-9975-71487d6bd5a6,24,3079O00042C2,-22.885103,-43.311568,2019-01-25 09:12:26,,,
C51555,1a516c64-e0c1-41ab-9975-71487d6bd5a6,25,3069O00057C2,-22.88562,-43.30967,2019-01-25 09:12:56,,,
C51555,1a516c64-e0c1-41ab-9975-71487d6bd5a6,26,3069O00058C2,-22.88672,-43.306443,2019-01-25 09:13:45,2019-01-25 09:52:00,38.25,208.54972990664734
C51555,1a516c64-e0c1-41ab-9975-71487d6bd5a6,27,3069O00003C2,-22.88646,-43.30281,2019-01-25 09:14:39,,,
C51555,1a516c64-e0c1-41ab-9975-71487d6bd5a6,28,3070O00001C2,-22.88548,-43.30031,2019-01-25 09:15:20,2019-01-25 09:53:30,38.166666666666664,27.075175208002065
C51555,1a516c64-e0c1-41ab-9975-71487d6bd5a6,29,3071O00033C2,-22.884601,-43.297845,2019-01-25 09:15:59,,,
C51555,1a516c64-e0c1-41ab-9975-71487d6bd5a6,30,3071O00004C2,-22.88341,-43.29648,2019-01-25 09:16:26,,,
C51555,1a516c64-e0c1-41ab-9975-71487d6bd5a6,31,3071O00005C2,-22.88182,-43.29431,2019-01-25 09:17:07,,,
C51555,1a516c64-e0c1-41ab-9975-71487d6bd5a6,32,3071O00006C2,-22.8842,-43.29133,2019-01-25 09:18:11,2019-01-25 09:58:00,39.81666666666667,19.41394543515192
C51555,1a516c64-e0c1-41ab-9975-71487d6bd5a6,33,3066O00003C2,-22.885668,-43.290084,2019-01-25 09:18:45,,,
C51555,1a516c64-e0c1-41ab-9975-71487d6bd5a6,34,3064O00002C0,-22.88744,-43.2864,2019-01-25 09:19:40,2019-01-25 10:00:00,40.333333333333336,125.77446330885904
C51555,1a516c64-e0c1-41ab-9975-71487d6bd5a6,35,3065O00001C0,-22.887738,-43.283511,2019-01-25 09:20:16,2019-01-25 10:03:00,42.733333333333334,127.20762128384447
C51555,1a516c64-e0c1-41ab-9975-71487d6bd5a6,36,3065O00003C0,-22.887155,-43.280679,2019-01-25 09:21:02,,,
C51555,1a516c64-e0c1-41ab-9975-71487d6bd5a6,37,3065O00004C0,-22.88591,-43.27898,2019-01-25 09:21:35,2019-01-25 10:05:00,43.416666666666664,62.94773781379834
C51555,1a516c64-e0c1-41ab-9975-71487d6bd5a6,38,3065O00005C0,-22.88441,-43.27719,2019-01-25 09:22:10,2019-01-25 10:06:00,43.833333333333336,93.89000464520834
C51555,1a516c64-e0c1-41ab-9975-71487d6bd5a6,39,3053O00006C0,-22.8822,-43.2754,2019-01-25 09:22:53,2019-01-25 10:08:00,45.11666666666667,131.1035285621047
C51555,1a516c64-e0c1-41ab-9975-71487d6bd5a6,40,3053O00007C0,-22.881083,-43.272751,2019-01-25 09:23:37,2019-01-25 10:09:00,45.38333333333333,28.15277857907375
C51555,1a516c64-e0c1-41ab-9975-71487d6bd5a6,41,3053O00008C0,-22.878863,-43.265859,2019-01-25 09:25:23,2019-01-25 10:10:01,44.63333333333333,68.6722806881687
C51555,1a516c64-e0c1-41ab-9975-71487d6bd5a6,42,3052O00001C0,-22.87833,-43.26397,2019-01-25 09:25:55,2019-01-25 10:10:31,44.6,11.64363741294806
C51555,1a516c64-e0c1-41ab-9975-71487d6bd5a6,43,3052O00002C1,-22.878337,-43.261822,2019-01-25 09:26:26,,,
C51555,1a516c64-e0c1-41ab-9975-71487d6bd5a6,44,3052O00003C0,-22.880394,-43.259223,2019-01-25 09:27:21,2019-01-25 10:11:31,44.166666666666664,74.72690248480784
C51555,1a516c64-e0c1-41ab-9975-71487d6bd5a6,45,3155O00001C0,-22.882581,-43.254845,2019-01-25 09:28:33,2019-01-25 10:13:01,44.46666666666667,8.606039053187159
C51555,1a516c64-e0c1-41ab-9975-71487d6bd5a6,46,3155O00002C0,-22.88517,-43.25266,2019-01-25 09:29:24,2019-01-25 10:13:31,44.11666666666667,249.95024274092054
C51555,1a516c64-e0c1-41ab-9975-71487d6bd5a6,47,3155O00003C0,-22.886927,-43.250822,2019-01-25 09:30:02,2019-01-25 10:15:01,44.983333333333334,120.6690106260251
C51555,1a516c64-e0c1-41ab-9975-71487d6bd5a6,48,1012O00011C0,-22.890046,-43.244457,2019-01-25 09:32:02,2019-01-25 10:18:01,45.983333333333334,200.9113856275626
C51555,1a516c64-e0c1-41ab-9975-71487d6bd5a6,49,1012O00012C0,-22.890765,-43.242335,2019-01-25 09:32:33,2019-01-25 10:18:31,45.96666666666667,8.355333189670407
C51555,1a516c64-e0c1-41ab-9975-71487d6bd5a6,50,1012O00013C0,-22.891768,-43.240794,2019-01-25 09:32:57,2019-01-25 11:22:01,109.06666666666666,139.09649156343892
C51555,1a516c64-e0c1-41ab-9975-71487d6bd5a6,51,1012O00027C0,-22.89495,-43.24279,2019-01-25 09:34:13,,,
C51555,1a516c64-e0c1-41ab-9975-71487d6bd5a6,52,vphs,-22.897995,-43.241305,2019-01-25 09:35:24,,,
C51555,1a516c64-e0c1-41ab-9975-71487d6bd5a6,53,1011O00001C0,-22.90138,-43.241176,2019-01-25 09:36:24,,,
C51555,1a516c64-e0c1-41ab-9975-71487d6bd5a6,54,3057O00006C0,-22.90591,-43.23964,2019-01-25 09:37:37,,,
C51555,1a516c64-e0c1-41ab-9975-71487d6bd5a6,56,1011O00002C0,-22.907884,-43.236917,2019-01-25 09:38:27,,,
C51555,1a516c64-e0c1-41ab-9975-71487d6bd5a6,57,2035O00042C0,-22.908756,-43.234655,2019-01-25 09:38:59,,,
C51555,1a516c64-e0c1-41ab-9975-71487d6bd5a6,58,1010O00038C0,-22.908374,-43.231002,2019-01-25 09:39:56,,,
C51555,1a516c64-e0c1-41ab-9975-71487d6bd5a6,59,1010O00077C0,-22.90931,-43.22631,2019-01-25 09:41:17,,,
C51555,1a516c64-e0c1-41ab-9975-71487d6bd5a6,60,1010O00103C0,-22.909238,-43.222916,2019-01-25 09:42:07,,,
C51555,1a516c64-e0c1-41ab-9975-71487d6bd5a6,61,1010O00040C0,-22.906357,-43.220639,2019-01-25 09:43:04,,,
C51555,1a516c64-e0c1-41ab-9975-71487d6bd5a6,62,1010O00107C0,-22.904907,-43.218901,2019-01-25 09:43:50,,,
C51555,1a516c64-e0c1-41ab-9975-71487d6bd5a6,63,1010O00079C0,-22.90411,-43.21611,2019-01-25 09:44:35,,,
C51555,1a516c64-e0c1-41ab-9975-71487d6bd5a6,64,1010O00080C0,-22.90341,-43.21449,2019-01-25 09:45:01,,,
C51555,1a516c64-e0c1-41ab-9975-71487d6bd5a6,65,1010O00081C0,-22.902025,-43.210979,2019-01-25 09:45:56,,,
C51555,1a516c64-e0c1-41ab-9975-71487d6bd5a6,66,2032O00028C0,-22.908498,-43.209965,2019-01-25 09:47:42,,,
C51555,1a516c64-e0c1-41ab-9975-71487d6bd5a6,67,1008O00022S0,-22.91013,-43.205583,2019-01-25 09:49:16,,,
C51555,1a516c64-e0c1-41ab-9975-71487d6bd5a6,68,1008O00005S0,-22.908619,-43.201048,2019-01-25 09:50:25,,,
C51555,1a516c64-e0c1-41ab-9975-71487d6bd5a6,69,1005O00060C0,-22.90623,-43.193405,2019-01-25 09:52:22,,,
C51555,1a516c64-e0c1-41ab-9975-71487d6bd5a6,70,1005O00359S0,-22.905052,-43.189782,2019-01-25 09:53:17,,,
C51555,1a516c64-e0c1-41ab-9975-71487d6bd5a6,71,1005O00375S2,-22.903332,-43.184461,2019-01-25 09:54:38,,,
C51555,1a516c64-e0c1-41ab-9975-71487d6bd5a6,72,1005O00197C0,-22.905593,-43.182786,2019-01-25 09:55:31,,,
C51555,1a516c64-e0c1-41ab-9975-71487d6bd5a6,73,1005O00020S0,-22.90723,-43.18272,2019-01-25 09:56:07,,,
C51555,1a516c64-e0c1-41ab-9975-71487d6bd5a6,74,1005O00232S0,-22.90879,-43.18819,2019-01-25 09:57:30,,,
C51555,1a516c64-e0c1-41ab-9975-71487d6bd5a6,75,1005O00234C0,-22.908392,-43.189263,2019-01-25 09:57:51,,,
C51649,1a516c64-e0c1-41ab-9975-71487d6bd5a6,0,4124O00046C0,-22.901318,-43.347259,2019-01-25 08:57:24,2019-01-25 09:35:54,38.5,5.059469667722981
C51649,1a516c64-e0c1-41ab-9975-71487d6bd5a6,1,4124O00031C0,-22.90189,-43.34779,2019-01-25 08:57:35,2019-01-25 09:36:24,38.81666666666667,81.52871402553339
C51649,1a516c64-e0c1-41ab-9975-71487d6bd5a6,2,4124O00058C0,-22.900466,-43.349828,2019-01-25 08:58:15,2019-01-25 09:41:55,43.666666666666664,19.779786750690498
C51649,1a516c64-e0c1-41ab-9975-71487d6bd5a6,3,4124O00033C0,-22.89911,-43.35167,2019-01-25 08:58:49,2019-01-25 09:42:55,44.1,86.48847883697883
C51649,1a516c64-e0c1-41ab-9975-71487d6bd5a6,4,4124O00004C0,-22.898012,-43.352228,2019-01-25 08:59:16,2019-01-25 09:45:12,45.93333333333333,136.14375312227745
C51649,1a516c64-e0c1-41ab-9975-71487d6bd5a6,5,4124O00006C0,-22.89818,-43.350146,2019-01-25 09:00:00,2019-01-25 09:46:12,46.2,224.77012426730494
C51649,1a516c64-e0c1-41ab-9975-71487d6bd5a6,6,4124O00008C0,-22.896967,-43.348397,2019-01-25 09:00:36,,,
C51649,1a516c64-e0c1-41ab-9975-71487d6bd5a6,7,4124O00016C0,-22.8954,-43.34742,2019-01-25 09:01:04,,,
C51649,1a516c64-e0c1-41ab-9975-71487d6bd5a6,8,4124O00017C0,-22.89369,-43.34688,2019-01-25 09:01:32,,,
C51649,1a516c64-e0c1-41ab-9975-71487d6bd5a6,9,4124O00050C0,-22.890381,-43.34553,2019-01-25 09:02:33,,,
C51649,1a516c64-e0c1-41ab-9975-71487d6bd5a6,10,3078O00007C0,-22.88842,-43.34439,2019-01-25 09:03:08,,,
C51649,1a516c64-e0c1-41ab-9975-71487d6bd5a6,11,3078O00008C0,-22.88717,-43.34339,2019-01-25 09:03:32,,,
C51649,1a516c64-e0c1-41ab-9975-71487d6bd5a6,12,3078O00009C0,-22.88579,-43.34209,2019-01-25 09:04:01,2019-01-25 09:51:10,47.15,215.01482806185402
C51649,1a516c64-e0c1-41ab-9975-71487d6bd5a6,13,3082O00002C0,-22.88283,-43.34025,2019-01-25 09:05:18,,,
C51649,1a516c64-e0c1-41ab-9975-71487d6bd5a6,14,3082O00018C0,-22.882534,-43.33687,2019-01-25 09:06:07,,,
C51649,1a516c64-e0c1-41ab-9975-71487d6bd5a6,15,3082O00051C0,-22.882382,-43.333901,2019-01-25 09:06:50,,,
C51649,1a516c64-e0c1-41ab-9975-71487d6bd5a6,16,3082O00019C0,-22.882138,-43.331007,2019-01-25 09:07:38,,,
C51649,1a516c64-e0c1-41ab-9975-71487d6bd5a6,17,3082O00004C1,-22.88256,-43.32373,2019-01-25 09:09:19,,,
C51649,1a516c64-e0c1-41ab-9975-71487d6bd5a6,18,3082O00005C2,-22.88284,-43.3224,2019-01-25 09:09:39,,,
C51649,1a516c64-e0c1-41ab-9975-71487d6bd5a6,19,3079O00001C2,-22.8835,-43.32058,2019-01-25 09:10:07,,,
C51649,1a516c64-e0c1-41ab-9975-71487d6bd5a6,20,3079O00002C2,-22.88445,-43.31751,2019-01-25 09:10:54,,,
C51649,1a516c64-e0c1-41ab-9975-71487d6bd5a6,21,3079O00041C2,-22.884744,-43.316116,2019-01-25 09:11:15,,,
C51649,1a516c64-e0c1-41ab-9975-71487d6bd5a6,23,3079O00040C2,-22.88498,-43.31429,2019-01-25 09:11:41,,,
C51649,1a516c64-e0c1-41ab-9975-71487d6bd5a6,24,3079O00042C2,-22.885103,-43.311568,2019-01-25 09:12:20,2019-01-25 10:05:40,53.333333333333336,204.0125193298126
C51649,1a516c64-e0c1-41ab-9975-71487d6bd5a6,25,3069O00057C2,-22.88562,-43.30967,2019-01-25 09:12:50,,,
C51649,1a516c64-e0c1-41ab-9975-71487d6bd5a6,26,3069O00058C2,-22.88672,-43.306443,2019-01-25 09:13:39,,,
C51649,1a516c64-e0c1-41ab-9975-71487d6bd5a6,27,3069O00003C2,-22.88646,-43.30281,2019-01-25 09:14:33,,,
C51649,1a516c64-e0c1-41ab-9975-71487d6bd5a6,28,3070O00001C2,-22.88548,-43.30031,2019-01-25 09:15:14,2019-01-25 10:10:10,54.93333333333333,30.41626537801655
C51649,1a516c64-e0c1-41ab-9975-71487d6bd5a6,29,3071O00033C2,-22.884601,-43.297845,2019-01-25 09:15:53,2019-01-25 10:10:40,54.78333333333333,106.04517687444398
C51649,1a516c64-e0c1-41ab-9975-71487d6bd5a6,30,3071O00004C2,-22.88341,-43.29648,2019-01-25 09:16:20,2019-01-25 10:11:40,55.333333333333336,98.89739832458531
C51649,1a516c64-e0c1-41ab-9975-71487d6bd5a6,31,3071O00005C2,-22.88182,-43.29431,2019-01-25 09:17:01,,,
C51649,1a516c64-e0c1-41ab-9975-71487d6bd5a6,32,3071O00006C2,-22.8842,-43.29133,2019-01-25 09:18:05,,,
C51649,1a516c64-e0c1-41ab-9975-71487d6bd5a6,33,3066O00003C2,-22.885668,-43.290084,2019-01-25 09:18:39,,,
C51649,1a516c64-e0c1-41ab-9975-71487d6bd5a6,34,3064O00002C0,-22.88744,-43.2864,2019-01-25 09:19:34,,,
C51649,1a516c64-e0c1-41ab-9975-71487d6bd5a6,35,3065O00001C0,-22.887738,-43.283511,2019-01-25 09:20:10,2019-01-25 10:18:10,58.0,140.66795070245217
C51649,1a516c64-e0c1-41ab-9975-71487d6bd5a6,36,3065O00003C0,-22.887155,-43.280679,2019-01-25 09:20:56,,,
C51649,1a516c64-e0c1-41ab-9975-71487d6bd5a6,37,3065O00004C0,-22.88591,-43.27898,2019-01-25 09:21:29,2019-01-25 10:19:40,58.18333333333333,69.60440507340769
C51649,1a516c64-e0c1-41ab-9975-71487d6bd5a6,38,3065O00005C0,-22.88441,-43.27719,2019-01-25 09:22:04,2019-01-25 10:20:40,58.6,44.71570460638865
C51649,1a516c64-e0c1-41ab-9975-71487d6bd5a6,39,3053O00006C0,-22.8822,-43.2754,2019-01-25 09:22:47,2019-01-25 10:21:40,58.88333333333333,55.0741807488752
C51649,1a516c64-e0c1-41ab-9975-71487d6bd5a6,40,3053O00007C0,-22.881083,-43.272751,2019-01-25 09:23:31,2019-01-25 10:22:40,59.15,155.00775867628653
C51649,1a516c64-e0c1-41ab-9975-71487d6bd5a6,41,3053O00008C0,-22.878863,-43.265859,2019-01-25 09:25:17,2019-01-25 10:23:40,58.38333333333333,12.980972238613099
C51649,1a516c64-e0c1-41ab-9975-71487d6bd5a6,42,3052O00001C0,-22.87833,-43.26397,2019-01-25 09:25:49,,,
C51649,1a516c64-e0c1-41ab-9975-71487d6bd5a6,43,3052O00002C1,-22.878337,-43.261822,2019-01-25 09:26:20,,,
C51649,1a516c64-e0c1-41ab-9975-71487d6bd5a6,44,3052O00003C0,-22.880394,-43.259223,2019-01-25 09:27:15,,,
C51649,1a516c64-e0c1-41ab-9975-71487d6bd5a6,45,3155O00001C0,-22.882581,-43.254845,2019-01-25 09:28:27,,,
C51649,1a516c64-e0c1-41ab-9975-71487d6bd5a6,46,3155O00002C0,-22.88517,-43.25266,2019-01-25 09:29:18,,,
C51649,1a516c64-e0c1-41ab-9975-71487d6bd5a6,47,3155O00003C0,-22.886927,-43.250822,2019-01-25 09:29:56,,,
C51649,1a516c64-e0c1-41ab-9975-71487d6bd5a6,48,1012O00011C0,-22.890046,-43.244457,2019-01-25 09:31:56,,,
C51649,1a516c64-e0c1-41ab-9975-71487d6bd5a6,49,1012O00012C0,-22.890765,-43.242335,2019-01-25 09:32:27,,,
C51649,1a516c64-e0c1-41ab-9975-71487d6bd5a6,50,1012O00013C0,-22.891768,-43.240794,2019-01-25 09:32:51,,,
C51649,1a516c64-e0c1-41ab-9975-71487d6bd5a6,51,1012O00027C0,-22.89495,-43.24279,2019-01-25 09:34:07,,,
C51649,1a516c64-e0c1-41ab-9975-71487d6bd5a6,52,vphs,-22.897995,-43.241305,2019-01-25 09:35:18,,,
C51649,1a516c64-e0c1-41ab-9975-71487d6bd5a6,53,1011O00001C0,-22.90138,-43.241176,2019-01-25 09:36:18,2019-01-25 10:37:40,61.36666666666667,68.89739195332884
C51649,1a516c64-e0c1-41ab-9975-71487d6bd5a6,54,3057O00006C0,-22.90591,-43.23964,2019-01-25 09:37:31,,,
C51649,1a516c64-e0c1-41ab-9975-71487d6bd5a6,56,1011O00002C0,-22.907884,-43.236917,2019-01-25 09:38:21,,,
C51649,1a516c64-e0c1-41ab-9975-71487d6bd5a6,57,2035O00042C0,-22.908756,-43.234655,2019-01-25 09:38:53,2019-01-25 11:38:39,119.76666666666667,71.8392146664432
C51649,1a516c64-e0c1-41ab-9975-71487d6bd5a6,58,1010O00038C0,-22.908374,-43.231002,2019-01-25 09:39:50,,,
C51649,1a516c64-e0c1-41ab-9975-71487d6bd5a6,59,1010O00077C0,-22.90931,-43.22631,2019-01-25 09:41:11,,,
C51649,1a516c64-e0c1-41ab-9975-71487d6bd5a6,60,1010O00103C0,-22.909238,-43.222916,2019-01-25 09:42:01,,,
C51649,1a516c64-e0c1-41ab-9975-71487d6bd5a6,61,1010O00040C0,-22.906357,-43.220639,2019-01-25 09:42:58,,,
C51649,1a516c64-e0c1-41ab-9975-71487d6bd5a6,62,1010O00107C0,-22.904907,-43.218901,2019-01-25 09:43:44,,,
C51649,1a516c64-e0c1-41ab-9975-71487d6bd5a6,63,1010O00079C0,-22.90411,-43.21611,2019-01-25 09:44:29,,,
C51649,1a516c64-e0c1-41ab-9975-71487d6bd5a6,64,1010O00080C0,-22.90341,-43.21449,2019-01-25 09:44:55,,,
C51649,1a516c64-e0c1-41ab-9975-71487d6bd5a6,65,1010O00081C0,-22.902025,-43.210979,2019-01-25 09:45:50,,,
C51649,1a516c64-e0c1-41ab-9975-71487d6bd5a6,66,2032O00028C0,-22.908498,-43.209965,2019-01-25 09:47:36,,,
C51649,1a516c64-e0c1-41ab-9975-71487d6bd5a6,67,1008O00022S0,-22.91013,-43.205583,2019-01-25 09:49:10,,,
C51649,1a516c64-e0c1-41ab-9975-71487d6bd5a6,68,1008O00005S0,-22.908619,-43.201048,2019-01-25 09:50:19,,,
C51649,1a516c64-e0c1-41ab-9975-71487d6bd5a6,69,1005O00060C0,-22.90623,-43.193405,2019-01-25 09:52:16,,,
C51649,1a516c64-e0c1-41ab-9975-71487d6bd5a6,70,1005O00359S0,-22.905052,-43.189782,2019-01-25 09:53:11,,,
C51649,1a516c64-e0c1-41ab-9975-71487d6bd5a6,71,1005O00375S2,-22.903332,-43.184461,2019-01-25 09:54:32,,,
C51649,1a516c64-e0c1-41ab-9975-71487d6bd5a6,72,1005O00197C0,-22.905593,-43.182786,2019-01-25 09:55:25,,,
C51649,1a516c64-e0c1-41ab-9975-71487d6bd5a6,73,1005O00020S0,-22.90723,-43.18272,2019-01-25 09:56:01,,,
C51649,1a516c64-e0c1-41ab-9975-71487d6bd5a6,74,1005O00232S0,-22.90879,-43.18819,2019-01-25 09:57:24,,,
C51649,1a516c64-e0c1-41ab-9975-71487d6bd5a6,75,1005O00234C0,-22.908392,-43.189263,2019-01-25 09:57:45,,,
C51603,1a516c64-e0c1-41ab-9975-71487d6bd5a6,0,4124O00046C0,-22.901318,-43.347259,2019-01-25 08:57:31,,,
C51603,1a516c64-e0c1-41ab-9975-71487d6bd5a6,1,4124O00031C0,-22.90189,-43.34779,2019-01-25 08:57:42,,,
C51603,1a516c64-e0c1-41ab-9975-71487d6bd5a6,2,4124O00058C0,-22.900466,-43.349828,2019-01-25 08:58:22,,,
C51603,1a516c64-e0c1-41ab-9975-71487d6bd5a6,3,4124O00033C0,-22.89911,-43.35167,2019-01-25 08:58:56,,,
C51603,1a516c64-e0c1-41ab-9975-71487d6bd5a6,4,4124O00004C0,-22.898012,-43.352228,2019-01-25 08:59:23,,,
C51603,1a516c64-e0c1-41ab-9975-71487d6bd5a6,5,4124O00006C0,-22.89818,-43.350146,2019-01-25 09:00:07,,,
C51603,1a516c64-e0c1-41ab-9975-71487d6bd5a6,6,4124O00008C0,-22.896967,-43.348397,2019-01-25 09:00:43,,,
C51603,1a516c64-e0c1-41ab-9975-71487d6bd5a6,7,4124O00016C0,-22.8954,-43.34742,2019-01-25 09:01:11,,,
C51603,1a516c64-e0c1-41ab-9975-71487d6bd5a6,8,4124O00017C0,-22.89369,-43.34688,2019-01-25 09:01:39,,,
C51603,1a516c64-e0c1-41ab-9975-71487d6bd5a6,9,4124O00050C0,-22.890381,-43.34553,2019-01-25 09:02:40,,,
C51603,1a516c64-e0c1-41ab-9975-71487d6bd5a6,10,3078O00007C0,-22.88842,-43.34439,2019-01-25 09:03:15,,,
C51603,1a516c64-e0c1-41ab-9975-71487d6bd5a6,11,3078O00008C0,-22.88717,-43.34339,2019-01-25 09:03:39,,,
C51603,1a516c64-e0c1-41ab-9975-71487d6bd5a6,12,3078O00009C0,-22.88579,-43.34209,2019-01-25 09:04:08,,,
C51603,1a516c64-e0c1-41ab-9975-71487d6bd5a6,13,3082O00002C0,-22.88283,-43.34025,2019-01-25 09:05:25,,,
C51603,1a516c64-e0c1-41ab-9975-71487d6bd5a6,14,3082O00018C0,-22.882534,-43.33687,2019-01-25 09:06:14,,,
C51603,1a516c64-e0c1-41ab-9975-71487d6bd5a6,15,3082O00051C0,-22.882382,-43.333901,2019-01-25 09:06:57,,,
C51603,1a516c64-e0c1-41ab-9975-71487d6bd5a6,16,3082O00019C0,-22.882138,-43.331007,2019-01-25 09:07:45,,,
C51603,1a516c64-e0c1-41ab-9975-71487d6bd5a6,17,3082O00004C1,-22.88256,-43.32373,2019-01-25 09:09:26,2019-01-25 10:45:01,95.58333333333333,25.30643543537799
C51603,1a516c64-e0c1-41ab-9975-71487d6bd5a6,18,3082O00005C2,-22.88284,-43.3224,2019-01-25 09:09:46,,,
C51603,1a516c64-e0c1-41ab-9975-71487d6bd5a6,19,3079O00001C2,-22.8835,-43.32058,2019-01-25 09:10:14,,,
C51603,1a516c64-e0c1-41ab-9975-71487d6bd5a6,20,3079O00002C2,-22.88445,-43.31751,2019-01-25 09:11:01,,,
C51603,1a516c64-e0c1-41ab-9975-71487d6bd5a6,21,3079O00041C2,-22.884744,-43.316116,2019-01-25 09:11:22,,,
C51603,1a516c64-e0c1-41ab-9975-71487d6bd5a6,23,3079O00040C2,-22.88498,-43.31429,2019-01-25 09:11:48,,,
C51603,1a516c64-e0c1-41ab-9975-71487d6bd5a6,24,3079O00042C2,-22.885103,-43.311568,2019-01-25 09:12:27,,,
C51603,1a516c64-e0c1-41ab-9975-71487d6bd5a6,25,3069O00057C2,-22.88562,-43.30967,2019-01-25 09:12:57,,,
C51603,1a516c64-e0c1-41ab-9975-71487d6bd5a6,26,3069O00058C2,-22.88672,-43.306443,2019-01-25 09:13:46,,,
C51603,1a516c64-e0c1-41ab-9975-71487d6bd5a6,27,3069O00003C2,-22.88646,-43.30281,2019-01-25 09:14:40,,,
C51603,1a516c64-e0c1-41ab-9975-71487d6bd5a6,28,3070O00001C2,-22.88548,-43.30031,2019-01-25 09:15:21,,,
C51603,1a516c64-e0c1-41ab-9975-71487d6bd5a6,29,3071O00033C2,-22.884601,-43.297845,2019-01-25 09:16:00,,,
C51603,1a516c64-e0c1-41ab-9975-71487d6bd5a6,30,3071O00004C2,-22.88341,-43.29648,2019-01-25 09:16:27,,,
C51603,1a516c64-e0c1-41ab-9975-71487d6bd5a6,31,3071O00005C2,-22.88182,-43.29431,2019-01-25 09:17:08,,,
C51603,1a516c64-e0c1-41ab-9975-71487d6bd5a6,32,3071O00006C2,-22.8842,-43.29133,2019-01-25 09:18:12,,,
C51603,1a516c64-e0c1-41ab-9975-71487d6bd5a6,33,3066O00003C2,-22.885668,-43.290084,2019-01-25 09:18:46,,,
C51603,1a516c64-e0c1-41ab-9975-71487d6bd5a6,34,3064O00002C0,-22.88744,-43.2864,2019-01-25 09:19:41,,,
C51603,1a516c64-e0c1-41ab-9975-71487d6bd5a6,35,3065O00001C0,-22.887738,-43.283511,2019-01-25 09:20:17,,,
C51603,1a516c64-e0c1-41ab-9975-71487d6bd5a6,36,3065O00003C0,-22.887155,-43.280679,2019-01-25 09:21:03,,,
C51603,1a516c64-e0c1-41ab-9975-71487d6bd5a6,37,3065O00004C0,-22.88591,-43.27898,2019-01-25 09:21:36,,,
C51603,1a516c64-e0c1-41ab-9975-71487d6bd5a6,38,3065O00005C0,-22.88441,-43.27719,2019-01-25 09:22:11,,,
C51603,1a516c64-e0c1-41ab-9975-71487d6bd5a6,39,3053O00006C0,-22.8822,-43.2754,2019-01-25 09:22:54,,,
C51603,1a516c64-e0c1-41ab-9975-71487d6bd5a6,40,3053O00007C0,-22.881083,-43.272751,2019-01-25 09:23:38,,,
C51603,1a516c64-e0c1-41ab-9975-71487d6bd5a6,41,3053O00008C0,-22.878863,-43.265859,2019-01-25 09:25:24,,,
C51603,1a516c64-e0c1-41ab-9975-71487d6bd5a6,42,3052O00001C0,-22.87833,-43.26397,2019-01-25 09:25:56,,,
C51603,1a516c64-e0c1-41ab-9975-71487d6bd5a6,43,3052O00002C1,-22.878337,-43.261822,2019-01-25 09:26:27,,,
C51603,1a516c64-e0c1-41ab-9975-71487d6bd5a6,44,3052O00003C0,-22.880394,-43.259223,2019-01-25 09:27:22,,,
C51603,1a516c64-e0c1-41ab-9975-71487d6bd5a6,45,3155O00001C0,-22.882581,-43.254845,2019-01-25 09:28:34,,,
C51603,1a516c64-e0c1-41ab-9975-71487d6bd5a6,46,3155O00002C0,-22.88517,-43.25266,2019-01-25 09:29:25,,,
C51603,1a516c64-e0c1-41ab-9975-71487d6bd5a6,47,3155O00003C0,-22.886927,-43.250822,2019-01-25 09:30:03,,,
C51603,1a516c64-e0c1-41ab-9975-71487d6bd5a6,48,1012O00011C0,-22.890046,-43.244457,2019-01-25 09:32:03,,,
C51603,1a516c64-e0c1-41ab-9975-71487d6bd5a6,49,1012O00012C0,-22.890765,-43.242335,2019-01-25 09:32:34,,,
C51603,1a516c64-e0c1-41ab-9975-71487d6bd5a6,50,1012O00013C0,-22.891768,-43.240794,2019-01-25 09:32:58,,,
C51603,1a516c64-e0c1-41ab-9975-71487d6bd5a6,51,1012O00027C0,-22.89495,-43.24279,2019-01-25 09:34:14,,,
C51603,1a516c64-e0c1-41ab-9975-71487d6bd5a6,52,vphs,-22.897995,-43.241305,2019-01-25 09:35:25,,,
C51603,1a516c64-e0c1-41ab-9975-71487d6bd5a6,53,1011O00001C0,-22.90138,-43.241176,2019-01-25 09:36:25,,,
C51603,1a516c64-e0c1-41ab-9975-71487d6bd5a6,54,3057O00006C0,-22.90591,-43.23964,2019-01-25 09:37:38,,,
C51603,1a516c64-e0c1-41ab-9975-71487d6bd5a6,56,1011O00002C0,-22.907884,-43.236917,2019-01-25 09:38:28,,,
C51603,1a516c64-e0c1-41ab-9975-71487d6bd5a6,57,2035O00042C0,-22.908756,-43.234655,2019-01-25 09:39:00,,,
C51603,1a516c64-e0c1-41ab-9975-71487d6bd5a6,58,1010O00038C0,-22.908374,-43.231002,2019-01-25 09:39:57,,,
C51603,1a516c64-e0c1-41ab-9975-71487d6bd5a6,59,1010O00077C0,-22.90931,-43.22631,2019-01-25 09:41:18,,,
C51603,1a516c64-e0c1-41ab-9975-71487d6bd5a6,60,1010O00103C0,-22.909238,-43.222916,2019-01-25 09:42:08,,,
C51603,1a516c64-e0c1-41ab-9975-71487d6bd5a6,61,1010O00040C0,-22.906357,-43.220639,2019-01-25 09:43:05,,,
C51603,1a516c64-e0c1-41ab-9975-71487d6bd5a6,62,1010O00107C0,-22.904907,-43.218901,2019-01-25 09:43:51,,,
C51603,1a516c64-e0c1-41ab-9975-71487d6bd5a6,63,1010O00079C0,-22.90411,-43.21611,2019-01-25 09:44:36,,,
C51603,1a516c64-e0c1-41ab-9975-71487d6bd5a6,64,1010O00080C0,-22.90341,-43.21449,2019-01-25 09:45:02,,,
C51603,1a516c64-e0c1-41ab-9975-71487d6bd5a6,65,1010O00081C0,-22.902025,-43.210979,2019-01-25 09:45:57,,,
C51603,1a516c64-e0c1-41ab-9975-71487d6bd5a6,66,2032O00028C0,-22.908498,-43.209965,2019-01-25 09:47:43,,,
C51603,1a516c64-e0c1-41ab-9975-71487d6bd5a6,67,1008O00022S0,-22.91013,-43.205583,2019-01-25 09:49:17,,,
C51603,1a516c64-e0c1-41ab-9975-71487d6bd5a6,68,1008O00005S0,-22.908619,-43.201048,2019-01-25 09:50:26,,,
C51603,1a516c64-e0c1-41ab-9975-71487d6bd5a6,69,1005O00060C0,-22.90623,-43.193405,2019-01-25 09:52:23,,,
C51603,1a516c64-e0c1-41ab-9975-71487d6bd5a6,70,1005O00359S0,-22.905052,-43.189782,2019-01-25 09:53:18,,,
C51603,1a516c64-e0c1-41ab-9975-71487d6bd5a6,71,1005O00375S2,-22.903332,-43.184461,2019-01-25 09:54:39,,,
C51603,1a516c64-e0c1-41ab-9975-71487d6bd5a6,72,1005O00197C0,-22.905593,-43.182786,2019-01-25 09:55:32,,,
C51603,1a516c64-e0c1-41ab-9975-71487d6bd5a6,73,1005O00020S0,-22.90723,-43.18272,2019-01-25 09:56:08,,,
C51603,1a516c64-e0c1-41ab-9975-71487d6bd5a6,74,1005O00232S0,-22.90879,-43.18819,2019-01-25 09:57:31,,,
C51603,1a516c64-e0c1-41ab-9975-71487d6bd5a6,75,1005O00234C0,-22.908392,-43.189263,2019-01-25 09:57:52,,,
C51575,1a516c64-e0c1-41ab-9975-71487d6bd5a6,0,4124O00046C0,-22.901318,-43.347259,2019-01-25 08:57:44,2019-01-25 10:27:44,90.0,64.09161710547758
C51575,1a516c64-e0c1-41ab-9975-71487d6bd5a6,1,4124O00031C0,-22.90189,-43.34779,2019-01-25 08:57:55,2019-01-25 10:31:14,93.31666666666666,110.14776701627649
C51575,1a516c64-e0c1-41ab-9975-71487d6bd5a6,2,4124O00058C0,-22.900466,-43.349828,2019-01-25 08:58:35,2019-01-25 10:42:14,103.65,6.792700173307961
C51575,1a516c64-e0c1-41ab-9975-71487d6bd5a6,3,4124O00033C0,-22.89911,-43.35167,2019-01-25 08:59:09,2019-01-25 10:45:44,106.58333333333333,207.83345540121502
C51575,1a516c64-e0c1-41ab-9975-71487d6bd5a6,4,4124O00004C0,-22.898012,-43.352228,2019-01-25 08:59:36,,,
C51575,1a516c64-e0c1-41ab-9975-71487d6bd5a6,5,4124O00006C0,-22.89818,-43.350146,2019-01-25 09:00:20,,,
C51575,1a516c64-e0c1-41ab-9975-71487d6bd5a6,6,4124O00008C0,-22.896967,-43.348397,2019-01-25 09:00:56,,,
C51575,1a516c64-e0c1-41ab-9975-71487d6bd5a6,7,4124O00016C0,-22.8954,-43.34742,2019-01-25 09:01:24,,,
C51575,1a516c64-e0c1-41ab-9975-71487d6bd5a6,8,4124O00017C0,-22.89369,-43.34688,2019-01-25 09:01:52,,,
C51575,1a516c64-e0c1-41ab-9975-71487d6bd5a6,9,4124O00050C0,-22.890381,-43.34553,2019-01-25 09:02:53,,,
C51575,1a516c64-e0c1-41ab-9975-71487d6bd5a6,10,3078O00007C0,-22.88842,-43.34439,2019-01-25 09:03:28,,,
C51575,1a516c64-e0c1-41ab-9975-71487d6bd5a6,11,3078O00008C0,-22.88717,-43.34339,2019-01-25 09:03:52,,,
C51575,1a516c64-e0c1-41ab-9975-71487d6bd5a6,12,3078O00009C0,-22.88579,-43.34209,2019-01-25 09:04:21,,,
C51575,1a516c64-e0c1-41ab-9975-71487d6bd5a6,13,3082O00002C0,-22.88283,-43.34025,2019-01-25 09:05:38,2019-01-25 10:50:14,104.6,7.735104908328664
C51575,1a516c64-e0c1-41ab-9975-71487d6bd5a6,14,3082O00018C0,-22.882534,-43.33687,2019-01-25 09:06:27,2019-01-25 10:51:14,104.78333333333333,10.199722478384436
C51575,1a516c64-e0c1-41ab-9975-71487d6bd5a6,15,3082O00051C0,-22.882382,-43.333901,2019-01-25 09:07:10,,,
C51575,1a516c64-e0c1-41ab-9975-71487d6bd5a6,16,3082O00019C0,-22.882138,-43.331007,2019-01-25 09:07:58,,,
C51575,1a516c64-e0c1-41ab-9975-71487d6bd5a6,17,3082O00004C1,-22.88256,-43.32373,2019-01-25 09:09:39,2019-01-25 10:55:44,106.08333333333333,182.2467224850707
C51575,1a516c64-e0c1-41ab-9975-71487d6bd5a6,18,3082O00005C2,-22.88284,-43.3224,2019-01-25 09:09:59,,,
C51575,1a516c64-e0c1-41ab-9975-71487d6bd5a6,19,3079O00001C2,-22.8835,-43.32058,2019-01-25 09:10:27,2019-01-25 10:56:44,106.28333333333333,76.85487042444403
C51575,1a516c64-e0c1-41ab-9975-71487d6bd5a6,20,3079O00002C2,-22.88445,-43.31751,2019-01-25 09:11:14,2019-01-25 10:57:44,106.5,25.431521683889244
C51575,1a516c64-e0c1-41ab-9975-71487d6bd5a6,21,3079O00041C2,-22.884744,-43.316116,2019-01-25 09:11:35,2019-01-25 10:58:44,107.15,140.1607882725489
C51575,1a516c64-e0c1-41ab-9975-71487d6bd5a6,23,3079O00040C2,-22.88498,-43.31429,2019-01-25 09:12:01,,,
C51575,1a516c64-e0c1-41ab-9975-71487d6bd5a6,24,3079O00042C2,-22.885103,-43.311568,2019-01-25 09:12:40,2019-01-25 11:00:14,107.56666666666666,61.31391563899222
C51575,1a516c64-e0c1-41ab-9975-71487d6bd5a6,25,3069O00057C2,-22.88562,-43.30967,2019-01-25 09:13:10,2019-01-25 11:00:44,107.56666666666666,28.581317959358042
C51575,1a516c64-e0c1-41ab-9975-71487d6bd5a6,26,3069O00058C2,-22.88672,-43.306443,2019-01-25 09:13:59,2019-01-25 11:01:44,107.75,124.95274298968619
C51575,1a516c64-e0c1-41ab-9975-71487d6bd5a6,27,3069O00003C2,-22.88646,-43.30281,2019-01-25 09:14:53,,,
C51575,1a516c64-e0c1-41ab-9975-71487d6bd5a6,28,3070O00001C2,-22.88548,-43.30031,2019-01-25 09:15:34,2019-01-25 11:04:14,108.66666666666667,118.38584279529091
C51575,1a516c64-e0c1-41ab-9975-71487d6bd5a6,29,3071O00033C2,-22.884601,-43.297845,2019-01-25 09:16:13,2019-01-25 11:04:44,108.51666666666667,116.90762615200669
C51575,1a516c64-e0c1-41ab-9975-71487d6bd5a6,30,3071O00004C2,-22.88341,-43.29648,2019-01-25 09:16:40,,,
C51575,1a516c64-e0c1-41ab-9975-71487d6bd5a6,31,3071O00005C2,-22.88182,-43.29431,2019-01-25 09:17:21,2019-01-25 11:05:44,108.38333333333334,128.46029037874288
C51575,1a516c64-e0c1-41ab-9975-71487d6bd5a6,32,3071O00006C2,-22.8842,-43.29133,2019-01-25 09:18:25,2019-01-25 11:06:44,108.31666666666666,139.90456661516725
C51575,1a516c64-e0c1-41ab-9975-71487d6bd5a6,33,3066O00003C2,-22.885668,-43.290084,2019-01-25 09:18:59,,,
C51575,1a516c64-e0c1-41ab-9975-71487d6bd5a6,34,3064O00002C0,-22.88744,-43.2864,2019-01-25 09:19:54,,,
C51575,1a516c64-e0c1-41ab-9975-71487d6bd5a6,35,3065O00001C0,-22.887738,-43.283511,2019-01-25 09:20:30,2019-01-25 11:09:14,108.73333333333333,37.9603657454434
C51575,1a516c64-e0c1-41ab-9975-71487d6bd5a6,36,3065O00003C0,-22.887155,-43.280679,2019-01-25 09:21:16,2019-01-25 11:10:44,109.46666666666667,63.50484053812934
C51575,1a516c64-e0c1-41ab-9975-71487d6bd5a6,37,3065O00004C0,-22.88591,-43.27898,2019-01-25 09:21:49,,,
C51575,1a516c64-e0c1-41ab-9975-71487d6bd5a6,38,3065O00005C0,-22.88441,-43.27719,2019-01-25 09:22:24,,,
C51575,1a516c64-e0c1-41ab-9975-71487d6bd5a6,39,3053O00006C0,-22.8822,-43.2754,2019-01-25 09:23:07,,,
C51575,1a516c64-e0c1-41ab-9975-71487d6bd5a6,40,3053O00007C0,-22.881083,-43.272751,2019-01-25 09:23:51,2019-01-25 11:13:14,109.38333333333334,6.129080101063074
C51575,1a516c64-e0c1-41ab-9975-71487d6bd5a6,41,3053O00008C0,-22.878863,-43.265859,2019-01-25 09:25:37,2019-01-25 11:15:14,109.61666666666666,14.408201063004833
C51575,1a516c64-e0c1-41ab-9975-71487d6bd5a6,42,3052O00001C0,-22.87833,-43.26397,2019-01-25 09:26:09,,,
C51575,1a516c64-e0c1-41ab-9975-71487d6bd5a6,43,3052O00002C1,-22.878337,-43.261822,2019-01-25 09:26:40,2019-01-25 11:16:44,110.06666666666666,40.80778130484803
C51575,1a516c64-e0c1-41ab-9975-71487d6bd5a6,44,3052O00003C0,-22.880394,-43.259223,2019-01-25 09:27:35,,,
C51575,1a516c64-e0c1-41ab-9975-71487d6bd5a6,45,3155O00001C0,-22.882581,-43.254845,2019-01-25 09:28:47,2019-01-25 11:19:14,110.45,11.127040692173312
C51575,1a516c64-e0c1-41ab-9975-71487d6bd5a6,46,3155O00002C0,-22.88517,-43.25266,2019-01-25 09:29:38,2019-01-25 11:20:44,111.1,44.61142793614426
C51575,1a516c64-e0c1-41ab-9975-71487d6bd5a6,47,3155O00003C0,-22.886927,-43.250822,2019-01-25 09:30:16,,,
C51575,1a516c64-e0c1-41ab-9975-71487d6bd5a6,48,1012O00011C0,-22.890046,-43.244457,2019-01-25 09:32:16,,,
C51575,1a516c64-e0c1-41ab-9975-71487d6bd5a6,49,1012O00012C0,-22.890765,-43.242335,2019-01-25 09:32:47,,,
C51575,1a516c64-e0c1-41ab-9975-71487d6bd5a6,50,1012O00013C0,-22.891768,-43.240794,2019-01-25 09:33:11,,,
C51575,1a516c64-e0c1-41ab-9975-71487d6bd5a6,51,1012O00027C0,-22.89495,-43.24279,2019-01-25 09:34:27,,,
C51575,1a516c64-e0c1-41ab-9975-71487d6bd5a6,52,vphs,-22.897995,-43.241305,2019-01-25 09:35:38,,,
C51575,1a516c64-e0c1-41ab-9975-71487d6bd5a6,53,1011O00001C0,-22.90138,-43.241176,2019-01-25 09:36:38,,,
C51575,1a516c64-e0c1-41ab-9975-71487d6bd5a6,54,3057O00006C0,-22.90591,-43.23964,2019-01-25 09:37:51,2019-01-25 11:28:14,110.38333333333334,93.71972533851836
C51575,1a516c64-e0c1-41ab-9975-71487d6bd5a6,56,1011O00002C0,-22.907884,-43.236917,2019-01-25 09:38:41,2019-01-25 11:29:14,110.55,86.82608600238734
C51575,1a516c64-e0c1-41ab-9975-71487d6bd5a6,57,2035O00042C0,-22.908756,-43.234655,2019-01-25 09:39:13,,,
C51575,1a516c64-e0c1-41ab-9975-71487d6bd5a6,58,1010O00038C0,-22.908374,-43.231002,2019-01-25 09:40:10,2019-01-25 11:31:44,111.56666666666666,238.06081923916503
C51575,1a516c64-e0c1-41ab-9975-71487d6bd5a6,59,1010O00077C0,-22.90931,-43.22631,2019-01-25 09:41:31,,,
C51575,1a516c64-e0c1-41ab-9975-71487d6bd5a6,60,1010O00103C0,-22.909238,-43.222916,2019-01-25 09:42:21,,,
C51575,1a516c64-e0c1-41ab-9975-71487d6bd5a6,61,1010O00040C0,-22.906357,-43.220639,2019-01-25 09:43:18,,,
C51575,1a516c64-e0c1-41ab-9975-71487d6bd5a6,62,1010O00107C0,-22.904907,-43.218901,2019-01-25 09:44:04,,,
C51575,1a516c64-e0c1-41ab-9975-71487d6bd5a6,63,1010O00079C0,-22.90411,-43.21611,2019-01-25 09:44:49,2019-01-25 11:36:44,111.91666666666667,42.26719995737518
C51575,1a516c64-e0c1-41ab-9975-71487d6bd5a6,64,1010O00080C0,-22.90341,-43.21449,2019-01-25 09:45:15,,,
C51575,1a516c64-e0c1-41ab-9975-71487d6bd5a6,65,1010O00081C0,-22.902025,-43.210979,2019-01-25 09:46:10,2019-01-25 11:38:44,112.56666666666666,54.87720033687508
C51575,1a516c64-e0c1-41ab-9975-71487d6bd5a6,66,2032O00028C0,-22.908498,-43.209965,2019-01-25 09:47:56,2019-01-25 11:40:44,112.8,46.61948720964991
C51575,1a516c64-e0c1-41ab-9975-71487d6bd5a6,67,1008O00022S0,-22.91013,-43.205583,2019-01-25 09:49:30,,,
C51575,1a516c64-e0c1-41ab-9975-71487d6bd5a6,68,1008O00005S0,-22.908619,-43.201048,2019-01-25 09:50:39,,,
C51575,1a516c64-e0c1-41ab-9975-71487d6bd5a6,69,1005O00060C0,-22.90623,-43.193405,2019-01-25 09:52:36,2019-01-25 11:45:44,113.13333333333334,162.70202590751356
C51575,1a516c64-e0c1-41ab-9975-71487d6bd5a6,70,1005O00359S0,-22.905052,-43.189782,2019-01-25 09:53:31,,,
C51575,1a516c64-e0c1-41ab-9975-71487d6bd5a6,71,1005O00375S2,-22.903332,-43.184461,2019-01-25 09:54:52,,,
C51575,1a516c64-e0c1-41ab-9975-71487d6bd5a6,72,1005O00197C0,-22.905593,-43.182786,2019-01-25 09:55:45,,,
C51575,1a516c64-e0c1-41ab-9975-71487d6bd5a6,73,1005O00020S0,-22.90723,-43.18272,2019-01-25 09:56:21,,,
C51575,1a516c64-e0c1-41ab-9975-71487d6bd5a6,74,1005O00232S0,-22.90879,-43.18819,2019-01-25 09:57:44,,,
C51575,1a516c64-e0c1-41ab-9975-71487d6bd5a6,75,1005O00234C0,-22.908392,-43.189263,2019-01-25 09:58:05,,,
C51607,1a516c64-e0c1-41ab-9975-71487d6bd5a6,0,4124O00046C0,-22.901318,-43.347259,2019-01-25 08:57:39,,,
C51607,1a516c64-e0c1-41ab-9975-71487d6bd5a6,1,4124O00031C0,-22.90189,-43.34779,2019-01-25 08:57:50,,,
C51607,1a516c64-e0c1-41ab-9975-71487d6bd5a6,2,4124O00058C0,-22.900466,-43.349828,2019-01-25 08:58:30,,,
C51607,1a516c64-e0c1-41ab-9975-71487d6bd5a6,3,4124O00033C0,-22.89911,-43.35167,2019-01-25 08:59:04,,,
C51607,1a516c64-e0c1-41ab-9975-71487d6bd5a6,4,4124O00004C0,-22.898012,-43.352228,2019-01-25 08:59:31,,,
C51607,1a516c64-e0c1-41ab-9975-71487d6bd5a6,5,4124O00006C0,-22.89818,-43.350146,2019-01-25 09:00:15,,,
C51607,1a516c64-e0c1-41ab-9975-71487d6bd5a6,6,4124O00008C0,-22.896967,-43.348397,2019-01-25 09:00:51,,,
C51607,1a516c64-e0c1-41ab-9975-71487d6bd5a6,7,4124O00016C0,-22.8954,-43.34742,2019-01-25 09:01:19,,,
C51607,1a516c64-e0c1-41ab-9975-71487d6bd5a6,8,4124O00017C0,-22.89369,-43.34688,2019-01-25 09:01:47,,,
C51607,1a516c64-e0c1-41ab-9975-71487d6bd5a6,9,4124O00050C0,-22.890381,-43.34553,2019-01-25 09:02:48,,,
C51607,1a516c64-e0c1-41ab-9975-71487d6bd5a6,10,3078O00007C0,-22.88842,-43.34439,2019-01-25 09:03:23,,,
C51607,1a516c64-e0c1-41ab-9975-71487d6bd5a6,11,3078O00008C0,-22.88717,-43.34339,2019-01-25 09:03:47,,,
C51607,1a516c64-e0c1-41ab-9975-71487d6bd5a6,12,3078O00009C0,-22.88579,-43.34209,2019-01-25 09:04:16,,,
C51607,1a516c64-e0c1-41ab-9975-71487d6bd5a6,13,3082O00002C0,-22.88283,-43.34025,2019-01-25 09:05:33,,,
C51607,1a516c64-e0c1-41ab-9975-71487d6bd5a6,14,3082O00018C0,-22.882534,-43.33687,2019-01-25 09:06:22,,,
C51607,1a516c64-e0c1-41ab-9975-71487d6bd5a6,15,3082O00051C0,-22.882382,-43.333901,2019-01-25 09:07:05,,,
C51607,1a516c64-e0c1-41ab-9975-71487d6bd5a6,16,3082O00019C0,-22.882138,-43.331007,2019-01-25 09:07:53,,,
C51607,1a516c64-e0c1-41ab-9975-71487d6bd5a6,17,3082O00004C1,-22.88256,-43.32373,2019-01-25 09:09:34,2019-01-25 08:59:39,-9.916666666666666,113.54466787006024
C51607,1a516c64-e0c1-41ab-9975-71487d6bd5a6,18,3082O00005C2,-22.88284,-43.3224,2019-01-25 09:09:54,2019-01-25 11:08:39,118.75,87.0461050866916
C51607,1a516c64-e0c1-41ab-9975-71487d6bd5a6,19,3079O00001C2,-22.8835,-43.32058,2019-01-25 09:10:22,,,
C51607,1a516c64-e0c1-41ab-9975-71487d6bd5a6,20,3079O00002C2,-22.88445,-43.31751,2019-01-25 09:11:09,,,
C51607,1a516c64-e0c1-41ab-9975-71487d6bd5a6,21,3079O00041C2,-22.884744,-43.316116,2019-01-25 09:11:30,,,
C51607,1a516c64-e0c1-41ab-9975-71487d6bd5a6,23,3079O00040C2,-22.88498,-43.31429,2019-01-25 09:11:56,,,
C51607,1a516c64-e0c1-41ab-9975-71487d6bd5a6,24,3079O00042C2,-22.885103,-43.311568,2019-01-25 09:12:35,,,
C51607,1a516c64-e0c1-41ab-9975-71487d6bd5a6,25,3069O00057C2,-22.88562,-43.30967,2019-01-25 09:13:05,,,
C51607,1a516c64-e0c1-41ab-9975-71487d6bd5a6,26,3069O00058C2,-22.88672,-43.306443,2019-01-25 09:13:54,,,
C51607,1a516c64-e0c1-41ab-9975-71487d6bd5a6,27,3069O00003C2,-22.88646,-43.30281,2019-01-25 09:14:48,,,
C51607,1a516c64-e0c1-41ab-9975-71487d6bd5a6,28,3070O00001C2,-22.88548,-43.30031,2019-01-25 09:15:29,,,
C51607,1a516c64-e0c1-41ab-9975-71487d6bd5a6,29,3071O00033C2,-22.884601,-43.297845,2019-01-25 09:16:08,,,
C51607,1a516c64-e0c1-41ab-9975-71487d6bd5a6,30,3071O00004C2,-22.88341,-43.29648,2019-01-25 09:16:35,,,
C51607,1a516c64-e0c1-41ab-9975-71487d6bd5a6,31,3071O00005C2,-22.88182,-43.29431,2019-01-25 09:17:16,,,
C51607,1a516c64-e0c1-41ab-9975-71487d6bd5a6,32,3071O00006C2,-22.8842,-43.29133,2019-01-25 09:18:20,,,
C51607,1a516c64-e0c1-41ab-9975-71487d6bd5a6,33,3066O00003C2,-22.885668,-43.290084,2019-01-25 09:18:54,,,
C51607,1a516c64-e0c1-41ab-9975-71487d6bd5a6,34,3064O00002C0,-22.88744,-43.2864,2019-01-25 09:19:49,,,
C51607,1a516c64-e0c1-41ab-9975-71487d6bd5a6,35,3065O00001C0,-22.887738,-43.283511,2019-01-25 09:20:25,,,
C51607,1a516c64-e0c1-41ab-9975-71487d6bd5a6,36,3065O00003C0,-22.887155,-43.280679,2019-01-25 09:21:11,,,
C51607,1a516c64-e0c1-41ab-9975-71487d6bd5a6,37,3065O00004C0,-22.88591,-43.27898,2019-01-25 09:21:44,,,
C51607,1a516c64-e0c1-41ab-9975-71487d6bd5a6,38,3065O00005C0,-22.88441,-43.27719,2019-01-25 09:22:19,,,
C51607,1a516c64-e0c1-41ab-9975-71487d6bd5a6,39,3053O00006C0,-22.8822,-43.2754,2019-01-25 09:23:02,,,
C51607,1a516c64-e0c1-41ab-9975-71487d6bd5a6,40,3053O00007C0,-22.881083,-43.272751,2019-01-25 09:23:46,,,
C51607,1a516c64-e0c1-41ab-9975-71487d6bd5a6,41,3053O00008C0,-22.878863,-43.265859,2019-01-25 09:25:32,,,
C51607,1a516c64-e0c1-41ab-9975-71487d6bd5a6,42,3052O00001C0,-22.87833,-43.26397,2019-01-25 09:26:04,,,
C51607,1a516c64-e0c1-41ab-9975-71487d6bd5a6,43,3052O00002C1,-22.878337,-43.261822,2019-01-25 09:26:35,,,
C51607,1a516c64-e0c1-41ab-9975-71487d6bd5a6,44,3052O00003C0,-22.880394,-43.259223,2019-01-25 09:27:30,,,
C51607,1a516c64-e0c1-41ab-9975-71487d6bd5a6,45,3155O00001C0,-22.882581,-43.254845,2019-01-25 09:28:42,,,
C51607,1a516c64-e0c1-41ab-9975-71487d6bd5a6,46,3155O00002C0,-22.88517,-43.25266,2019-01-25 09:29:33,,,
C51607,1a516c64-e0c1-41ab-9975-71487d6bd5a6,47,3155O00003C0,-22.886927,-43.250822,2019-01-25 09:30:11,,,
C51607,1a516c64-e0c1-41ab-9975-71487d6bd5a6,48,1012O00011C0,-22.890046,-43.244457,2019-01-25 09:32:11,,,
C51607,1a516c64-e0c1-41ab-9975-71487d6bd5a6,49,1012O00012C0,-22.890765,-43.242335,2019-01-25 09:32:42,,,
C51607,1a516c64-e0c1-41ab-9975-71487d6bd5a6,50,1012O00013C0,-22.891768,-43.240794,2019-01-25 09:33:06,,,
C51607,1a516c64-e0c1-41ab-9975-71487d6bd5a6,51,1012O00027C0,-22.89495,-43.24279,2019-01-25 09:34:22,,,
C51607,1a516c64-e0c1-41ab-9975-71487d6bd5a6,52,vphs,-22.897995,-43.241305,2019-01-25 09:35:33,,,
C51607,1a516c64-e0c1-41ab-9975-71487d6bd5a6,53,1011O00001C0,-22.90138,-43.241176,2019-01-25 09:36:33,,,
C51607,1a516c64-e0c1-41ab-9975-71487d6bd5a6,54,3057O00006C0,-22.90591,-43.23964,2019-01-25 09:37:46,,,
C51607,1a516c64-e0c1-41ab-9975-71487d6bd5a6,56,1011O00002C0,-22.907884,-43.236917,2019-01-25 09:38:36,,,
C51607,1a516c64-e0c1-41ab-9975-71487d6bd5a6,57,2035O00042C0,-22.908756,-43.234655,2019-01-25 09:39:08,,,
C51607,1a516c64-e0c1-41ab-9975-71487d6bd5a6,58,1010O00038C0,-22.908374,-43.231002,2019-01-25 09:40:05,,,
C51607,1a516c64-e0c1-41ab-9975-71487d6bd5a6,59,1010O00077C0,-22.90931,-43.22631,2019-01-25 09:41:26,,,
C51607,1a516c64-e0c1-41ab-9975-71487d6bd5a6,60,1010O00103C0,-22.909238,-43.222916,2019-01-25 09:42:16,,,
C51607,1a516c64-e0c1-41ab-9975-71487d6bd5a6,61,1010O00040C0,-22.906357,-43.220639,2019-01-25 09:43:13,,,
C51607,1a516c64-e0c1-41ab-9975-71487d6bd5a6,62,1010O00107C0,-22.904907,-43.218901,2019-01-25 09:43:59,,,
C51607,1a516c64-e0c1-41ab-9975-71487d6bd5a6,63,1010O00079C0,-22.90411,-43.21611,2019-01-25 09:44:44,,,
C51607,1a516c64-e0c1-41ab-9975-71487d6bd5a6,64,1010O00080C0,-22.90341,-43.21449,2019-01-25 09:45:10,,,
C51607,1a516c64-e0c1-41ab-9975-71487d6bd5a6,65,1010O00081C0,-22.902025,-43.210979,2019-01-25 09:46:05,,,
C51607,1a516c64-e0c1-41ab-9975-71487d6bd5a6,66,2032O00028C0,-22.908498,-43.209965,2019-01-25 09:47:51,,,
C51607,1a516c64-e0c1-41ab-9975-71487d6bd5a6,67,1008O00022S0,-22.91013,-43.205583,2019-01-25 09:49:25,,,
C51607,1a516c64-e0c1-41ab-9975-71487d6bd5a6,68,1008O00005S0,-22.908619,-43.201048,2019-01-25 09:50:34,,,
C51607,1a516c64-e0c1-41ab-9975-71487d6bd5a6,69,1005O00060C0,-22.90623,-43.193405,2019-01-25 09:52:31,,,
C51607,1a516c64-e0c1-41ab-9975-71487d6bd5a6,70,1005O00359S0,-22.905052,-43.189782,2019-01-25 09:53:26,,,
C51607,1a516c64-e0c1-41ab-9975-71487d6bd5a6,71,1005O00375S2,-22.903332,-43.184461,2019-01-25 09:54:47,,,
C51607,1a516c64-e0c1-41ab-9975-71487d6bd5a6,72,1005O00197C0,-22.905593,-43.182786,2019-01-25 09:55:40,,,
C51607,1a516c64-e0c1-41ab-9975-71487d6bd5a6,73,1005O00020S0,-22.90723,-43.18272,2019-01-25 09:56:16,,,
C51607,1a516c64-e0c1-41ab-9975-71487d6bd5a6,74,1005O00232S0,-22.90879,-43.18819,2019-01-25 09:57:39,,,
C51607,1a516c64-e0c1-41ab-9975-71487d6bd5a6,75,1005O00234C0,-22.908392,-43.189263,2019-01-25 09:58:00,,,
C51583,1a516c64-e0c1-41ab-9975-71487d6bd5a6,0,4124O00046C0,-22.901318,-43.347259,2019-01-25 08:58:59,2019-01-25 10:56:38,117.65,10.198927783249351
C51583,1a516c64-e0c1-41ab-9975-71487d6bd5a6,1,4124O00031C0,-22.90189,-43.34779,2019-01-25 08:59:10,2019-01-25 10:57:38,118.46666666666667,93.8781709032541
C51583,1a516c64-e0c1-41ab-9975-71487d6bd5a6,2,4124O00058C0,-22.900466,-43.349828,2019-01-25 08:59:50,,,
C51583,1a516c64-e0c1-41ab-9975-71487d6bd5a6,3,4124O00033C0,-22.89911,-43.35167,2019-01-25 09:00:24,,,
C51583,1a516c64-e0c1-41ab-9975-71487d6bd5a6,4,4124O00004C0,-22.898012,-43.352228,2019-01-25 09:00:51,,,
C51583,1a516c64-e0c1-41ab-9975-71487d6bd5a6,5,4124O00006C0,-22.89818,-43.350146,2019-01-25 09:01:35,,,
C51583,1a516c64-e0c1-41ab-9975-71487d6bd5a6,6,4124O00008C0,-22.896967,-43.348397,2019-01-25 09:02:11,,,
C51583,1a516c64-e0c1-41ab-9975-71487d6bd5a6,7,4124O00016C0,-22.8954,-43.34742,2019-01-25 09:02:39,,,
C51583,1a516c64-e0c1-41ab-9975-71487d6bd5a6,8,4124O00017C0,-22.89369,-43.34688,2019-01-25 09:03:07,,,
C51583,1a516c64-e0c1-41ab-9975-71487d6bd5a6,9,4124O00050C0,-22.890381,-43.34553,2019-01-25 09:04:08,,,
C51583,1a516c64-e0c1-41ab-9975-71487d6bd5a6,10,3078O00007C0,-22.88842,-43.34439,2019-01-25 09:04:43,,,
C51583,1a516c64-e0c1-41ab-9975-71487d6bd5a6,11,3078O00008C0,-22.88717,-43.34339,2019-01-25 09:05:07,,,
C51583,1a516c64-e0c1-41ab-9975-71487d6bd5a6,12,3078O00009C0,-22.88579,-43.34209,2019-01-25 09:05:36,,,
C51583,1a516c64-e0c1-41ab-9975-71487d6bd5a6,13,3082O00002C0,-22.88283,-43.34025,2019-01-25 09:06:53,,,
C51583,1a516c64-e0c1-41ab-9975-71487d6bd5a6,14,3082O00018C0,-22.882534,-43.33687,2019-01-25 09:07:42,,,
C51583,1a516c64-e0c1-41ab-9975-71487d6bd5a6,15,3082O00051C0,-22.882382,-43.333901,2019-01-25 09:08:25,,,
C51583,1a516c64-e0c1-41ab-9975-71487d6bd5a6,16,3082O00019C0,-22.882138,-43.331007,2019-01-25 09:09:13,,,
C51583,1a516c64-e0c1-41ab-9975-71487d6bd5a6,17,3082O00004C1,-22.88256,-43.32373,2019-01-25 09:10:54,,,
C51583,1a516c64-e0c1-41ab-9975-71487d6bd5a6,18,3082O00005C2,-22.88284,-43.3224,2019-01-25 09:11:14,,,
C51583,1a516c64-e0c1-41ab-9975-71487d6bd5a6,19,3079O00001C2,-22.8835,-43.32058,2019-01-25 09:11:42,,,
C51583,1a516c64-e0c1-41ab-9975-71487d6bd5a6,20,3079O00002C2,-22.88445,-43.31751,2019-01-25 09:12:29,,,
C51583,1a516c64-e0c1-41ab-9975-71487d6bd5a6,21,3079O00041C2,-22.884744,-43.316116,2019-01-25 09:12:50,,,
C51583,1a516c64-e0c1-41ab-9975-71487d6bd5a6,23,3079O00040C2,-22.88498,-43.31429,2019-01-25 09:13:16,,,
C51583,1a516c64-e0c1-41ab-9975-71487d6bd5a6,24,3079O00042C2,-22.885103,-43.311568,2019-01-25 09:13:55,,,
C51583,1a516c64-e0c1-41ab-9975-71487d6bd5a6,25,3069O00057C2,-22.88562,-43.30967,2019-01-25 09:14:25,,,
C51583,1a516c64-e0c1-41ab-9975-71487d6bd5a6,26,3069O00058C2,-22.88672,-43.306443,2019-01-25 09:15:14,,,
C51583,1a516c64-e0c1-41ab-9975-71487d6bd5a6,27,3069O00003C2,-22.88646,-43.30281,2019-01-25 09:16:08,,,
C51583,1a516c64-e0c1-41ab-9975-71487d6bd5a6,28,3070O00001C2,-22.88548,-43.30031,2019-01-25 09:16:49,,,
C51583,1a516c64-e0c1-41ab-9975-71487d6bd5a6,29,3071O00033C2,-22.884601,-43.297845,2019-01-25 09:17:28,,,
C51583,1a516c64-e0c1-41ab-9975-71487d6bd5a6,30,3071O00004C2,-22.88341,-43.29648,2019-01-25 09:17:55,,,
C51583,1a516c64-e0c1-41ab-9975-71487d6bd5a6,31,3071O00005C2,-22.88182,-43.29431,2019-01-25 09:18:36,,,
C51583,1a516c64-e0c1-41ab-9975-71487d6bd5a6,32,3071O00006C2,-22.8842,-43.29133,2019-01-25 09:19:40,,,
C51583,1a516c64-e0c1-41ab-9975-71487d6bd5a6,33,3066O00003C2,-22.885668,-43.290084,2019-01-25 09:20:14,,,
C51583,1a516c64-e0c1-41ab-9975-71487d6bd5a6,34,3064O00002C0,-22.88744,-43.2864,2019-01-25 09:21:09,,,
C51583,1a516c64-e0c1-41ab-9975-71487d6bd5a6,35,3065O00001C0,-22.887738,-43.283511,2019-01-25 09:21:45,,,
C51583,1a516c64-e0c1-41ab-9975-71487d6bd5a6,36,3065O00003C0,-22.887155,-43.280679,2019-01-25 09:22:31,,,
C51583,1a516c64-e0c1-41ab-9975-71487d6bd5a6,37,3065O00004C0,-22.88591,-43.27898,2019-01-25 09:23:04,,,
C51583,1a516c64-e0c1-41ab-9975-71487d6bd5a6,38,3065O00005C0,-22.88441,-43.27719,2019-01-25 09:23:39,,,
C51583,1a516c64-e0c1-41ab-9975-71487d6bd5a6,39,3053O00006C0,-22.8822,-43.2754,2019-01-25 09:24:22,,,
C51583,1a516c64-e0c1-41ab-9975-71487d6bd5a6,40,3053O00007C0,-22.881083,-43.272751,2019-01-25 09:25:06,,,
C51583,1a516c64-e0c1-41ab-9975-71487d6bd5a6,41,3053O00008C0,-22.878863,-43.265859,2019-01-25 09:26:52,,,
C51583,1a516c64-e0c1-41ab-9975-71487d6bd5a6,42,3052O00001C0,-22.87833,-43.26397,2019-01-25 09:27:24,,,
C51583,1a516c64-e0c1-41ab-9975-71487d6bd5a6,43,3052O00002C1,-22.878337,-43.261822,2019-01-25 09:27:55,,,
C51583,1a516c64-e0c1-41ab-9975-71487d6bd5a6,44,3052O00003C0,-22.880394,-43.259223,2019-01-25 09:28:50,,,
C51583,1a516c64-e0c1-41ab-9975-71487d6bd5a6,45,3155O00001C0,-22.882581,-43.254845,2019-01-25 09:30:02,,,
C51583,1a516c64-e0c1-41ab-9975-71487d6bd5a6,46,3155O00002C0,-22.88517,-43.25266,2019-01-25 09:30:53,,,
C51583,1a516c64-e0c1-41ab-9975-71487d6bd5a6,47,3155O00003C0,-22.886927,-43.250822,2019-01-25 09:31:31,,,
C51583,1a516c64-e0c1-41ab-9975-71487d6bd5a6,48,1012O00011C0,-22.890046,-43.244457,2019-01-25 09:33:31,,,
C51583,1a516c64-e0c1-41ab-9975-71487d6bd5a6,49,1012O00012C0,-22.890765,-43.242335,2019-01-25 09:34:02,,,
C51583,1a516c64-e0c1-41ab-9975-71487d6bd5a6,50,1012O00013C0,-22.891768,-43.240794,2019-01-25 09:34:26,,,
C51583,1a516c64-e0c1-41ab-9975-71487d6bd5a6,51,1012O00027C0,-22.89495,-43.24279,2019-01-25 09:35:42,,,
C51583,1a516c64-e0c1-41ab-9975-71487d6bd5a6,52,vphs,-22.897995,-43.241305,2019-01-25 09:36:53,,,
C51583,1a516c64-e0c1-41ab-9975-71487d6bd5a6,53,1011O00001C0,-22.90138,-43.241176,2019-01-25 09:37:53,,,
C51583,1a516c64-e0c1-41ab-9975-71487d6bd5a6,54,3057O00006C0,-22.90591,-43.23964,2019-01-25 09:39:06,,,
C51583,1a516c64-e0c1-41ab-9975-71487d6bd5a6,56,1011O00002C0,-22.907884,-43.236917,2019-01-25 09:39:56,,,
C51583,1a516c64-e0c1-41ab-9975-71487d6bd5a6,57,2035O00042C0,-22.908756,-43.234655,2019-01-25 09:40:28,,,
C51583,1a516c64-e0c1-41ab-9975-71487d6bd5a6,58,1010O00038C0,-22.908374,-43.231002,2019-01-25 09:41:25,,,
C51583,1a516c64-e0c1-41ab-9975-71487d6bd5a6,59,1010O00077C0,-22.90931,-43.22631,2019-01-25 09:42:46,,,
C51583,1a516c64-e0c1-41ab-9975-71487d6bd5a6,60,1010O00103C0,-22.909238,-43.222916,2019-01-25 09:43:36,,,
C51583,1a516c64-e0c1-41ab-9975-71487d6bd5a6,61,1010O00040C0,-22.906357,-43.220639,2019-01-25 09:44:33,,,
C51583,1a516c64-e0c1-41ab-9975-71487d6bd5a6,62,1010O00107C0,-22.904907,-43.218901,2019-01-25 09:45:19,,,
C51583,1a516c64-e0c1-41ab-9975-71487d6bd5a6,63,1010O00079C0,-22.90411,-43.21611,2019-01-25 09:46:04,,,
C51583,1a516c64-e0c1-41ab-9975-71487d6bd5a6,64,1010O00080C0,-22.90341,-43.21449,2019-01-25 09:46:30,,,
C51583,1a516c64-e0c1-41ab-9975-71487d6bd5a6,65,1010O00081C0,-22.902025,-43.210979,2019-01-25 09:47:25,,,
C51583,1a516c64-e0c1-41ab-9975-71487d6bd5a6,66,2032O00028C0,-22.908498,-43.209965,2019-01-25 09:49:11,,,
C51583,1a516c64-e0c1-41ab-9975-71487d6bd5a6,67,1008O00022S0,-22.91013,-43.205583,2019-01-25 09:50:45,,,
C51583,1a516c64-e0c1-41ab-9975-71487d6bd5a6,68,1008O00005S0,-22.908619,-43.201048,2019-01-25 09:51:54,,,
C51583,1a516c64-e0c1-41ab-9975-71487d6bd5a6,69,1005O00060C0,-22.90623,-43.193405,2019-01-25 09:53:51,,,
C51583,1a516c64-e0c1-41ab-9975-71487d6bd5a6,70,1005O00359S0,-22.905052,-43.189782,2019-01-25 09:54:46,,,
C51583,1a516c64-e0c1-41ab-9975-71487d6bd5a6,71,1005O00375S2,-22.903332,-43.184461,2019-01-25 09:56:07,,,
C51583,1a516c64-e0c1-41ab-9975-71487d6bd5a6,72,1005O00197C0,-22.905593,-43.182786,2019-01-25 09:57:00,,,
C51583,1a516c64-e0c1-41ab-9975-71487d6bd5a6,73,1005O00020S0,-22.90723,-43.18272,2019-01-25 09:57:36,,,
C51583,1a516c64-e0c1-41ab-9975-71487d6bd5a6,74,1005O00232S0,-22.90879,-43.18819,2019-01-25 09:58:59,,,
C51583,1a516c64-e0c1-41ab-9975-71487d6bd5a6,75,1005O00234C0,-22.908392,-43.189263,2019-01-25 09:59:20,,,
C51617,1a516c64-e0c1-41ab-9975-71487d6bd5a6,0,4124O00046C0,-22.901318,-43.347259,2019-01-25 09:03:04,2019-01-25 09:05:04,2.0,32.44658249051308
C51617,1a516c64-e0c1-41ab-9975-71487d6bd5a6,1,4124O00031C0,-22.90189,-43.34779,2019-01-25 09:03:15,2019-01-25 09:05:34,2.316666666666667,115.40664794517397
C51617,1a516c64-e0c1-41ab-9975-71487d6bd5a6,2,4124O00058C0,-22.900466,-43.349828,2019-01-25 09:03:55,2019-01-25 09:17:34,13.65,233.388075035529
C51617,1a516c64-e0c1-41ab-9975-71487d6bd5a6,3,4124O00033C0,-22.89911,-43.35167,2019-01-25 09:04:29,,,
C51617,1a516c64-e0c1-41ab-9975-71487d6bd5a6,4,4124O00004C0,-22.898012,-43.352228,2019-01-25 09:04:56,,,
C51617,1a516c64-e0c1-41ab-9975-71487d6bd5a6,5,4124O00006C0,-22.89818,-43.350146,2019-01-25 09:05:40,,,
C51617,1a516c64-e0c1-41ab-9975-71487d6bd5a6,6,4124O00008C0,-22.896967,-43.348397,2019-01-25 09:06:16,,,
C51617,1a516c64-e0c1-41ab-9975-71487d6bd5a6,7,4124O00016C0,-22.8954,-43.34742,2019-01-25 09:06:44,,,
C51617,1a516c64-e0c1-41ab-9975-71487d6bd5a6,8,4124O00017C0,-22.89369,-43.34688,2019-01-25 09:07:12,,,
C51617,1a516c64-e0c1-41ab-9975-71487d6bd5a6,9,4124O00050C0,-22.890381,-43.34553,2019-01-25 09:08:13,,,
C51617,1a516c64-e0c1-41ab-9975-71487d6bd5a6,10,3078O00007C0,-22.88842,-43.34439,2019-01-25 09:08:48,,,
C51617,1a516c64-e0c1-41ab-9975-71487d6bd5a6,11,3078O00008C0,-22.88717,-43.34339,2019-01-25 09:09:12,,,
C51617,1a516c64-e0c1-41ab-9975-71487d6bd5a6,12,3078O00009C0,-22.88579,-43.34209,2019-01-25 09:09:41,,,
C51617,1a516c64-e0c1-41ab-9975-71487d6bd5a6,13,3082O00002C0,-22.88283,-43.34025,2019-01-25 09:10:58,2019-01-25 09:21:34,10.6,121.74929236798611
C51617,1a516c64-e0c1-41ab-9975-71487d6bd5a6,14,3082O00018C0,-22.882534,-43.33687,2019-01-25 09:11:47,,,
C51617,1a516c64-e0c1-41ab-9975-71487d6bd5a6,15,3082O00051C0,-22.882382,-43.333901,2019-01-25 09:12:30,,,
C51617,1a516c64-e0c1-41ab-9975-71487d6bd5a6,16,3082O00019C0,-22.882138,-43.331007,2019-01-25 09:13:18,,,
C51617,1a516c64-e0c1-41ab-9975-71487d6bd5a6,17,3082O00004C1,-22.88256,-43.32373,2019-01-25 09:14:59,2019-01-25 09:27:34,12.583333333333334,17.991901731231962
C51617,1a516c64-e0c1-41ab-9975-71487d6bd5a6,18,3082O00005C2,-22.88284,-43.3224,2019-01-25 09:15:19,,,
C51617,1a516c64-e0c1-41ab-9975-71487d6bd5a6,19,3079O00001C2,-22.8835,-43.32058,2019-01-25 09:15:47,,,
C51617,1a516c64-e0c1-41ab-9975-71487d6bd5a6,20,3079O00002C2,-22.88445,-43.31751,2019-01-25 09:16:34,,,
C51617,1a516c64-e0c1-41ab-9975-71487d6bd5a6,21,3079O00041C2,-22.884744,-43.316116,2019-01-25 09:16:55,,,
C51617,1a516c64-e0c1-41ab-9975-71487d6bd5a6,23,3079O00040C2,-22.88498,-43.31429,2019-01-25 09:17:21,,,
C51617,1a516c64-e0c1-41ab-9975-71487d6bd5a6,24,3079O00042C2,-22.885103,-43.311568,2019-01-25 09:18:00,2019-01-25 09:31:34,13.566666666666666,216.137303737615
C51617,1a516c64-e0c1-41ab-9975-71487d6bd5a6,25,3069O00057C2,-22.88562,-43.30967,2019-01-25 09:18:30,,,
C51617,1a516c64-e0c1-41ab-9975-71487d6bd5a6,26,3069O00058C2,-22.88672,-43.306443,2019-01-25 09:19:19,2019-01-25 09:32:34,13.25,23.700370677027806
C51617,1a516c64-e0c1-41ab-9975-71487d6bd5a6,27,3069O00003C2,-22.88646,-43.30281,2019-01-25 09:20:13,,,
C51617,1a516c64-e0c1-41ab-9975-71487d6bd5a6,28,3070O00001C2,-22.88548,-43.30031,2019-01-25 09:20:54,2019-01-25 09:36:04,15.166666666666666,52.24963384736684
C51617,1a516c64-e0c1-41ab-9975-71487d6bd5a6,29,3071O00033C2,-22.884601,-43.297845,2019-01-25 09:21:33,2019-01-25 09:36:34,15.016666666666667,213.01443865553898
C51617,1a516c64-e0c1-41ab-9975-71487d6bd5a6,30,3071O00004C2,-22.88341,-43.29648,2019-01-25 09:22:00,2019-01-25 11:20:04,118.06666666666666,185.10357317604223
C51617,1a516c64-e0c1-41ab-9975-71487d6bd5a6,31,3071O00005C2,-22.88182,-43.29431,2019-01-25 09:22:41,,,
C51617,1a516c64-e0c1-41ab-9975-71487d6bd5a6,32,3071O00006C2,-22.8842,-43.29133,2019-01-25 09:23:45,,,
C51617,1a516c64-e0c1-41ab-9975-71487d6bd5a6,33,3066O00003C2,-22.885668,-43.290084,2019-01-25 09:24:19,,,
C51617,1a516c64-e0c1-41ab-9975-71487d6bd5a6,34,3064O00002C0,-22.88744,-43.2864,2019-01-25 09:25:14,,,
C51617,1a516c64-e0c1-41ab-9975-71487d6bd5a6,35,3065O00001C0,-22.887738,-43.283511,2019-01-25 09:25:50,,,
C51617,1a516c64-e0c1-41ab-9975-71487d6bd5a6,36,3065O00003C0,-22.887155,-43.280679,2019-01-25 09:26:36,,,
C51617,1a516c64-e0c1-41ab-9975-71487d6bd5a6,37,3065O00004C0,-22.88591,-43.27898,2019-01-25 09:27:09,,,
C51617,1a516c64-e0c1-41ab-9975-71487d6bd5a6,38,3065O00005C0,-22.88441,-43.27719,2019-01-25 09:27:44,,,
C51617,1a516c64-e0c1-41ab-9975-71487d6bd5a6,39,3053O00006C0,-22.8822,-43.2754,2019-01-25 09:28:27,,,
C51617,1a516c64-e0c1-41ab-9975-71487d6bd5a6,40,3053O00007C0,-22.881083,-43.272751,2019-01-25 09:29:11,,,
C51617,1a516c64-e0c1-41ab-9975-71487d6bd5a6,41,3053O00008C0,-22.878863,-43.265859,2019-01-25 09:30:57,,,
C51617,1a516c64-e0c1-41ab-9975-71487d6bd5a6,42,3052O00001C0,-22.87833,-43.26397,2019-01-25 09:31:29,,,
C51617,1a516c64-e0c1-41ab-9975-71487d6bd5a6,43,3052O00002C1,-22.878337,-43.261822,2019-01-25 09:32:00,,,
C51617,1a516c64-e0c1-41ab-9975-71487d6bd5a6,44,3052O00003C0,-22.880394,-43.259223,2019-01-25 09:32:55,,,
C51617,1a516c64-e0c1-41ab-9975-71487d6bd5a6,45,3155O00001C0,-22.882581,-43.254845,2019-01-25 09:34:07,,,
C51617,1a516c64-e0c1-41ab-9975-71487d6bd5a6,46,3155O00002C0,-22.88517,-43.25266,2019-01-25 09:34:58,,,
C51617,1a516c64-e0c1-41ab-9975-71487d6bd5a6,47,3155O00003C0,-22.886927,-43.250822,2019-01-25 09:35:36,,,
C51617,1a516c64-e0c1-41ab-9975-71487d6bd5a6,48,1012O00011C0,-22.890046,-43.244457,2019-01-25 09:37:36,,,
C51617,1a516c64-e0c1-41ab-9975-71487d6bd5a6,49,1012O00012C0,-22.890765,-43.242335,2019-01-25 09:38:07,,,
C51617,1a516c64-e0c1-41ab-9975-71487d6bd5a6,50,1012O00013C0,-22.891768,-43.240794,2019-01-25 09:38:31,,,
C51617,1a516c64-e0c1-41ab-9975-71487d6bd5a6,51,1012O00027C0,-22.89495,-43.24279,2019-01-25 09:39:47,,,
C51617,1a516c64-e0c1-41ab-9975-71487d6bd5a6,52,vphs,-22.897995,-43.241305,2019-01-25 09:40:58,,,
C51617,1a516c64-e0c1-41ab-9975-71487d6bd5a6,53,1011O00001C0,-22.90138,-43.241176,2019-01-25 09:41:58,,,
C51617,1a516c64-e0c1-41ab-9975-71487d6bd5a6,54,3057O00006C0,-22.90591,-43.23964,2019-01-25 09:43:11,,,
C51617,1a516c64-e0c1-41ab-9975-71487d6bd5a6,56,1011O00002C0,-22.907884,-43.236917,2019-01-25 09:44:01,,,
C51617,1a516c64-e0c1-41ab-9975-71487d6bd5a6,57,2035O00042C0,-22.908756,-43.234655,2019-01-25 09:44:33,,,
C51617,1a516c64-e0c1-41ab-9975-71487d6bd5a6,58,1010O00038C0,-22.908374,-43.231002,2019-01-25 09:45:30,,,
C51617,1a516c64-e0c1-41ab-9975-71487d6bd5a6,59,1010O00077C0,-22.90931,-43.22631,2019-01-25 09:46:51,,,
C51617,1a516c64-e0c1-41ab-9975-71487d6bd5a6,60,1010O00103C0,-22.909238,-43.222916,2019-01-25 09:47:41,,,
C51617,1a516c64-e0c1-41ab-9975-71487d6bd5a6,61,1010O00040C0,-22.906357,-43.220639,2019-01-25 09:48:38,,,
C51617,1a516c64-e0c1-41ab-9975-71487d6bd5a6,62,1010O00107C0,-22.904907,-43.218901,2019-01-25 09:49:24,,,
C51617,1a516c64-e0c1-41ab-9975-71487d6bd5a6,63,1010O00079C0,-22.90411,-43.21611,2019-01-25 09:50:09,,,
C51617,1a516c64-e0c1-41ab-9975-71487d6bd5a6,64,1010O00080C0,-22.90341,-43.21449,2019-01-25 09:50:35,,,
C51617,1a516c64-e0c1-41ab-9975-71487d6bd5a6,65,1010O00081C0,-22.902025,-43.210979,2019-01-25 09:51:30,,,
C51617,1a516c64-e0c1-41ab-9975-71487d6bd5a6,66,2032O00028C0,-22.908498,-43.209965,2019-01-25 09:53:16,,,
C51617,1a516c64-e0c1-41ab-9975-71487d6bd5a6,67,1008O00022S0,-22.91013,-43.205583,2019-01-25 09:54:50,,,
C51617,1a516c64-e0c1-41ab-9975-71487d6bd5a6,68,1008O00005S0,-22.908619,-43.201048,2019-01-25 09:55:59,,,
C51617,1a516c64-e0c1-41ab-9975-71487d6bd5a6,69,1005O00060C0,-22.90623,-43.193405,2019-01-25 09:57:56,,,
C51617,1a516c64-e0c1-41ab-9975-71487d6bd5a6,70,1005O00359S0,-22.905052,-43.189782,2019-01-25 09:58:51,,,
C51617,1a516c64-e0c1-41ab-9975-71487d6bd5a6,71,1005O00375S2,-22.903332,-43.184461,2019-01-25 10:00:12,,,
C51617,1a516c64-e0c1-41ab-9975-71487d6bd5a6,72,1005O00197C0,-22.905593,-43.182786,2019-01-25 10:01:05,,,
C51617,1a516c64-e0c1-41ab-9975-71487d6bd5a6,73,1005O00020S0,-22.90723,-43.18272,2019-01-25 10:01:41,,,
C51617,1a516c64-e0c1-41ab-9975-71487d6bd5a6,74,1005O00232S0,-22.90879,-43.18819,2019-01-25 10:03:04,,,
C51617,1a516c64-e0c1-41ab-9975-71487d6bd5a6,75,1005O00234C0,-22.908392,-43.189263,2019-01-25 10:03:25,,,
C51542,1a516c64-e0c1-41ab-9975-71487d6bd5a6,0,4124O00046C0,-22.901318,-43.347259,2019-01-25 08:57:31,2019-01-25 08:59:01,1.5,35.379027310013605
C51542,1a516c64-e0c1-41ab-9975-71487d6bd5a6,1,4124O00031C0,-22.90189,-43.34779,2019-01-25 08:57:42,2019-01-25 09:00:01,2.316666666666667,119.06492844264365
C51542,1a516c64-e0c1-41ab-9975-71487d6bd5a6,2,4124O00058C0,-22.900466,-43.349828,2019-01-25 08:58:22,2019-01-25 09:11:02,12.666666666666666,18.493116163787498
C51542,1a516c64-e0c1-41ab-9975-71487d6bd5a6,3,4124O00033C0,-22.89911,-43.35167,2019-01-25 08:58:56,2019-01-25 09:12:02,13.1,73.17448279626852
C51542,1a516c64-e0c1-41ab-9975-71487d6bd5a6,4,4124O00004C0,-22.898012,-43.352228,2019-01-25 08:59:23,,,
C51542,1a516c64-e0c1-41ab-9975-71487d6bd5a6,5,4124O00006C0,-22.89818,-43.350146,2019-01-25 09:00:07,,,
C51542,1a516c64-e0c1-41ab-9975-71487d6bd5a6,6,4124O00008C0,-22.896967,-43.348397,2019-01-25 09:00:43,,,
C51542,1a516c64-e0c1-41ab-9975-71487d6bd5a6,7,4124O00016C0,-22.8954,-43.34742,2019-01-25 09:01:11,,,
C51542,1a516c64-e0c1-41ab-9975-71487d6bd5a6,8,4124O00017C0,-22.89369,-43.34688,2019-01-25 09:01:39,,,
C51542,1a516c64-e0c1-41ab-9975-71487d6bd5a6,9,4124O00050C0,-22.890381,-43.34553,2019-01-25 09:02:40,,,
C51542,1a516c64-e0c1-41ab-9975-71487d6bd5a6,10,3078O00007C0,-22.88842,-43.34439,2019-01-25 09:03:15,,,
C51542,1a516c64-e0c1-41ab-9975-71487d6bd5a6,11,3078O00008C0,-22.88717,-43.34339,2019-01-25 09:03:39,,,
C51542,1a516c64-e0c1-41ab-9975-71487d6bd5a6,12,3078O00009C0,-22.88579,-43.34209,2019-01-25 09:04:08,,,
C51542,1a516c64-e0c1-41ab-9975-71487d6bd5a6,13,3082O00002C0,-22.88283,-43.34025,2019-01-25 09:05:25,2019-01-25 09:20:01,14.6,15.612666808068196
C51542,1a516c64-e0c1-41ab-9975-71487d6bd5a6,14,3082O00018C0,-22.882534,-43.33687,2019-01-25 09:06:14,2019-01-25 09:22:01,15.783333333333333,144.89966025877487
C51542,1a516c64-e0c1-41ab-9975-71487d6bd5a6,15,3082O00051C0,-22.882382,-43.333901,2019-01-25 09:06:57,,,
C51542,1a516c64-e0c1-41ab-9975-71487d6bd5a6,16,3082O00019C0,-22.882138,-43.331007,2019-01-25 09:07:45,,,
C51542,1a516c64-e0c1-41ab-9975-71487d6bd5a6,17,3082O00004C1,-22.88256,-43.32373,2019-01-25 09:09:26,2019-01-25 09:25:01,15.583333333333334,117.44182605391012
C51542,1a516c64-e0c1-41ab-9975-71487d6bd5a6,18,3082O00005C2,-22.88284,-43.3224,2019-01-25 09:09:46,2019-01-25 09:26:31,16.75,187.06212641451074
C51542,1a516c64-e0c1-41ab-9975-71487d6bd5a6,19,3079O00001C2,-22.8835,-43.32058,2019-01-25 09:10:14,,,
C51542,1a516c64-e0c1-41ab-9975-71487d6bd5a6,20,3079O00002C2,-22.88445,-43.31751,2019-01-25 09:11:01,,,
C51542,1a516c64-e0c1-41ab-9975-71487d6bd5a6,21,3079O00041C2,-22.884744,-43.316116,2019-01-25 09:11:22,,,
C51542,1a516c64-e0c1-41ab-9975-71487d6bd5a6,23,3079O00040C2,-22.88498,-43.31429,2019-01-25 09:11:48,,,
C51542,1a516c64-e0c1-41ab-9975-71487d6bd5a6,24,3079O00042C2,-22.885103,-43.311568,2019-01-25 09:12:27,2019-01-25 09:29:01,16.566666666666666,29.22845300816916
C51542,1a516c64-e0c1-41ab-9975-71487d6bd5a6,25,3069O00057C2,-22.88562,-43.30967,2019-01-25 09:12:57,2019-01-25 09:30:01,17.066666666666666,54.405777405038435
C51542,1a516c64-e0c1-41ab-9975-71487d6bd5a6,26,3069O00058C2,-22.88672,-43.306443,2019-01-25 09:13:46,,,
C51542,1a516c64-e0c1-41ab-9975-71487d6bd5a6,27,3069O00003C2,-22.88646,-43.30281,2019-01-25 09:14:40,,,
C51542,1a516c64-e0c1-41ab-9975-71487d6bd5a6,28,3070O00001C2,-22.88548,-43.30031,2019-01-25 09:15:21,2019-01-25 09:33:31,18.166666666666668,8.473926455346852
C51542,1a516c64-e0c1-41ab-9975-71487d6bd5a6,29,3071O00033C2,-22.884601,-43.297845,2019-01-25 09:16:00,2019-01-25 09:35:01,19.016666666666666,72.63198665858324
C51542,1a516c64-e0c1-41ab-9975-71487d6bd5a6,30,3071O00004C2,-22.88341,-43.29648,2019-01-25 09:16:27,2019-01-25 09:36:01,19.566666666666666,85.70630679126916
C51542,1a516c64-e0c1-41ab-9975-71487d6bd5a6,31,3071O00005C2,-22.88182,-43.29431,2019-01-25 09:17:08,,,
C51542,1a516c64-e0c1-41ab-9975-71487d6bd5a6,32,3071O00006C2,-22.8842,-43.29133,2019-01-25 09:18:12,,,
C51542,1a516c64-e0c1-41ab-9975-71487d6bd5a6,33,3066O00003C2,-22.885668,-43.290084,2019-01-25 09:18:46,,,
C51542,1a516c64-e0c1-41ab-9975-71487d6bd5a6,34,3064O00002C0,-22.88744,-43.2864,2019-01-25 09:19:41,,,
C51542,1a516c64-e0c1-41ab-9975-71487d6bd5a6,35,3065O00001C0,-22.887738,-43.283511,2019-01-25 09:20:17,,,
C51542,1a516c64-e0c1-41ab-9975-71487d6bd5a6,36,3065O00003C0,-22.887155,-43.280679,2019-01-25 09:21:03,,,
C51542,1a516c64-e0c1-41ab-9975-71487d6bd5a6,37,3065O00004C0,-22.88591,-43.27898,2019-01-25 09:21:36,2019-01-25 09:45:01,23.416666666666668,52.99467493817617
C51542,1a516c64-e0c1-41ab-9975-71487d6bd5a6,38,3065O00005C0,-22.88441,-43.27719,2019-01-25 09:22:11,2019-01-25 09:46:01,23.833333333333332,68.92543204303762
C51542,1a516c64-e0c1-41ab-9975-71487d6bd5a6,39,3053O00006C0,-22.8822,-43.2754,2019-01-25 09:22:54,2019-01-25 11:20:01,117.11666666666666,92.30624324845871
C51542,1a516c64-e0c1-41ab-9975-71487d6bd5a6,40,3053O00007C0,-22.881083,-43.272751,2019-01-25 09:23:38,,,
C51542,1a516c64-e0c1-41ab-9975-71487d6bd5a6,41,3053O00008C0,-22.878863,-43.265859,2019-01-25 09:25:24,,,
C51542,1a516c64-e0c1-41ab-9975-71487d6bd5a6,42,3052O00001C0,-22.87833,-43.26397,2019-01-25 09:25:56,,,
C51542,1a516c64-e0c1-41ab-9975-71487d6bd5a6,43,3052O00002C1,-22.878337,-43.261822,2019-01-25 09:26:27,,,
C51542,1a516c64-e0c1-41ab-9975-71487d6bd5a6,44,3052O00003C0,-22.880394,-43.259223,2019-01-25 09:27:22,,,
C51542,1a516c64-e0c1-41ab-9975-71487d6bd5a6,45,3155O00001C0,-22.882581,-43.254845,2019-01-25 09:28:34,,,
C51542,1a516c64-e0c1-41ab-9975-71487d6bd5a6,46,3155O00002C0,-22.88517,-43.25266,2019-01-25 09:29:25,,,
C51542,1a516c64-e0c1-41ab-9975-71487d6bd5a6,47,3155O00003C0,-22.886927,-43.250822,2019-01-25 09:30:03,,,
C51542,1a516c64-e0c1-41ab-9975-71487d6bd5a6,48,1012O00011C0,-22.890046,-43.244457,2019-01-25 09:32:03,,,
C51542,1a516c64-e0c1-41ab-9975-71487d6bd5a6,49,1012O00012C0,-22.890765,-43.242335,2019-01-25 09:32:34,,,
C51542,1a516c64-e0c1-41ab-9975-71487d6bd5a6,50,1012O00013C0,-22.891768,-43.240794,2019-01-25 09:32:58,,,
C51542,1a516c64-e0c1-41ab-9975-71487d6bd5a6,51,1012O00027C0,-22.89495,-43.24279,2019-01-25 09:34:14,,,
C51542,1a516c64-e0c1-41ab-9975-71487d6bd5a6,52,vphs,-22.897995,-43.241305,2019-01-25 09:35:25,,,
C51542,1a516c64-e0c1-41ab-9975-71487d6bd5a6,53,1011O00001C0,-22.90138,-43.241176,2019-01-25 09:36:25,,,
C51542,1a516c64-e0c1-41ab-9975-71487d6bd5a6,54,3057O00006C0,-22.90591,-43.23964,2019-01-25 09:37:38,,,
C51542,1a516c64-e0c1-41ab-9975-71487d6bd5a6,56,1011O00002C0,-22.907884,-43.236917,2019-01-25 09:38:28,,,
C51542,1a516c64-e0c1-41ab-9975-71487d6bd5a6,57,2035O00042C0,-22.908756,-43.234655,2019-01-25 09:39:00,,,
C51542,1a516c64-e0c1-41ab-9975-71487d6bd5a6,58,1010O00038C0,-22.908374,-43.231002,2019-01-25 09:39:57,,,
C51542,1a516c64-e0c1-41ab-9975-71487d6bd5a6,59,1010O00077C0,-22.90931,-43.22631,2019-01-25 09:41:18,,,
C51542,1a516c64-e0c1-41ab-9975-71487d6bd5a6,60,1010O00103C0,-22.909238,-43.222916,2019-01-25 09:42:08,,,
C51542,1a516c64-e0c1-41ab-9975-71487d6bd5a6,61,1010O00040C0,-22.906357,-43.220639,2019-01-25 09:43:05,,,
C51542,1a516c64-e0c1-41ab-9975-71487d6bd5a6,62,1010O00107C0,-22.904907,-43.218901,2019-01-25 09:43:51,,,
C51542,1a516c64-e0c1-41ab-9975-71487d6bd5a6,63,1010O00079C0,-22.90411,-43.21611,2019-01-25 09:44:36,,,
C51542,1a516c64-e0c1-41ab-9975-71487d6bd5a6,64,1010O00080C0,-22.90341,-43.21449,2019-01-25 09:45:02,,,
C51542,1a516c64-e0c1-41ab-9975-71487d6bd5a6,65,1010O00081C0,-22.902025,-43.210979,2019-01-25 09:45:57,,,
C51542,1a516c64-e0c1-41ab-9975-71487d6bd5a6,66,2032O00028C0,-22.908498,-43.209965,2019-01-25 09:47:43,,,
C51542,1a516c64-e0c1-41ab-9975-71487d6bd5a6,67,1008O00022S0,-22.91013,-43.205583,2019-01-25 09:49:17,,,
C51542,1a516c64-e0c1-41ab-9975-71487d6bd5a6,68,1008O00005S0,-22.908619,-43.201048,2019-01-25 09:50:26,,,
C51542,1a516c64-e0c1-41ab-9975-71487d6bd5a6,69,1005O00060C0,-22.90623,-43.193405,2019-01-25 09:52:23,,,
C51542,1a516c64-e0c1-41ab-9975-71487d6bd5a6,70,1005O00359S0,-22.905052,-43.189782,2019-01-25 09:53:18,,,
C51542,1a516c64-e0c1-41ab-9975-71487d6bd5a6,71,1005O00375S2,-22.903332,-43.184461,2019-01-25 09:54:39,,,
C51542,1a516c64-e0c1-41ab-9975-71487d6bd5a6,72,1005O00197C0,-22.905593,-43.182786,2019-01-25 09:55:32,,,
C51542,1a516c64-e0c1-41ab-9975-71487d6bd5a6,73,1005O00020S0,-22.90723,-43.18272,2019-01-25 09:56:08,,,
C51542,1a516c64-e0c1-41ab-9975-71487d6bd5a6,74,1005O00232S0,-22.90879,-43.18819,2019-01-25 09:57:31,,,
C51542,1a516c64-e0c1-41ab-9975-71487d6bd5a6,75,1005O00234C0,-22.908392,-43.189263,2019-01-25 09:57:52,,,
C51615,1a516c64-e0c1-41ab-9975-71487d6bd5a6,0,4124O00046C0,-22.901318,-43.347259,2019-01-25 08:57:59,2019-01-25 08:58:59,1.0,75.02324586115387
C51615,1a516c64-e0c1-41ab-9975-71487d6bd5a6,1,4124O00031C0,-22.90189,-43.34779,2019-01-25 08:58:10,2019-01-25 08:59:59,1.8166666666666667,158.59075933560413
C51615,1a516c64-e0c1-41ab-9975-71487d6bd5a6,2,4124O00058C0,-22.900466,-43.349828,2019-01-25 08:58:50,2019-01-25 09:12:59,14.15,10.261119634279389
C51615,1a516c64-e0c1-41ab-9975-71487d6bd5a6,3,4124O00033C0,-22.89911,-43.35167,2019-01-25 08:59:24,2019-01-25 09:13:59,14.583333333333334,65.4941767986563
C51615,1a516c64-e0c1-41ab-9975-71487d6bd5a6,4,4124O00004C0,-22.898012,-43.352228,2019-01-25 08:59:51,2019-01-25 09:15:59,16.133333333333333,189.85524840252188
C51615,1a516c64-e0c1-41ab-9975-71487d6bd5a6,5,4124O00006C0,-22.89818,-43.350146,2019-01-25 09:00:35,,,
C51615,1a516c64-e0c1-41ab-9975-71487d6bd5a6,6,4124O00008C0,-22.896967,-43.348397,2019-01-25 09:01:11,,,
C51615,1a516c64-e0c1-41ab-9975-71487d6bd5a6,7,4124O00016C0,-22.8954,-43.34742,2019-01-25 09:01:39,,,
C51615,1a516c64-e0c1-41ab-9975-71487d6bd5a6,8,4124O00017C0,-22.89369,-43.34688,2019-01-25 09:02:07,,,
C51615,1a516c64-e0c1-41ab-9975-71487d6bd5a6,9,4124O00050C0,-22.890381,-43.34553,2019-01-25 09:03:08,,,
C51615,1a516c64-e0c1-41ab-9975-71487d6bd5a6,10,3078O00007C0,-22.88842,-43.34439,2019-01-25 09:03:43,,,
C51615,1a516c64-e0c1-41ab-9975-71487d6bd5a6,11,3078O00008C0,-22.88717,-43.34339,2019-01-25 09:04:07,,,
C51615,1a516c64-e0c1-41ab-9975-71487d6bd5a6,12,3078O00009C0,-22.88579,-43.34209,2019-01-25 09:04:36,,,
C51615,1a516c64-e0c1-41ab-9975-71487d6bd5a6,13,3082O00002C0,-22.88283,-43.34025,2019-01-25 09:05:53,2019-01-25 09:21:59,16.1,16.80274048676222
C51615,1a516c64-e0c1-41ab-9975-71487d6bd5a6,14,3082O00018C0,-22.882534,-43.33687,2019-01-25 09:06:42,,,
C51615,1a516c64-e0c1-41ab-9975-71487d6bd5a6,15,3082O00051C0,-22.882382,-43.333901,2019-01-25 09:07:25,,,
C51615,1a516c64-e0c1-41ab-9975-71487d6bd5a6,16,3082O00019C0,-22.882138,-43.331007,2019-01-25 09:08:13,2019-01-25 09:24:59,16.766666666666666,244.74983598442972
C51615,1a516c64-e0c1-41ab-9975-71487d6bd5a6,17,3082O00004C1,-22.88256,-43.32373,2019-01-25 09:09:54,2019-01-25 09:26:59,17.083333333333332,131.04554376482875
C51615,1a516c64-e0c1-41ab-9975-71487d6bd5a6,18,3082O00005C2,-22.88284,-43.3224,2019-01-25 09:10:14,,,
C51615,1a516c64-e0c1-41ab-9975-71487d6bd5a6,19,3079O00001C2,-22.8835,-43.32058,2019-01-25 09:10:42,,,
C51615,1a516c64-e0c1-41ab-9975-71487d6bd5a6,20,3079O00002C2,-22.88445,-43.31751,2019-01-25 09:11:29,2019-01-25 09:28:59,17.5,8.844572650603617
C51615,1a516c64-e0c1-41ab-9975-71487d6bd5a6,21,3079O00041C2,-22.884744,-43.316116,2019-01-25 09:11:50,,,
C51615,1a516c64-e0c1-41ab-9975-71487d6bd5a6,23,3079O00040C2,-22.88498,-43.31429,2019-01-25 09:12:16,2019-01-25 09:30:59,18.716666666666665,103.69563509030138
C51615,1a516c64-e0c1-41ab-9975-71487d6bd5a6,24,3079O00042C2,-22.885103,-43.311568,2019-01-25 09:12:55,2019-01-25 09:31:59,19.066666666666666,82.87017887877704
C51615,1a516c64-e0c1-41ab-9975-71487d6bd5a6,25,3069O00057C2,-22.88562,-43.30967,2019-01-25 09:13:25,2019-01-25 09:32:59,19.566666666666666,9.414692605057414
C51615,1a516c64-e0c1-41ab-9975-71487d6bd5a6,26,3069O00058C2,-22.88672,-43.306443,2019-01-25 09:14:14,2019-01-25 09:34:59,20.75,215.59666047347434
C51615,1a516c64-e0c1-41ab-9975-71487d6bd5a6,27,3069O00003C2,-22.88646,-43.30281,2019-01-25 09:15:08,2019-01-25 09:36:29,21.35,208.94785381188163
C51615,1a516c64-e0c1-41ab-9975-71487d6bd5a6,28,3070O00001C2,-22.88548,-43.30031,2019-01-25 09:15:49,2019-01-25 09:37:29,21.666666666666668,68.26191289211184
C51615,1a516c64-e0c1-41ab-9975-71487d6bd5a6,29,3071O00033C2,-22.884601,-43.297845,2019-01-25 09:16:28,2019-01-25 09:38:59,22.516666666666666,54.31671945152741
C51615,1a516c64-e0c1-41ab-9975-71487d6bd5a6,30,3071O00004C2,-22.88341,-43.29648,2019-01-25 09:16:55,,,
C51615,1a516c64-e0c1-41ab-9975-71487d6bd5a6,31,3071O00005C2,-22.88182,-43.29431,2019-01-25 09:17:36,,,
C51615,1a516c64-e0c1-41ab-9975-71487d6bd5a6,32,3071O00006C2,-22.8842,-43.29133,2019-01-25 09:18:40,2019-01-25 09:41:59,23.316666666666666,133.08364913270077
C51615,1a516c64-e0c1-41ab-9975-71487d6bd5a6,33,3066O00003C2,-22.885668,-43.290084,2019-01-25 09:19:14,,,
C51615,1a516c64-e0c1-41ab-9975-71487d6bd5a6,34,3064O00002C0,-22.88744,-43.2864,2019-01-25 09:20:09,2019-01-25 09:43:59,23.833333333333332,147.5933568134447
C51615,1a516c64-e0c1-41ab-9975-71487d6bd5a6,35,3065O00001C0,-22.887738,-43.283511,2019-01-25 09:20:45,,,
C51615,1a516c64-e0c1-41ab-9975-71487d6bd5a6,36,3065O00003C0,-22.887155,-43.280679,2019-01-25 09:21:31,2019-01-25 09:47:59,26.466666666666665,188.27913034017539
C51615,1a516c64-e0c1-41ab-9975-71487d6bd5a6,37,3065O00004C0,-22.88591,-43.27898,2019-01-25 09:22:04,,,
C51615,1a516c64-e0c1-41ab-9975-71487d6bd5a6,38,3065O00005C0,-22.88441,-43.27719,2019-01-25 09:22:39,,,
C51615,1a516c64-e0c1-41ab-9975-71487d6bd5a6,39,3053O00006C0,-22.8822,-43.2754,2019-01-25 09:23:22,2019-01-25 09:48:59,25.616666666666667,9.939205194172395
C51615,1a516c64-e0c1-41ab-9975-71487d6bd5a6,40,3053O00007C0,-22.881083,-43.272751,2019-01-25 09:24:06,2019-01-25 09:50:29,26.383333333333333,35.14314325052992
C51615,1a516c64-e0c1-41ab-9975-71487d6bd5a6,41,3053O00008C0,-22.878863,-43.265859,2019-01-25 09:25:52,,,
C51615,1a516c64-e0c1-41ab-9975-71487d6bd5a6,42,3052O00001C0,-22.87833,-43.26397,2019-01-25 09:26:24,,,
C51615,1a516c64-e0c1-41ab-9975-71487d6bd5a6,43,3052O00002C1,-22.878337,-43.261822,2019-01-25 09:26:55,,,
C51615,1a516c64-e0c1-41ab-9975-71487d6bd5a6,44,3052O00003C0,-22.880394,-43.259223,2019-01-25 09:27:50,2019-01-25 09:53:59,26.15,23.513129595479686
C51615,1a516c64-e0c1-41ab-9975-71487d6bd5a6,45,3155O00001C0,-22.882581,-43.254845,2019-01-25 09:29:02,2019-01-25 09:55:59,26.95,10.082960555515598
C51615,1a516c64-e0c1-41ab-9975-71487d6bd5a6,46,3155O00002C0,-22.88517,-43.25266,2019-01-25 09:29:53,2019-01-25 09:57:59,28.1,29.8254176097882
C51615,1a516c64-e0c1-41ab-9975-71487d6bd5a6,47,3155O00003C0,-22.886927,-43.250822,2019-01-25 09:30:31,,,
C51615,1a516c64-e0c1-41ab-9975-71487d6bd5a6,48,1012O00011C0,-22.890046,-43.244457,2019-01-25 09:32:31,2019-01-25 11:23:58,111.45,43.32180472130469
C51615,1a516c64-e0c1-41ab-9975-71487d6bd5a6,49,1012O00012C0,-22.890765,-43.242335,2019-01-25 09:33:02,,,
C51615,1a516c64-e0c1-41ab-9975-71487d6bd5a6,50,1012O00013C0,-22.891768,-43.240794,2019-01-25 09:33:26,,,
C51615,1a516c64-e0c1-41ab-9975-71487d6bd5a6,51,1012O00027C0,-22.89495,-43.24279,2019-01-25 09:34:42,,,
C51615,1a516c64-e0c1-41ab-9975-71487d6bd5a6,52,vphs,-22.897995,-43.241305,2019-01-25 09:35:53,,,
C51615,1a516c64-e0c1-41ab-9975-71487d6bd5a6,53,1011O00001C0,-22.90138,-43.241176,2019-01-25 09:36:53,,,
C51615,1a516c64-e0c1-41ab-9975-71487d6bd5a6,54,3057O00006C0,-22.90591,-43.23964,2019-01-25 09:38:06,,,
C51615,1a516c64-e0c1-41ab-9975-71487d6bd5a6,56,1011O00002C0,-22.907884,-43.236917,2019-01-25 09:38:56,,,
C51615,1a516c64-e0c1-41ab-9975-71487d6bd5a6,57,2035O00042C0,-22.908756,-43.234655,2019-01-25 09:39:28,,,
C51615,1a516c64-e0c1-41ab-9975-71487d6bd5a6,58,1010O00038C0,-22.908374,-43.231002,2019-01-25 09:40:25,,,
C51615,1a516c64-e0c1-41ab-9975-71487d6bd5a6,59,1010O00077C0,-22.90931,-43.22631,2019-01-25 09:41:46,,,
C51615,1a516c64-e0c1-41ab-9975-71487d6bd5a6,60,1010O00103C0,-22.909238,-43.222916,2019-01-25 09:42:36,,,
C51615,1a516c64-e0c1-41ab-9975-71487d6bd5a6,61,1010O00040C0,-22.906357,-43.220639,2019-01-25 09:43:33,,,
C51615,1a516c64-e0c1-41ab-9975-71487d6bd5a6,62,1010O00107C0,-22.904907,-43.218901,2019-01-25 09:44:19,,,
C51615,1a516c64-e0c1-41ab-9975-71487d6bd5a6,63,1010O00079C0,-22.90411,-43.21611,2019-01-25 09:45:04,,,
C51615,1a516c64-e0c1-41ab-9975-71487d6bd5a6,64,1010O00080C0,-22.90341,-43.21449,2019-01-25 09:45:30,,,
C51615,1a516c64-e0c1-41ab-9975-71487d6bd5a6,65,1010O00081C0,-22.902025,-43.210979,2019-01-25 09:46:25,,,
C51615,1a516c64-e0c1-41ab-9975-71487d6bd5a6,66,2032O00028C0,-22.908498,-43.209965,2019-01-25 09:48:11,,,
C51615,1a516c64-e0c1-41ab-9975-71487d6bd5a6,67,1008O00022S0,-22.91013,-43.205583,2019-01-25 09:49:45,,,
C51615,1a516c64-e0c1-41ab-9975-71487d6bd5a6,68,1008O00005S0,-22.908619,-43.201048,2019-01-25 09:50:54,,,
C51615,1a516c64-e0c1-41ab-9975-71487d6bd5a6,69,1005O00060C0,-22.90623,-43.193405,2019-01-25 09:52:51,,,
C51615,1a516c64-e0c1-41ab-9975-71487d6bd5a6,70,1005O00359S0,-22.905052,-43.189782,2019-01-25 09:53:46,,,
C51615,1a516c64-e0c1-41ab-9975-71487d6bd5a6,71,1005O00375S2,-22.903332,-43.184461,2019-01-25 09:55:07,,,
C51615,1a516c64-e0c1-41ab-9975-71487d6bd5a6,72,1005O00197C0,-22.905593,-43.182786,2019-01-25 09:56:00,,,
C51615,1a516c64-e0c1-41ab-9975-71487d6bd5a6,73,1005O00020S0,-22.90723,-43.18272,2019-01-25 09:56:36,,,
C51615,1a516c64-e0c1-41ab-9975-71487d6bd5a6,74,1005O00232S0,-22.90879,-43.18819,2019-01-25 09:57:59,,,
C51615,1a516c64-e0c1-41ab-9975-71487d6bd5a6,75,1005O00234C0,-22.908392,-43.189263,2019-01-25 09:58:20,,,
C51582,1a516c64-e0c1-41ab-9975-71487d6bd5a6,0,4124O00046C0,-22.901318,-43.347259,2019-01-25 08:57:44,2019-01-25 10:15:43,77.98333333333333,72.15733547332735
C51582,1a516c64-e0c1-41ab-9975-71487d6bd5a6,1,4124O00031C0,-22.90189,-43.34779,2019-01-25 08:57:55,2019-01-25 10:16:43,78.8,155.78076771901678
C51582,1a516c64-e0c1-41ab-9975-71487d6bd5a6,2,4124O00058C0,-22.900466,-43.349828,2019-01-25 08:58:35,2019-01-25 10:33:44,95.15,9.235520994626084
C51582,1a516c64-e0c1-41ab-9975-71487d6bd5a6,3,4124O00033C0,-22.89911,-43.35167,2019-01-25 08:59:09,2019-01-25 10:34:44,95.58333333333333,21.35268331804981
C51582,1a516c64-e0c1-41ab-9975-71487d6bd5a6,4,4124O00004C0,-22.898012,-43.352228,2019-01-25 08:59:36,,,
C51582,1a516c64-e0c1-41ab-9975-71487d6bd5a6,5,4124O00006C0,-22.89818,-43.350146,2019-01-25 09:00:20,,,
C51582,1a516c64-e0c1-41ab-9975-71487d6bd5a6,6,4124O00008C0,-22.896967,-43.348397,2019-01-25 09:00:56,,,
C51582,1a516c64-e0c1-41ab-9975-71487d6bd5a6,7,4124O00016C0,-22.8954,-43.34742,2019-01-25 09:01:24,,,
C51582,1a516c64-e0c1-41ab-9975-71487d6bd5a6,8,4124O00017C0,-22.89369,-43.34688,2019-01-25 09:01:52,,,
C51582,1a516c64-e0c1-41ab-9975-71487d6bd5a6,9,4124O00050C0,-22.890381,-43.34553,2019-01-25 09:02:53,,,
C51582,1a516c64-e0c1-41ab-9975-71487d6bd5a6,10,3078O00007C0,-22.88842,-43.34439,2019-01-25 09:03:28,,,
C51582,1a516c64-e0c1-41ab-9975-71487d6bd5a6,11,3078O00008C0,-22.88717,-43.34339,2019-01-25 09:03:52,,,
C51582,1a516c64-e0c1-41ab-9975-71487d6bd5a6,12,3078O00009C0,-22.88579,-43.34209,2019-01-25 09:04:21,,,
C51582,1a516c64-e0c1-41ab-9975-71487d6bd5a6,13,3082O00002C0,-22.88283,-43.34025,2019-01-25 09:05:38,2019-01-25 10:44:14,98.6,150.7608813590353
C51582,1a516c64-e0c1-41ab-9975-71487d6bd5a6,14,3082O00018C0,-22.882534,-43.33687,2019-01-25 09:06:27,,,
C51582,1a516c64-e0c1-41ab-9975-71487d6bd5a6,15,3082O00051C0,-22.882382,-43.333901,2019-01-25 09:07:10,,,
C51582,1a516c64-e0c1-41ab-9975-71487d6bd5a6,16,3082O00019C0,-22.882138,-43.331007,2019-01-25 09:07:58,,,
C51582,1a516c64-e0c1-41ab-9975-71487d6bd5a6,17,3082O00004C1,-22.88256,-43.32373,2019-01-25 09:09:39,2019-01-25 10:48:44,99.08333333333333,230.87495234007994
C51582,1a516c64-e0c1-41ab-9975-71487d6bd5a6,18,3082O00005C2,-22.88284,-43.3224,2019-01-25 09:09:59,2019-01-25 10:49:44,99.75,163.77239316086892
C51582,1a516c64-e0c1-41ab-9975-71487d6bd5a6,19,3079O00001C2,-22.8835,-43.32058,2019-01-25 09:10:27,,,
C51582,1a516c64-e0c1-41ab-9975-71487d6bd5a6,20,3079O00002C2,-22.88445,-43.31751,2019-01-25 09:11:14,,,
C51582,1a516c64-e0c1-41ab-9975-71487d6bd5a6,21,3079O00041C2,-22.884744,-43.316116,2019-01-25 09:11:35,,,
C51582,1a516c64-e0c1-41ab-9975-71487d6bd5a6,23,3079O00040C2,-22.88498,-43.31429,2019-01-25 09:12:01,2019-01-25 10:53:44,101.71666666666667,140.4131644323251
C51582,1a516c64-e0c1-41ab-9975-71487d6bd5a6,24,3079O00042C2,-22.885103,-43.311568,2019-01-25 09:12:40,2019-01-25 10:54:44,102.06666666666666,62.39375533026683
C51582,1a516c64-e0c1-41ab-9975-71487d6bd5a6,25,3069O00057C2,-22.88562,-43.30967,2019-01-25 09:13:10,2019-01-25 10:55:44,102.56666666666666,10.195067068932817
C51582,1a516c64-e0c1-41ab-9975-71487d6bd5a6,26,3069O00058C2,-22.88672,-43.306443,2019-01-25 09:13:59,,,
C51582,1a516c64-e0c1-41ab-9975-71487d6bd5a6,27,3069O00003C2,-22.88646,-43.30281,2019-01-25 09:14:53,2019-01-25 10:57:44,102.85,218.08530527697687
C51582,1a516c64-e0c1-41ab-9975-71487d6bd5a6,28,3070O00001C2,-22.88548,-43.30031,2019-01-25 09:15:34,2019-01-25 10:58:44,103.16666666666667,36.81566240934436
C51582,1a516c64-e0c1-41ab-9975-71487d6bd5a6,29,3071O00033C2,-22.884601,-43.297845,2019-01-25 09:16:13,2019-01-25 10:59:44,103.51666666666667,113.98256086667533
C51582,1a516c64-e0c1-41ab-9975-71487d6bd5a6,30,3071O00004C2,-22.88341,-43.29648,2019-01-25 09:16:40,,,
C51582,1a516c64-e0c1-41ab-9975-71487d6bd5a6,31,3071O00005C2,-22.88182,-43.29431,2019-01-25 09:17:21,2019-01-25 11:01:44,104.38333333333334,225.54682661541094
C51582,1a516c64-e0c1-41ab-9975-71487d6bd5a6,32,3071O00006C2,-22.8842,-43.29133,2019-01-25 09:18:25,,,
C51582,1a516c64-e0c1-41ab-9975-71487d6bd5a6,33,3066O00003C2,-22.885668,-43.290084,2019-01-25 09:18:59,,,
C51582,1a516c64-e0c1-41ab-9975-71487d6bd5a6,34,3064O00002C0,-22.88744,-43.2864,2019-01-25 09:19:54,2019-01-25 11:04:44,104.83333333333333,99.1856520666688
C51582,1a516c64-e0c1-41ab-9975-71487d6bd5a6,35,3065O00001C0,-22.887738,-43.283511,2019-01-25 09:20:30,2019-01-25 11:06:44,106.23333333333333,115.6012476349373
C51582,1a516c64-e0c1-41ab-9975-71487d6bd5a6,36,3065O00003C0,-22.887155,-43.280679,2019-01-25 09:21:16,2019-01-25 11:07:44,106.46666666666667,245.23341103191058
C51582,1a516c64-e0c1-41ab-9975-71487d6bd5a6,37,3065O00004C0,-22.88591,-43.27898,2019-01-25 09:21:49,,,
C51582,1a516c64-e0c1-41ab-9975-71487d6bd5a6,38,3065O00005C0,-22.88441,-43.27719,2019-01-25 09:22:24,2019-01-25 11:09:14,106.83333333333333,150.78666791897078
C51582,1a516c64-e0c1-41ab-9975-71487d6bd5a6,39,3053O00006C0,-22.8822,-43.2754,2019-01-25 09:23:07,,,
C51582,1a516c64-e0c1-41ab-9975-71487d6bd5a6,40,3053O00007C0,-22.881083,-43.272751,2019-01-25 09:23:51,2019-01-25 11:10:44,106.88333333333334,18.22819686694827
C51582,1a516c64-e0c1-41ab-9975-71487d6bd5a6,41,3053O00008C0,-22.878863,-43.265859,2019-01-25 09:25:37,2019-01-25 11:11:43,106.1,171.222086814431
C51582,1a516c64-e0c1-41ab-9975-71487d6bd5a6,42,3052O00001C0,-22.87833,-43.26397,2019-01-25 09:26:09,,,
C51582,1a516c64-e0c1-41ab-9975-71487d6bd5a6,43,3052O00002C1,-22.878337,-43.261822,2019-01-25 09:26:40,,,
C51582,1a516c64-e0c1-41ab-9975-71487d6bd5a6,44,3052O00003C0,-22.880394,-43.259223,2019-01-25 09:27:35,,,
C51582,1a516c64-e0c1-41ab-9975-71487d6bd5a6,45,3155O00001C0,-22.882581,-43.254845,2019-01-25 09:28:47,2019-01-25 11:16:43,107.93333333333334,18.07706923673972
C51582,1a516c64-e0c1-41ab-9975-71487d6bd5a6,46,3155O00002C0,-22.88517,-43.25266,2019-01-25 09:29:38,2019-01-25 11:18:43,109.08333333333333,36.041880226549935
C51582,1a516c64-e0c1-41ab-9975-71487d6bd5a6,47,3155O00003C0,-22.886927,-43.250822,2019-01-25 09:30:16,,,
C51582,1a516c64-e0c1-41ab-9975-71487d6bd5a6,48,1012O00011C0,-22.890046,-43.244457,2019-01-25 09:32:16,,,
C51582,1a516c64-e0c1-41ab-9975-71487d6bd5a6,49,1012O00012C0,-22.890765,-43.242335,2019-01-25 09:32:47,,,
C51582,1a516c64-e0c1-41ab-9975-71487d6bd5a6,50,1012O00013C0,-22.891768,-43.240794,2019-01-25 09:33:11,,,
C51582,1a516c64-e0c1-41ab-9975-71487d6bd5a6,51,1012O00027C0,-22.89495,-43.24279,2019-01-25 09:34:27,,,
C51582,1a516c64-e0c1-41ab-9975-71487d6bd5a6,52,vphs,-22.897995,-43.241305,2019-01-25 09:35:38,2019-01-25 11:24:14,108.6,212.61778636738615
C51582,1a516c64-e0c1-41ab-9975-71487d6bd5a6,53,1011O00001C0,-22.90138,-43.241176,2019-01-25 09:36:38,2019-01-25 11:24:44,108.1,27.426625648507788
C51582,1a516c64-e0c1-41ab-9975-71487d6bd5a6,54,3057O00006C0,-22.90591,-43.23964,2019-01-25 09:37:51,2019-01-25 11:25:43,107.86666666666666,233.34173199771
C51582,1a516c64-e0c1-41ab-9975-71487d6bd5a6,56,1011O00002C0,-22.907884,-43.236917,2019-01-25 09:38:41,,,
C51582,1a516c64-e0c1-41ab-9975-71487d6bd5a6,57,2035O00042C0,-22.908756,-43.234655,2019-01-25 09:39:13,,,
C51582,1a516c64-e0c1-41ab-9975-71487d6bd5a6,58,1010O00038C0,-22.908374,-43.231002,2019-01-25 09:40:10,,,
C51582,1a516c64-e0c1-41ab-9975-71487d6bd5a6,59,1010O00077C0,-22.90931,-43.22631,2019-01-25 09:41:31,2019-01-25 11:27:44,106.21666666666667,14.33980679040601
C51582,1a516c64-e0c1-41ab-9975-71487d6bd5a6,60,1010O00103C0,-22.909238,-43.222916,2019-01-25 09:42:21,,,
C51582,1a516c64-e0c1-41ab-9975-71487d6bd5a6,61,1010O00040C0,-22.906357,-43.220639,2019-01-25 09:43:18,,,
C51582,1a516c64-e0c1-41ab-9975-71487d6bd5a6,62,1010O00107C0,-22.904907,-43.218901,2019-01-25 09:44:04,2019-01-25 11:30:14,106.16666666666667,13.944392884465607
C51582,1a516c64-e0c1-41ab-9975-71487d6bd5a6,63,1010O00079C0,-22.90411,-43.21611,2019-01-25 09:44:49,2019-01-25 11:30:43,105.9,181.47188603137081
C51582,1a516c64-e0c1-41ab-9975-71487d6bd5a6,64,1010O00080C0,-22.90341,-43.21449,2019-01-25 09:45:15,,,
C51582,1a516c64-e0c1-41ab-9975-71487d6bd5a6,65,1010O00081C0,-22.902025,-43.210979,2019-01-25 09:46:10,2019-01-25 11:33:43,107.55,83.19453927079552
C51582,1a516c64-e0c1-41ab-9975-71487d6bd5a6,66,2032O00028C0,-22.908498,-43.209965,2019-01-25 09:47:56,2019-01-25 11:35:43,107.78333333333333,85.54533172956687
C51582,1a516c64-e0c1-41ab-9975-71487d6bd5a6,67,1008O00022S0,-22.91013,-43.205583,2019-01-25 09:49:30,,,
C51582,1a516c64-e0c1-41ab-9975-71487d6bd5a6,68,1008O00005S0,-22.908619,-43.201048,2019-01-25 09:50:39,2019-01-25 11:37:43,107.06666666666666,13.188347838939022
C51582,1a516c64-e0c1-41ab-9975-71487d6bd5a6,69,1005O00060C0,-22.90623,-43.193405,2019-01-25 09:52:36,2019-01-25 11:41:43,109.11666666666666,15.528514128008874
C51582,1a516c64-e0c1-41ab-9975-71487d6bd5a6,70,1005O00359S0,-22.905052,-43.189782,2019-01-25 09:53:31,,,
C51582,1a516c64-e0c1-41ab-9975-71487d6bd5a6,71,1005O00375S2,-22.903332,-43.184461,2019-01-25 09:54:52,,,
C51582,1a516c64-e0c1-41ab-9975-71487d6bd5a6,72,1005O00197C0,-22.905593,-43.182786,2019-01-25 09:55:45,,,
C51582,1a516c64-e0c1-41ab-9975-71487d6bd5a6,73,1005O00020S0,-22.90723,-43.18272,2019-01-25 09:56:21,,,
C51582,1a516c64-e0c1-41ab-9975-71487d6bd5a6,74,1005O00232S0,-22.90879,-43.18819,2019-01-25 09:57:44,,,
C51582,1a516c64-e0c1-41ab-9975-71487d6bd5a6,75,1005O00234C0,-22.908392,-43.189263,2019-01-25 09:58:05,,,
C51561,1a516c64-e0c1-41ab-9975-71487d6bd5a6,0,4124O00046C0,-22.901318,-43.347259,2019-01-25 08:57:27,2019-01-25 10:11:57,74.5,24.777068058689586
C51561,1a516c64-e0c1-41ab-9975-71487d6bd5a6,1,4124O00031C0,-22.90189,-43.34779,2019-01-25 08:57:38,2019-01-25 10:14:27,76.81666666666666,95.2450977483348
C51561,1a516c64-e0c1-41ab-9975-71487d6bd5a6,2,4124O00058C0,-22.900466,-43.349828,2019-01-25 08:58:18,2019-01-25 10:23:57,85.65,22.590487804618174
C51561,1a516c64-e0c1-41ab-9975-71487d6bd5a6,3,4124O00033C0,-22.89911,-43.35167,2019-01-25 08:58:52,2019-01-25 10:24:57,86.08333333333333,13.131016255062226
C51561,1a516c64-e0c1-41ab-9975-71487d6bd5a6,4,4124O00004C0,-22.898012,-43.352228,2019-01-25 08:59:19,,,
C51561,1a516c64-e0c1-41ab-9975-71487d6bd5a6,5,4124O00006C0,-22.89818,-43.350146,2019-01-25 09:00:03,,,
C51561,1a516c64-e0c1-41ab-9975-71487d6bd5a6,6,4124O00008C0,-22.896967,-43.348397,2019-01-25 09:00:39,,,
C51561,1a516c64-e0c1-41ab-9975-71487d6bd5a6,7,4124O00016C0,-22.8954,-43.34742,2019-01-25 09:01:07,,,
C51561,1a516c64-e0c1-41ab-9975-71487d6bd5a6,8,4124O00017C0,-22.89369,-43.34688,2019-01-25 09:01:35,,,
C51561,1a516c64-e0c1-41ab-9975-71487d6bd5a6,9,4124O00050C0,-22.890381,-43.34553,2019-01-25 09:02:36,,,
C51561,1a516c64-e0c1-41ab-9975-71487d6bd5a6,10,3078O00007C0,-22.88842,-43.34439,2019-01-25 09:03:11,,,
C51561,1a516c64-e0c1-41ab-9975-71487d6bd5a6,11,3078O00008C0,-22.88717,-43.34339,2019-01-25 09:03:35,,,
C51561,1a516c64-e0c1-41ab-9975-71487d6bd5a6,12,3078O00009C0,-22.88579,-43.34209,2019-01-25 09:04:04,,,
C51561,1a516c64-e0c1-41ab-9975-71487d6bd5a6,13,3082O00002C0,-22.88283,-43.34025,2019-01-25 09:05:21,2019-01-25 10:31:27,86.1,54.51937998624966
C51561,1a516c64-e0c1-41ab-9975-71487d6bd5a6,14,3082O00018C0,-22.882534,-43.33687,2019-01-25 09:06:10,,,
C51561,1a516c64-e0c1-41ab-9975-71487d6bd5a6,15,3082O00051C0,-22.882382,-43.333901,2019-01-25 09:06:53,,,
C51561,1a516c64-e0c1-41ab-9975-71487d6bd5a6,16,3082O00019C0,-22.882138,-43.331007,2019-01-25 09:07:41,2019-01-25 10:32:57,85.26666666666667,47.30940492097794
C51561,1a516c64-e0c1-41ab-9975-71487d6bd5a6,17,3082O00004C1,-22.88256,-43.32373,2019-01-25 09:09:22,2019-01-25 10:36:57,87.58333333333333,116.03130783981865
C51561,1a516c64-e0c1-41ab-9975-71487d6bd5a6,18,3082O00005C2,-22.88284,-43.3224,2019-01-25 09:09:42,,,
C51561,1a516c64-e0c1-41ab-9975-71487d6bd5a6,19,3079O00001C2,-22.8835,-43.32058,2019-01-25 09:10:10,2019-01-25 10:38:57,88.78333333333333,197.65242411430563
C51561,1a516c64-e0c1-41ab-9975-71487d6bd5a6,20,3079O00002C2,-22.88445,-43.31751,2019-01-25 09:10:57,,,
C51561,1a516c64-e0c1-41ab-9975-71487d6bd5a6,21,3079O00041C2,-22.884744,-43.316116,2019-01-25 09:11:18,,,
C51561,1a516c64-e0c1-41ab-9975-71487d6bd5a6,23,3079O00040C2,-22.88498,-43.31429,2019-01-25 09:11:44,,,
C51561,1a516c64-e0c1-41ab-9975-71487d6bd5a6,24,3079O00042C2,-22.885103,-43.311568,2019-01-25 09:12:23,2019-01-25 10:41:57,89.56666666666666,8.21564320889758
C51561,1a516c64-e0c1-41ab-9975-71487d6bd5a6,25,3069O00057C2,-22.88562,-43.30967,2019-01-25 09:12:53,,,
C51561,1a516c64-e0c1-41ab-9975-71487d6bd5a6,26,3069O00058C2,-22.88672,-43.306443,2019-01-25 09:13:42,,,
C51561,1a516c64-e0c1-41ab-9975-71487d6bd5a6,27,3069O00003C2,-22.88646,-43.30281,2019-01-25 09:14:36,2019-01-25 10:44:57,90.35,11.536374394753667
C51561,1a516c64-e0c1-41ab-9975-71487d6bd5a6,28,3070O00001C2,-22.88548,-43.30031,2019-01-25 09:15:17,2019-01-25 10:45:57,90.66666666666667,20.517612334915647
C51561,1a516c64-e0c1-41ab-9975-71487d6bd5a6,29,3071O00033C2,-22.884601,-43.297845,2019-01-25 09:15:56,2019-01-25 10:46:57,91.01666666666667,84.72022502139055
C51561,1a516c64-e0c1-41ab-9975-71487d6bd5a6,30,3071O00004C2,-22.88341,-43.29648,2019-01-25 09:16:23,,,
C51561,1a516c64-e0c1-41ab-9975-71487d6bd5a6,31,3071O00005C2,-22.88182,-43.29431,2019-01-25 09:17:04,,,
C51561,1a516c64-e0c1-41ab-9975-71487d6bd5a6,32,3071O00006C2,-22.8842,-43.29133,2019-01-25 09:18:08,2019-01-25 10:48:57,90.81666666666666,36.770580192736574
C51561,1a516c64-e0c1-41ab-9975-71487d6bd5a6,33,3066O00003C2,-22.885668,-43.290084,2019-01-25 09:18:42,2019-01-25 10:49:57,91.25,68.11080225255658
C51561,1a516c64-e0c1-41ab-9975-71487d6bd5a6,34,3064O00002C0,-22.88744,-43.2864,2019-01-25 09:19:37,2019-01-25 10:51:57,92.33333333333333,93.52011754278504
C51561,1a516c64-e0c1-41ab-9975-71487d6bd5a6,35,3065O00001C0,-22.887738,-43.283511,2019-01-25 09:20:13,2019-01-25 10:52:57,92.73333333333333,27.94409384478017
C51561,1a516c64-e0c1-41ab-9975-71487d6bd5a6,36,3065O00003C0,-22.887155,-43.280679,2019-01-25 09:20:59,2019-01-25 10:53:57,92.96666666666667,41.0749684601075
C51561,1a516c64-e0c1-41ab-9975-71487d6bd5a6,37,3065O00004C0,-22.88591,-43.27898,2019-01-25 09:21:32,2019-01-25 10:54:57,93.41666666666667,239.85873399786314
C51561,1a516c64-e0c1-41ab-9975-71487d6bd5a6,38,3065O00005C0,-22.88441,-43.27719,2019-01-25 09:22:07,,,
C51561,1a516c64-e0c1-41ab-9975-71487d6bd5a6,39,3053O00006C0,-22.8822,-43.2754,2019-01-25 09:22:50,,,
C51561,1a516c64-e0c1-41ab-9975-71487d6bd5a6,40,3053O00007C0,-22.881083,-43.272751,2019-01-25 09:23:34,,,
C51561,1a516c64-e0c1-41ab-9975-71487d6bd5a6,41,3053O00008C0,-22.878863,-43.265859,2019-01-25 09:25:20,2019-01-25 10:57:57,92.61666666666666,40.16064864156562
C51561,1a516c64-e0c1-41ab-9975-71487d6bd5a6,42,3052O00001C0,-22.87833,-43.26397,2019-01-25 09:25:52,,,
C51561,1a516c64-e0c1-41ab-9975-71487d6bd5a6,43,3052O00002C1,-22.878337,-43.261822,2019-01-25 09:26:23,,,
C51561,1a516c64-e0c1-41ab-9975-71487d6bd5a6,44,3052O00003C0,-22.880394,-43.259223,2019-01-25 09:27:18,,,
C51561,1a516c64-e0c1-41ab-9975-71487d6bd5a6,45,3155O00001C0,-22.882581,-43.254845,2019-01-25 09:28:30,2019-01-25 11:00:57,92.45,48.67577116075752
C51561,1a516c64-e0c1-41ab-9975-71487d6bd5a6,46,3155O00002C0,-22.88517,-43.25266,2019-01-25 09:29:21,,,
C51561,1a516c64-e0c1-41ab-9975-71487d6bd5a6,47,3155O00003C0,-22.886927,-43.250822,2019-01-25 09:29:59,,,
C51561,1a516c64-e0c1-41ab-9975-71487d6bd5a6,48,1012O00011C0,-22.890046,-43.244457,2019-01-25 09:31:59,,,
C51561,1a516c64-e0c1-41ab-9975-71487d6bd5a6,49,1012O00012C0,-22.890765,-43.242335,2019-01-25 09:32:30,,,
C51561,1a516c64-e0c1-41ab-9975-71487d6bd5a6,50,1012O00013C0,-22.891768,-43.240794,2019-01-25 09:32:54,,,
C51561,1a516c64-e0c1-41ab-9975-71487d6bd5a6,51,1012O00027C0,-22.89495,-43.24279,2019-01-25 09:34:10,,,
C51561,1a516c64-e0c1-41ab-9975-71487d6bd5a6,52,vphs,-22.897995,-43.241305,2019-01-25 09:35:21,,,
C51561,1a516c64-e0c1-41ab-9975-71487d6bd5a6,53,1011O00001C0,-22.90138,-43.241176,2019-01-25 09:36:21,,,
C51561,1a516c64-e0c1-41ab-9975-71487d6bd5a6,54,3057O00006C0,-22.90591,-43.23964,2019-01-25 09:37:34,,,
C51561,1a516c64-e0c1-41ab-9975-71487d6bd5a6,56,1011O00002C0,-22.907884,-43.236917,2019-01-25 09:38:24,2019-01-25 11:11:57,93.55,6.962788209337429
C51561,1a516c64-e0c1-41ab-9975-71487d6bd5a6,57,2035O00042C0,-22.908756,-43.234655,2019-01-25 09:38:56,,,
C51561,1a516c64-e0c1-41ab-9975-71487d6bd5a6,58,1010O00038C0,-22.908374,-43.231002,2019-01-25 09:39:53,,,
C51561,1a516c64-e0c1-41ab-9975-71487d6bd5a6,59,1010O00077C0,-22.90931,-43.22631,2019-01-25 09:41:14,,,
C51561,1a516c64-e0c1-41ab-9975-71487d6bd5a6,60,1010O00103C0,-22.909238,-43.222916,2019-01-25 09:42:04,,,
C51561,1a516c64-e0c1-41ab-9975-71487d6bd5a6,61,1010O00040C0,-22.906357,-43.220639,2019-01-25 09:43:01,2019-01-25 11:15:57,92.93333333333334,101.64364830700025
C51561,1a516c64-e0c1-41ab-9975-71487d6bd5a6,62,1010O00107C0,-22.904907,-43.218901,2019-01-25 09:43:47,2019-01-25 11:16:57,93.16666666666667,12.368675215368276
C51561,1a516c64-e0c1-41ab-9975-71487d6bd5a6,63,1010O00079C0,-22.90411,-43.21611,2019-01-25 09:44:32,2019-01-25 11:17:57,93.41666666666667,65.85420592526391
C51561,1a516c64-e0c1-41ab-9975-71487d6bd5a6,64,1010O00080C0,-22.90341,-43.21449,2019-01-25 09:44:58,2019-01-25 11:18:57,93.98333333333333,37.188895386590445
C51561,1a516c64-e0c1-41ab-9975-71487d6bd5a6,65,1010O00081C0,-22.902025,-43.210979,2019-01-25 09:45:53,,,
C51561,1a516c64-e0c1-41ab-9975-71487d6bd5a6,66,2032O00028C0,-22.908498,-43.209965,2019-01-25 09:47:39,2019-01-25 11:20:57,93.3,60.63425781694029
C51561,1a516c64-e0c1-41ab-9975-71487d6bd5a6,67,1008O00022S0,-22.91013,-43.205583,2019-01-25 09:49:13,,,
C51561,1a516c64-e0c1-41ab-9975-71487d6bd5a6,68,1008O00005S0,-22.908619,-43.201048,2019-01-25 09:50:22,2019-01-25 11:22:57,92.58333333333333,22.37917356865069
C51561,1a516c64-e0c1-41ab-9975-71487d6bd5a6,69,1005O00060C0,-22.90623,-43.193405,2019-01-25 09:52:19,2019-01-25 11:26:57,94.63333333333334,90.25579279700322
C51561,1a516c64-e0c1-41ab-9975-71487d6bd5a6,70,1005O00359S0,-22.905052,-43.189782,2019-01-25 09:53:14,2019-01-25 11:29:57,96.71666666666667,15.862326825006031
C51561,1a516c64-e0c1-41ab-9975-71487d6bd5a6,71,1005O00375S2,-22.903332,-43.184461,2019-01-25 09:54:35,,,
C51561,1a516c64-e0c1-41ab-9975-71487d6bd5a6,72,1005O00197C0,-22.905593,-43.182786,2019-01-25 09:55:28,,,
C51561,1a516c64-e0c1-41ab-9975-71487d6bd5a6,73,1005O00020S0,-22.90723,-43.18272,2019-01-25 09:56:04,,,
C51561,1a516c64-e0c1-41ab-9975-71487d6bd5a6,74,1005O00232S0,-22.90879,-43.18819,2019-01-25 09:57:27,2019-01-25 11:44:57,107.5,132.89614233298263
C51561,1a516c64-e0c1-41ab-9975-71487d6bd5a6,75,1005O00234C0,-22.908392,-43.189263,2019-01-25 09:57:48,2019-01-25 11:45:57,108.15,14.488859974203988
C51564,1a516c64-e0c1-41ab-9975-71487d6bd5a6,0,4124O00046C0,-22.901318,-43.347259,2019-01-25 08:57:31,2019-01-25 10:06:01,68.5,3.1260062198153147
C51564,1a516c64-e0c1-41ab-9975-71487d6bd5a6,1,4124O00031C0,-22.90189,-43.34779,2019-01-25 08:57:42,2019-01-25 10:07:01,69.31666666666666,83.1504709044701
C51564,1a516c64-e0c1-41ab-9975-71487d6bd5a6,2,4124O00058C0,-22.900466,-43.349828,2019-01-25 08:58:22,,,
C51564,1a516c64-e0c1-41ab-9975-71487d6bd5a6,3,4124O00033C0,-22.89911,-43.35167,2019-01-25 08:58:56,,,
C51564,1a516c64-e0c1-41ab-9975-71487d6bd5a6,4,4124O00004C0,-22.898012,-43.352228,2019-01-25 08:59:23,,,
C51564,1a516c64-e0c1-41ab-9975-71487d6bd5a6,5,4124O00006C0,-22.89818,-43.350146,2019-01-25 09:00:07,,,
C51564,1a516c64-e0c1-41ab-9975-71487d6bd5a6,6,4124O00008C0,-22.896967,-43.348397,2019-01-25 09:00:43,,,
C51564,1a516c64-e0c1-41ab-9975-71487d6bd5a6,7,4124O00016C0,-22.8954,-43.34742,2019-01-25 09:01:11,,,
C51564,1a516c64-e0c1-41ab-9975-71487d6bd5a6,8,4124O00017C0,-22.89369,-43.34688,2019-01-25 09:01:39,,,
C51564,1a516c64-e0c1-41ab-9975-71487d6bd5a6,9,4124O00050C0,-22.890381,-43.34553,2019-01-25 09:02:40,,,
C51564,1a516c64-e0c1-41ab-9975-71487d6bd5a6,10,3078O00007C0,-22.88842,-43.34439,2019-01-25 09:03:15,,,
C51564,1a516c64-e0c1-41ab-9975-71487d6bd5a6,11,3078O00008C0,-22.88717,-43.34339,2019-01-25 09:03:39,,,
C51564,1a516c64-e0c1-41ab-9975-71487d6bd5a6,12,3078O00009C0,-22.88579,-43.34209,2019-01-25 09:04:08,,,
C51564,1a516c64-e0c1-41ab-9975-71487d6bd5a6,13,3082O00002C0,-22.88283,-43.34025,2019-01-25 09:05:25,2019-01-25 10:20:01,74.6,7.897497992036541
C51564,1a516c64-e0c1-41ab-9975-71487d6bd5a6,14,3082O00018C0,-22.882534,-43.33687,2019-01-25 09:06:14,2019-01-25 10:21:01,74.78333333333333,103.2093278274741
C51564,1a516c64-e0c1-41ab-9975-71487d6bd5a6,15,3082O00051C0,-22.882382,-43.333901,2019-01-25 09:06:57,,,
C51564,1a516c64-e0c1-41ab-9975-71487d6bd5a6,16,3082O00019C0,-22.882138,-43.331007,2019-01-25 09:07:45,,,
C51564,1a516c64-e0c1-41ab-9975-71487d6bd5a6,17,3082O00004C1,-22.88256,-43.32373,2019-01-25 09:09:26,2019-01-25 10:26:01,76.58333333333333,142.36896118862603
C51564,1a516c64-e0c1-41ab-9975-71487d6bd5a6,18,3082O00005C2,-22.88284,-43.3224,2019-01-25 09:09:46,,,
C51564,1a516c64-e0c1-41ab-9975-71487d6bd5a6,19,3079O00001C2,-22.8835,-43.32058,2019-01-25 09:10:14,,,
C51564,1a516c64-e0c1-41ab-9975-71487d6bd5a6,20,3079O00002C2,-22.88445,-43.31751,2019-01-25 09:11:01,,,
C51564,1a516c64-e0c1-41ab-9975-71487d6bd5a6,21,3079O00041C2,-22.884744,-43.316116,2019-01-25 09:11:22,,,
C51564,1a516c64-e0c1-41ab-9975-71487d6bd5a6,23,3079O00040C2,-22.88498,-43.31429,2019-01-25 09:11:48,,,
C51564,1a516c64-e0c1-41ab-9975-71487d6bd5a6,24,3079O00042C2,-22.885103,-43.311568,2019-01-25 09:12:27,2019-01-25 10:30:02,77.58333333333333,11.336067714540537
C51564,1a516c64-e0c1-41ab-9975-71487d6bd5a6,25,3069O00057C2,-22.88562,-43.30967,2019-01-25 09:12:57,2019-01-25 10:31:32,78.58333333333333,13.343784433949574
C51564,1a516c64-e0c1-41ab-9975-71487d6bd5a6,26,3069O00058C2,-22.88672,-43.306443,2019-01-25 09:13:46,2019-01-25 10:32:32,78.76666666666667,49.28938343801156
C51564,1a516c64-e0c1-41ab-9975-71487d6bd5a6,27,3069O00003C2,-22.88646,-43.30281,2019-01-25 09:14:40,,,
C51564,1a516c64-e0c1-41ab-9975-71487d6bd5a6,28,3070O00001C2,-22.88548,-43.30031,2019-01-25 09:15:21,2019-01-25 10:35:02,79.68333333333334,10.409581577247629
C51564,1a516c64-e0c1-41ab-9975-71487d6bd5a6,29,3071O00033C2,-22.884601,-43.297845,2019-01-25 09:16:00,2019-01-25 10:36:02,80.03333333333333,136.48460398255747
C51564,1a516c64-e0c1-41ab-9975-71487d6bd5a6,30,3071O00004C2,-22.88341,-43.29648,2019-01-25 09:16:27,2019-01-25 10:37:02,80.58333333333333,33.13333352667846
C51564,1a516c64-e0c1-41ab-9975-71487d6bd5a6,31,3071O00005C2,-22.88182,-43.29431,2019-01-25 09:17:08,,,
C51564,1a516c64-e0c1-41ab-9975-71487d6bd5a6,32,3071O00006C2,-22.8842,-43.29133,2019-01-25 09:18:12,2019-01-25 10:41:02,82.83333333333333,154.99709137347415
C51564,1a516c64-e0c1-41ab-9975-71487d6bd5a6,33,3066O00003C2,-22.885668,-43.290084,2019-01-25 09:18:46,2019-01-25 10:42:02,83.26666666666667,111.61863988007869
C51564,1a516c64-e0c1-41ab-9975-71487d6bd5a6,34,3064O00002C0,-22.88744,-43.2864,2019-01-25 09:19:41,,,
C51564,1a516c64-e0c1-41ab-9975-71487d6bd5a6,35,3065O00001C0,-22.887738,-43.283511,2019-01-25 09:20:17,2019-01-25 10:45:02,84.75,110.94577684115019
C51564,1a516c64-e0c1-41ab-9975-71487d6bd5a6,36,3065O00003C0,-22.887155,-43.280679,2019-01-25 09:21:03,2019-01-25 10:46:02,84.98333333333333,38.72674975235782
C51564,1a516c64-e0c1-41ab-9975-71487d6bd5a6,37,3065O00004C0,-22.88591,-43.27898,2019-01-25 09:21:36,2019-01-25 10:47:02,85.43333333333334,242.55752232731245
C51564,1a516c64-e0c1-41ab-9975-71487d6bd5a6,38,3065O00005C0,-22.88441,-43.27719,2019-01-25 09:22:11,,,
C51564,1a516c64-e0c1-41ab-9975-71487d6bd5a6,39,3053O00006C0,-22.8822,-43.2754,2019-01-25 09:22:54,,,
C51564,1a516c64-e0c1-41ab-9975-71487d6bd5a6,40,3053O00007C0,-22.881083,-43.272751,2019-01-25 09:23:38,2019-01-25 10:49:02,85.4,9.544007614874522
C51564,1a516c64-e0c1-41ab-9975-71487d6bd5a6,41,3053O00008C0,-22.878863,-43.265859,2019-01-25 09:25:24,2019-01-25 10:50:01,84.61666666666666,100.78335400111558
C51564,1a516c64-e0c1-41ab-9975-71487d6bd5a6,42,3052O00001C0,-22.87833,-43.26397,2019-01-25 09:25:56,2019-01-25 10:51:01,85.08333333333333,62.390768241535
C51564,1a516c64-e0c1-41ab-9975-71487d6bd5a6,43,3052O00002C1,-22.878337,-43.261822,2019-01-25 09:26:27,,,
C51564,1a516c64-e0c1-41ab-9975-71487d6bd5a6,44,3052O00003C0,-22.880394,-43.259223,2019-01-25 09:27:22,2019-01-25 10:52:31,85.15,73.64543989830075
C51564,1a516c64-e0c1-41ab-9975-71487d6bd5a6,45,3155O00001C0,-22.882581,-43.254845,2019-01-25 09:28:34,2019-01-25 10:54:01,85.45,6.55678898740259
C51564,1a516c64-e0c1-41ab-9975-71487d6bd5a6,46,3155O00002C0,-22.88517,-43.25266,2019-01-25 09:29:25,2019-01-25 10:55:01,85.6,243.07846295429187
C51564,1a516c64-e0c1-41ab-9975-71487d6bd5a6,47,3155O00003C0,-22.886927,-43.250822,2019-01-25 09:30:03,,,
C51564,1a516c64-e0c1-41ab-9975-71487d6bd5a6,48,1012O00011C0,-22.890046,-43.244457,2019-01-25 09:32:03,2019-01-25 10:58:01,85.96666666666667,232.033030652072
C51564,1a516c64-e0c1-41ab-9975-71487d6bd5a6,49,1012O00012C0,-22.890765,-43.242335,2019-01-25 09:32:34,,,
C51564,1a516c64-e0c1-41ab-9975-71487d6bd5a6,50,1012O00013C0,-22.891768,-43.240794,2019-01-25 09:32:58,,,
C51564,1a516c64-e0c1-41ab-9975-71487d6bd5a6,51,1012O00027C0,-22.89495,-43.24279,2019-01-25 09:34:14,,,
C51564,1a516c64-e0c1-41ab-9975-71487d6bd5a6,52,vphs,-22.897995,-43.241305,2019-01-25 09:35:25,,,
C51564,1a516c64-e0c1-41ab-9975-71487d6bd5a6,53,1011O00001C0,-22.90138,-43.241176,2019-01-25 09:36:25,2019-01-25 11:02:02,85.61666666666666,6.483097335377222
C51564,1a516c64-e0c1-41ab-9975-71487d6bd5a6,54,3057O00006C0,-22.90591,-43.23964,2019-01-25 09:37:38,,,
C51564,1a516c64-e0c1-41ab-9975-71487d6bd5a6,56,1011O00002C0,-22.907884,-43.236917,2019-01-25 09:38:28,2019-01-25 11:04:02,85.56666666666666,98.30359096476191
C51564,1a516c64-e0c1-41ab-9975-71487d6bd5a6,57,2035O00042C0,-22.908756,-43.234655,2019-01-25 09:39:00,,,
C51564,1a516c64-e0c1-41ab-9975-71487d6bd5a6,58,1010O00038C0,-22.908374,-43.231002,2019-01-25 09:39:57,,,
C51564,1a516c64-e0c1-41ab-9975-71487d6bd5a6,59,1010O00077C0,-22.90931,-43.22631,2019-01-25 09:41:18,,,
C51564,1a516c64-e0c1-41ab-9975-71487d6bd5a6,60,1010O00103C0,-22.909238,-43.222916,2019-01-25 09:42:08,,,
C51564,1a516c64-e0c1-41ab-9975-71487d6bd5a6,61,1010O00040C0,-22.906357,-43.220639,2019-01-25 09:43:05,2019-01-25 11:08:02,84.95,107.9550934847185
C51564,1a516c64-e0c1-41ab-9975-71487d6bd5a6,62,1010O00107C0,-22.904907,-43.218901,2019-01-25 09:43:51,2019-01-25 11:09:02,85.18333333333334,154.315273814724
C51564,1a516c64-e0c1-41ab-9975-71487d6bd5a6,63,1010O00079C0,-22.90411,-43.21611,2019-01-25 09:44:36,2019-01-25 11:09:31,84.91666666666667,25.770351969127223
C51564,1a516c64-e0c1-41ab-9975-71487d6bd5a6,64,1010O00080C0,-22.90341,-43.21449,2019-01-25 09:45:02,2019-01-25 11:11:02,86.0,142.53896042571654
C51564,1a516c64-e0c1-41ab-9975-71487d6bd5a6,65,1010O00081C0,-22.902025,-43.210979,2019-01-25 09:45:57,2019-01-25 11:11:32,85.58333333333333,30.97867576696167
C51564,1a516c64-e0c1-41ab-9975-71487d6bd5a6,66,2032O00028C0,-22.908498,-43.209965,2019-01-25 09:47:43,,,
C51564,1a516c64-e0c1-41ab-9975-71487d6bd5a6,67,1008O00022S0,-22.91013,-43.205583,2019-01-25 09:49:17,,,
C51564,1a516c64-e0c1-41ab-9975-71487d6bd5a6,68,1008O00005S0,-22.908619,-43.201048,2019-01-25 09:50:26,2019-01-25 11:16:01,85.58333333333333,8.517558446833023
C51564,1a516c64-e0c1-41ab-9975-71487d6bd5a6,69,1005O00060C0,-22.90623,-43.193405,2019-01-25 09:52:23,2019-01-25 11:21:32,89.15,195.0828069854074
C51564,1a516c64-e0c1-41ab-9975-71487d6bd5a6,70,1005O00359S0,-22.905052,-43.189782,2019-01-25 09:53:18,2019-01-25 11:28:01,94.71666666666667,133.8815270610988
C51564,1a516c64-e0c1-41ab-9975-71487d6bd5a6,71,1005O00375S2,-22.903332,-43.184461,2019-01-25 09:54:39,,,
C51564,1a516c64-e0c1-41ab-9975-71487d6bd5a6,72,1005O00197C0,-22.905593,-43.182786,2019-01-25 09:55:32,,,
C51564,1a516c64-e0c1-41ab-9975-71487d6bd5a6,73,1005O00020S0,-22.90723,-43.18272,2019-01-25 09:56:08,,,
C51564,1a516c64-e0c1-41ab-9975-71487d6bd5a6,74,1005O00232S0,-22.90879,-43.18819,2019-01-25 09:57:31,2019-01-25 11:40:01,102.5,119.52968597005747
C51564,1a516c64-e0c1-41ab-9975-71487d6bd5a6,75,1005O00234C0,-22.908392,-43.189263,2019-01-25 09:57:52,2019-01-25 11:41:01,103.15,8.603211859593234
C51567,1a516c64-e0c1-41ab-9975-71487d6bd5a6,0,4124O00046C0,-22.901318,-43.347259,2019-01-25 08:57:32,2019-01-25 10:06:02,68.5,14.286992689022497
C51567,1a516c64-e0c1-41ab-9975-71487d6bd5a6,1,4124O00031C0,-22.90189,-43.34779,2019-01-25 08:57:43,2019-01-25 10:07:02,69.31666666666666,97.72885373871623
C51567,1a516c64-e0c1-41ab-9975-71487d6bd5a6,2,4124O00058C0,-22.900466,-43.349828,2019-01-25 08:58:23,2019-01-25 10:14:32,76.15,10.462722863555062
C51567,1a516c64-e0c1-41ab-9975-71487d6bd5a6,3,4124O00033C0,-22.89911,-43.35167,2019-01-25 08:58:57,2019-01-25 10:17:02,78.08333333333333,193.27258256869504
C51567,1a516c64-e0c1-41ab-9975-71487d6bd5a6,4,4124O00004C0,-22.898012,-43.352228,2019-01-25 08:59:24,,,
C51567,1a516c64-e0c1-41ab-9975-71487d6bd5a6,5,4124O00006C0,-22.89818,-43.350146,2019-01-25 09:00:08,,,
C51567,1a516c64-e0c1-41ab-9975-71487d6bd5a6,6,4124O00008C0,-22.896967,-43.348397,2019-01-25 09:00:44,,,
C51567,1a516c64-e0c1-41ab-9975-71487d6bd5a6,7,4124O00016C0,-22.8954,-43.34742,2019-01-25 09:01:12,,,
C51567,1a516c64-e0c1-41ab-9975-71487d6bd5a6,8,4124O00017C0,-22.89369,-43.34688,2019-01-25 09:01:40,,,
C51567,1a516c64-e0c1-41ab-9975-71487d6bd5a6,9,4124O00050C0,-22.890381,-43.34553,2019-01-25 09:02:41,,,
C51567,1a516c64-e0c1-41ab-9975-71487d6bd5a6,10,3078O00007C0,-22.88842,-43.34439,2019-01-25 09:03:16,,,
C51567,1a516c64-e0c1-41ab-9975-71487d6bd5a6,11,3078O00008C0,-22.88717,-43.34339,2019-01-25 09:03:40,,,
C51567,1a516c64-e0c1-41ab-9975-71487d6bd5a6,12,3078O00009C0,-22.88579,-43.34209,2019-01-25 09:04:09,,,
C51567,1a516c64-e0c1-41ab-9975-71487d6bd5a6,13,3082O00002C0,-22.88283,-43.34025,2019-01-25 09:05:26,2019-01-25 10:21:02,75.6,58.4948005606613
C51567,1a516c64-e0c1-41ab-9975-71487d6bd5a6,14,3082O00018C0,-22.882534,-43.33687,2019-01-25 09:06:15,,,
C51567,1a516c64-e0c1-41ab-9975-71487d6bd5a6,15,3082O00051C0,-22.882382,-43.333901,2019-01-25 09:06:58,,,
C51567,1a516c64-e0c1-41ab-9975-71487d6bd5a6,16,3082O00019C0,-22.882138,-43.331007,2019-01-25 09:07:46,,,
C51567,1a516c64-e0c1-41ab-9975-71487d6bd5a6,17,3082O00004C1,-22.88256,-43.32373,2019-01-25 09:09:27,2019-01-25 10:27:02,77.58333333333333,94.03674683184826
C51567,1a516c64-e0c1-41ab-9975-71487d6bd5a6,18,3082O00005C2,-22.88284,-43.3224,2019-01-25 09:09:47,,,
C51567,1a516c64-e0c1-41ab-9975-71487d6bd5a6,19,3079O00001C2,-22.8835,-43.32058,2019-01-25 09:10:15,,,
C51567,1a516c64-e0c1-41ab-9975-71487d6bd5a6,20,3079O00002C2,-22.88445,-43.31751,2019-01-25 09:11:02,,,
C51567,1a516c64-e0c1-41ab-9975-71487d6bd5a6,21,3079O00041C2,-22.884744,-43.316116,2019-01-25 09:11:23,2019-01-25 10:30:02,78.65,238.26895077156578
C51567,1a516c64-e0c1-41ab-9975-71487d6bd5a6,23,3079O00040C2,-22.88498,-43.31429,2019-01-25 09:11:49,,,
C51567,1a516c64-e0c1-41ab-9975-71487d6bd5a6,24,3079O00042C2,-22.885103,-43.311568,2019-01-25 09:12:28,2019-01-25 10:31:02,78.56666666666666,131.49741770408326
C51567,1a516c64-e0c1-41ab-9975-71487d6bd5a6,25,3069O00057C2,-22.88562,-43.30967,2019-01-25 09:12:58,2019-01-25 10:31:32,78.56666666666666,58.2002434553121
C51567,1a516c64-e0c1-41ab-9975-71487d6bd5a6,26,3069O00058C2,-22.88672,-43.306443,2019-01-25 09:13:47,2019-01-25 10:33:02,79.25,196.32419983840293
C51567,1a516c64-e0c1-41ab-9975-71487d6bd5a6,27,3069O00003C2,-22.88646,-43.30281,2019-01-25 09:14:41,2019-01-25 10:34:02,79.35,97.7369846381794
C51567,1a516c64-e0c1-41ab-9975-71487d6bd5a6,28,3070O00001C2,-22.88548,-43.30031,2019-01-25 09:15:22,2019-01-25 10:35:02,79.66666666666667,29.721126061375266
C51567,1a516c64-e0c1-41ab-9975-71487d6bd5a6,29,3071O00033C2,-22.884601,-43.297845,2019-01-25 09:16:01,2019-01-25 10:36:02,80.01666666666667,67.36572752555256
C51567,1a516c64-e0c1-41ab-9975-71487d6bd5a6,30,3071O00004C2,-22.88341,-43.29648,2019-01-25 09:16:28,2019-01-25 10:37:02,80.56666666666666,51.38166909996777
C51567,1a516c64-e0c1-41ab-9975-71487d6bd5a6,31,3071O00005C2,-22.88182,-43.29431,2019-01-25 09:17:09,2019-01-25 10:40:02,82.88333333333334,235.42954680972176
C51567,1a516c64-e0c1-41ab-9975-71487d6bd5a6,32,3071O00006C2,-22.8842,-43.29133,2019-01-25 09:18:13,,,
C51567,1a516c64-e0c1-41ab-9975-71487d6bd5a6,33,3066O00003C2,-22.885668,-43.290084,2019-01-25 09:18:47,,,
C51567,1a516c64-e0c1-41ab-9975-71487d6bd5a6,34,3064O00002C0,-22.88744,-43.2864,2019-01-25 09:19:42,,,
C51567,1a516c64-e0c1-41ab-9975-71487d6bd5a6,35,3065O00001C0,-22.887738,-43.283511,2019-01-25 09:20:18,2019-01-25 10:45:02,84.73333333333333,186.1771583639532
C51567,1a516c64-e0c1-41ab-9975-71487d6bd5a6,36,3065O00003C0,-22.887155,-43.280679,2019-01-25 09:21:04,2019-01-25 10:46:02,84.96666666666667,36.40428005525873
C51567,1a516c64-e0c1-41ab-9975-71487d6bd5a6,37,3065O00004C0,-22.88591,-43.27898,2019-01-25 09:21:37,2019-01-25 10:47:02,85.41666666666667,62.94773781379834
C51567,1a516c64-e0c1-41ab-9975-71487d6bd5a6,38,3065O00005C0,-22.88441,-43.27719,2019-01-25 09:22:12,2019-01-25 10:48:02,85.83333333333333,90.8942412898549
C51567,1a516c64-e0c1-41ab-9975-71487d6bd5a6,39,3053O00006C0,-22.8822,-43.2754,2019-01-25 09:22:55,2019-01-25 10:49:02,86.11666666666666,47.26088577349726
C51567,1a516c64-e0c1-41ab-9975-71487d6bd5a6,40,3053O00007C0,-22.881083,-43.272751,2019-01-25 09:23:39,2019-01-25 10:50:02,86.38333333333334,20.136136015151816
C51567,1a516c64-e0c1-41ab-9975-71487d6bd5a6,41,3053O00008C0,-22.878863,-43.265859,2019-01-25 09:25:25,2019-01-25 10:52:02,86.61666666666666,54.73911235451795
C51567,1a516c64-e0c1-41ab-9975-71487d6bd5a6,42,3052O00001C0,-22.87833,-43.26397,2019-01-25 09:25:57,,,
C51567,1a516c64-e0c1-41ab-9975-71487d6bd5a6,43,3052O00002C1,-22.878337,-43.261822,2019-01-25 09:26:28,,,
C51567,1a516c64-e0c1-41ab-9975-71487d6bd5a6,44,3052O00003C0,-22.880394,-43.259223,2019-01-25 09:27:23,2019-01-25 10:53:02,85.65,96.66756066666872
C51567,1a516c64-e0c1-41ab-9975-71487d6bd5a6,45,3155O00001C0,-22.882581,-43.254845,2019-01-25 09:28:35,2019-01-25 10:55:02,86.45,239.98927907540084
C51567,1a516c64-e0c1-41ab-9975-71487d6bd5a6,46,3155O00002C0,-22.88517,-43.25266,2019-01-25 09:29:26,2019-01-25 10:56:02,86.6,162.78539599144918
C51567,1a516c64-e0c1-41ab-9975-71487d6bd5a6,47,3155O00003C0,-22.886927,-43.250822,2019-01-25 09:30:04,,,
C51567,1a516c64-e0c1-41ab-9975-71487d6bd5a6,48,1012O00011C0,-22.890046,-43.244457,2019-01-25 09:32:04,,,
C51567,1a516c64-e0c1-41ab-9975-71487d6bd5a6,49,1012O00012C0,-22.890765,-43.242335,2019-01-25 09:32:35,2019-01-25 10:58:02,85.45,54.95061729468742
C51567,1a516c64-e0c1-41ab-9975-71487d6bd5a6,50,1012O00013C0,-22.891768,-43.240794,2019-01-25 09:32:59,,,
C51567,1a516c64-e0c1-41ab-9975-71487d6bd5a6,51,1012O00027C0,-22.89495,-43.24279,2019-01-25 09:34:15,,,
C51567,1a516c64-e0c1-41ab-9975-71487d6bd5a6,52,vphs,-22.897995,-43.241305,2019-01-25 09:35:26,2019-01-25 11:01:02,85.6,241.0643891506758
C51567,1a516c64-e0c1-41ab-9975-71487d6bd5a6,53,1011O00001C0,-22.90138,-43.241176,2019-01-25 09:36:26,2019-01-25 11:02:02,85.6,83.39720143756286
C51567,1a516c64-e0c1-41ab-9975-71487d6bd5a6,54,3057O00006C0,-22.90591,-43.23964,2019-01-25 09:37:39,,,
C51567,1a516c64-e0c1-41ab-9975-71487d6bd5a6,56,1011O00002C0,-22.907884,-43.236917,2019-01-25 09:38:29,2019-01-25 11:04:02,85.55,18.590230330390273
C51567,1a516c64-e0c1-41ab-9975-71487d6bd5a6,57,2035O00042C0,-22.908756,-43.234655,2019-01-25 09:39:01,,,
C51567,1a516c64-e0c1-41ab-9975-71487d6bd5a6,58,1010O00038C0,-22.908374,-43.231002,2019-01-25 09:39:58,,,
C51567,1a516c64-e0c1-41ab-9975-71487d6bd5a6,59,1010O00077C0,-22.90931,-43.22631,2019-01-25 09:41:19,,,
C51567,1a516c64-e0c1-41ab-9975-71487d6bd5a6,60,1010O00103C0,-22.909238,-43.222916,2019-01-25 09:42:09,,,
C51567,1a516c64-e0c1-41ab-9975-71487d6bd5a6,61,1010O00040C0,-22.906357,-43.220639,2019-01-25 09:43:06,2019-01-25 11:08:02,84.93333333333334,46.43709575448889
C51567,1a516c64-e0c1-41ab-9975-71487d6bd5a6,62,1010O00107C0,-22.904907,-43.218901,2019-01-25 09:43:52,2019-01-25 11:09:02,85.16666666666667,124.79928365852011
C51567,1a516c64-e0c1-41ab-9975-71487d6bd5a6,63,1010O00079C0,-22.90411,-43.21611,2019-01-25 09:44:37,2019-01-25 11:09:32,84.91666666666667,15.497107464748941
C51567,1a516c64-e0c1-41ab-9975-71487d6bd5a6,64,1010O00080C0,-22.90341,-43.21449,2019-01-25 09:45:03,,,
C51567,1a516c64-e0c1-41ab-9975-71487d6bd5a6,65,1010O00081C0,-22.902025,-43.210979,2019-01-25 09:45:58,2019-01-25 11:11:02,85.06666666666666,87.27344945876487
C51567,1a516c64-e0c1-41ab-9975-71487d6bd5a6,66,2032O00028C0,-22.908498,-43.209965,2019-01-25 09:47:44,2019-01-25 11:13:02,85.3,180.19280611250448
C51567,1a516c64-e0c1-41ab-9975-71487d6bd5a6,67,1008O00022S0,-22.91013,-43.205583,2019-01-25 09:49:18,2019-01-25 11:15:02,85.73333333333333,241.77943368785873
C51567,1a516c64-e0c1-41ab-9975-71487d6bd5a6,68,1008O00005S0,-22.908619,-43.201048,2019-01-25 09:50:27,,,
C51567,1a516c64-e0c1-41ab-9975-71487d6bd5a6,69,1005O00060C0,-22.90623,-43.193405,2019-01-25 09:52:24,2019-01-25 11:19:02,86.63333333333334,90.71634218897691
C51567,1a516c64-e0c1-41ab-9975-71487d6bd5a6,70,1005O00359S0,-22.905052,-43.189782,2019-01-25 09:53:19,2019-01-25 11:43:02,109.71666666666667,160.4824965975102
C51567,1a516c64-e0c1-41ab-9975-71487d6bd5a6,71,1005O00375S2,-22.903332,-43.184461,2019-01-25 09:54:40,,,
C51567,1a516c64-e0c1-41ab-9975-71487d6bd5a6,72,1005O00197C0,-22.905593,-43.182786,2019-01-25 09:55:33,,,
C51567,1a516c64-e0c1-41ab-9975-71487d6bd5a6,73,1005O00020S0,-22.90723,-43.18272,2019-01-25 09:56:09,,,
C51567,1a516c64-e0c1-41ab-9975-71487d6bd5a6,74,1005O00232S0,-22.90879,-43.18819,2019-01-25 09:57:32,,,
C51567,1a516c64-e0c1-41ab-9975-71487d6bd5a6,75,1005O00234C0,-22.908392,-43.189263,2019-01-25 09:57:53,,,
C51635,1a516c64-e0c1-41ab-9975-71487d6bd5a6,0,4124O00046C0,-22.901318,-43.347259,2019-01-25 08:57:38,2019-01-25 09:31:38,34.0,9.271166223899161
C51635,1a516c64-e0c1-41ab-9975-71487d6bd5a6,1,4124O00031C0,-22.90189,-43.34779,2019-01-25 08:57:49,2019-01-25 09:32:38,34.81666666666667,92.37262357696117
C51635,1a516c64-e0c1-41ab-9975-71487d6bd5a6,2,4124O00058C0,-22.900466,-43.349828,2019-01-25 08:58:29,2019-01-25 09:38:38,40.15,20.864757977374804
C51635,1a516c64-e0c1-41ab-9975-71487d6bd5a6,3,4124O00033C0,-22.89911,-43.35167,2019-01-25 08:59:03,,,
C51635,1a516c64-e0c1-41ab-9975-71487d6bd5a6,4,4124O00004C0,-22.898012,-43.352228,2019-01-25 08:59:30,,,
C51635,1a516c64-e0c1-41ab-9975-71487d6bd5a6,5,4124O00006C0,-22.89818,-43.350146,2019-01-25 09:00:14,,,
C51635,1a516c64-e0c1-41ab-9975-71487d6bd5a6,6,4124O00008C0,-22.896967,-43.348397,2019-01-25 09:00:50,,,
C51635,1a516c64-e0c1-41ab-9975-71487d6bd5a6,7,4124O00016C0,-22.8954,-43.34742,2019-01-25 09:01:18,,,
C51635,1a516c64-e0c1-41ab-9975-71487d6bd5a6,8,4124O00017C0,-22.89369,-43.34688,2019-01-25 09:01:46,,,
C51635,1a516c64-e0c1-41ab-9975-71487d6bd5a6,9,4124O00050C0,-22.890381,-43.34553,2019-01-25 09:02:47,,,
C51635,1a516c64-e0c1-41ab-9975-71487d6bd5a6,10,3078O00007C0,-22.88842,-43.34439,2019-01-25 09:03:22,,,
C51635,1a516c64-e0c1-41ab-9975-71487d6bd5a6,11,3078O00008C0,-22.88717,-43.34339,2019-01-25 09:03:46,,,
C51635,1a516c64-e0c1-41ab-9975-71487d6bd5a6,12,3078O00009C0,-22.88579,-43.34209,2019-01-25 09:04:15,2019-01-25 09:45:08,40.88333333333333,243.53746599950875
C51635,1a516c64-e0c1-41ab-9975-71487d6bd5a6,13,3082O00002C0,-22.88283,-43.34025,2019-01-25 09:05:32,2019-01-25 09:45:38,40.1,5.354790283115539
C51635,1a516c64-e0c1-41ab-9975-71487d6bd5a6,14,3082O00018C0,-22.882534,-43.33687,2019-01-25 09:06:21,,,
C51635,1a516c64-e0c1-41ab-9975-71487d6bd5a6,15,3082O00051C0,-22.882382,-43.333901,2019-01-25 09:07:04,,,
C51635,1a516c64-e0c1-41ab-9975-71487d6bd5a6,16,3082O00019C0,-22.882138,-43.331007,2019-01-25 09:07:52,2019-01-25 09:48:38,40.766666666666666,232.62099033727375
C51635,1a516c64-e0c1-41ab-9975-71487d6bd5a6,17,3082O00004C1,-22.88256,-43.32373,2019-01-25 09:09:33,2019-01-25 09:50:38,41.083333333333336,135.93954919098786
C51635,1a516c64-e0c1-41ab-9975-71487d6bd5a6,18,3082O00005C2,-22.88284,-43.3224,2019-01-25 09:09:53,2019-01-25 09:51:38,41.75,158.34094811623658
C51635,1a516c64-e0c1-41ab-9975-71487d6bd5a6,19,3079O00001C2,-22.8835,-43.32058,2019-01-25 09:10:21,,,
C51635,1a516c64-e0c1-41ab-9975-71487d6bd5a6,20,3079O00002C2,-22.88445,-43.31751,2019-01-25 09:11:08,,,
C51635,1a516c64-e0c1-41ab-9975-71487d6bd5a6,21,3079O00041C2,-22.884744,-43.316116,2019-01-25 09:11:29,,,
C51635,1a516c64-e0c1-41ab-9975-71487d6bd5a6,23,3079O00040C2,-22.88498,-43.31429,2019-01-25 09:11:55,2019-01-25 09:56:08,44.21666666666667,115.84118946264283
C51635,1a516c64-e0c1-41ab-9975-71487d6bd5a6,24,3079O00042C2,-22.885103,-43.311568,2019-01-25 09:12:34,2019-01-25 09:56:38,44.06666666666667,13.882811455672906
C51635,1a516c64-e0c1-41ab-9975-71487d6bd5a6,25,3069O00057C2,-22.88562,-43.30967,2019-01-25 09:13:04,2019-01-25 09:58:08,45.06666666666667,21.616310387133318
C51635,1a516c64-e0c1-41ab-9975-71487d6bd5a6,26,3069O00058C2,-22.88672,-43.306443,2019-01-25 09:13:53,,,
C51635,1a516c64-e0c1-41ab-9975-71487d6bd5a6,27,3069O00003C2,-22.88646,-43.30281,2019-01-25 09:14:47,2019-01-25 10:00:08,45.35,18.57306754633137
C51635,1a516c64-e0c1-41ab-9975-71487d6bd5a6,28,3070O00001C2,-22.88548,-43.30031,2019-01-25 09:15:28,2019-01-25 10:01:08,45.666666666666664,10.170462353596145
C51635,1a516c64-e0c1-41ab-9975-71487d6bd5a6,29,3071O00033C2,-22.884601,-43.297845,2019-01-25 09:16:07,2019-01-25 10:02:38,46.516666666666666,61.52324775704574
C51635,1a516c64-e0c1-41ab-9975-71487d6bd5a6,30,3071O00004C2,-22.88341,-43.29648,2019-01-25 09:16:34,,,
C51635,1a516c64-e0c1-41ab-9975-71487d6bd5a6,31,3071O00005C2,-22.88182,-43.29431,2019-01-25 09:17:15,,,
C51635,1a516c64-e0c1-41ab-9975-71487d6bd5a6,32,3071O00006C2,-22.8842,-43.29133,2019-01-25 09:18:19,2019-01-25 10:05:08,46.81666666666667,123.0253175989468
C51635,1a516c64-e0c1-41ab-9975-71487d6bd5a6,33,3066O00003C2,-22.885668,-43.290084,2019-01-25 09:18:53,2019-01-25 10:06:08,47.25,126.21034728186632
C51635,1a516c64-e0c1-41ab-9975-71487d6bd5a6,34,3064O00002C0,-22.88744,-43.2864,2019-01-25 09:19:48,2019-01-25 10:07:08,47.333333333333336,151.503509899862
C51635,1a516c64-e0c1-41ab-9975-71487d6bd5a6,35,3065O00001C0,-22.887738,-43.283511,2019-01-25 09:20:24,2019-01-25 10:09:08,48.733333333333334,32.01751625132538
C51635,1a516c64-e0c1-41ab-9975-71487d6bd5a6,36,3065O00003C0,-22.887155,-43.280679,2019-01-25 09:21:10,2019-01-25 10:10:08,48.96666666666667,34.355929551723946
C51635,1a516c64-e0c1-41ab-9975-71487d6bd5a6,37,3065O00004C0,-22.88591,-43.27898,2019-01-25 09:21:43,2019-01-25 10:10:38,48.916666666666664,67.08964243041882
C51635,1a516c64-e0c1-41ab-9975-71487d6bd5a6,38,3065O00005C0,-22.88441,-43.27719,2019-01-25 09:22:18,2019-01-25 10:11:38,49.333333333333336,131.54657451190218
C51635,1a516c64-e0c1-41ab-9975-71487d6bd5a6,39,3053O00006C0,-22.8822,-43.2754,2019-01-25 09:23:01,2019-01-25 10:12:38,49.61666666666667,54.02702142404166
C51635,1a516c64-e0c1-41ab-9975-71487d6bd5a6,40,3053O00007C0,-22.881083,-43.272751,2019-01-25 09:23:45,,,
C51635,1a516c64-e0c1-41ab-9975-71487d6bd5a6,41,3053O00008C0,-22.878863,-43.265859,2019-01-25 09:25:31,2019-01-25 10:14:38,49.11666666666667,9.291957338983195
C51635,1a516c64-e0c1-41ab-9975-71487d6bd5a6,42,3052O00001C0,-22.87833,-43.26397,2019-01-25 09:26:03,,,
C51635,1a516c64-e0c1-41ab-9975-71487d6bd5a6,43,3052O00002C1,-22.878337,-43.261822,2019-01-25 09:26:34,,,
C51635,1a516c64-e0c1-41ab-9975-71487d6bd5a6,44,3052O00003C0,-22.880394,-43.259223,2019-01-25 09:27:29,,,
C51635,1a516c64-e0c1-41ab-9975-71487d6bd5a6,45,3155O00001C0,-22.882581,-43.254845,2019-01-25 09:28:41,2019-01-25 10:18:08,49.45,72.89145637156587
C51635,1a516c64-e0c1-41ab-9975-71487d6bd5a6,46,3155O00002C0,-22.88517,-43.25266,2019-01-25 09:29:32,2019-01-25 10:18:38,49.1,49.46279642707403
C51635,1a516c64-e0c1-41ab-9975-71487d6bd5a6,47,3155O00003C0,-22.886927,-43.250822,2019-01-25 09:30:10,2019-01-25 10:19:38,49.46666666666667,156.17800355459482
C51635,1a516c64-e0c1-41ab-9975-71487d6bd5a6,48,1012O00011C0,-22.890046,-43.244457,2019-01-25 09:32:10,2019-01-25 10:21:08,48.96666666666667,22.262027164838706
C51635,1a516c64-e0c1-41ab-9975-71487d6bd5a6,49,1012O00012C0,-22.890765,-43.242335,2019-01-25 09:32:41,,,
C51635,1a516c64-e0c1-41ab-9975-71487d6bd5a6,50,1012O00013C0,-22.891768,-43.240794,2019-01-25 09:33:05,,,
C51635,1a516c64-e0c1-41ab-9975-71487d6bd5a6,51,1012O00027C0,-22.89495,-43.24279,2019-01-25 09:34:21,,,
C51635,1a516c64-e0c1-41ab-9975-71487d6bd5a6,52,vphs,-22.897995,-43.241305,2019-01-25 09:35:32,2019-01-25 11:28:09,112.61666666666666,235.5030529033017
C51635,1a516c64-e0c1-41ab-9975-71487d6bd5a6,53,1011O00001C0,-22.90138,-43.241176,2019-01-25 09:36:32,,,
C51635,1a516c64-e0c1-41ab-9975-71487d6bd5a6,54,3057O00006C0,-22.90591,-43.23964,2019-01-25 09:37:45,,,
C51635,1a516c64-e0c1-41ab-9975-71487d6bd5a6,56,1011O00002C0,-22.907884,-43.236917,2019-01-25 09:38:35,,,
C51635,1a516c64-e0c1-41ab-9975-71487d6bd5a6,57,2035O00042C0,-22.908756,-43.234655,2019-01-25 09:39:07,,,
C51635,1a516c64-e0c1-41ab-9975-71487d6bd5a6,58,1010O00038C0,-22.908374,-43.231002,2019-01-25 09:40:04,,,
C51635,1a516c64-e0c1-41ab-9975-71487d6bd5a6,59,1010O00077C0,-22.90931,-43.22631,2019-01-25 09:41:25,,,
C51635,1a516c64-e0c1-41ab-9975-71487d6bd5a6,60,1010O00103C0,-22.909238,-43.222916,2019-01-25 09:42:15,,,
C51635,1a516c64-e0c1-41ab-9975-71487d6bd5a6,61,1010O00040C0,-22.906357,-43.220639,2019-01-25 09:43:12,,,
C51635,1a516c64-e0c1-41ab-9975-71487d6bd5a6,62,1010O00107C0,-22.904907,-43.218901,2019-01-25 09:43:58,,,
C51635,1a516c64-e0c1-41ab-9975-71487d6bd5a6,63,1010O00079C0,-22.90411,-43.21611,2019-01-25 09:44:43,,,
C51635,1a516c64-e0c1-41ab-9975-71487d6bd5a6,64,1010O00080C0,-22.90341,-43.21449,2019-01-25 09:45:09,,,
C51635,1a516c64-e0c1-41ab-9975-71487d6bd5a6,65,1010O00081C0,-22.902025,-43.210979,2019-01-25 09:46:04,,,
C51635,1a516c64-e0c1-41ab-9975-71487d6bd5a6,66,2032O00028C0,-22.908498,-43.209965,2019-01-25 09:47:50,,,
C51635,1a516c64-e0c1-41ab-9975-71487d6bd5a6,67,1008O00022S0,-22.91013,-43.205583,2019-01-25 09:49:24,,,
C51635,1a516c64-e0c1-41ab-9975-71487d6bd5a6,68,1008O00005S0,-22.908619,-43.201048,2019-01-25 09:50:33,,,
C51635,1a516c64-e0c1-41ab-9975-71487d6bd5a6,69,1005O00060C0,-22.90623,-43.193405,2019-01-25 09:52:30,,,
C51635,1a516c64-e0c1-41ab-9975-71487d6bd5a6,70,1005O00359S0,-22.905052,-43.189782,2019-01-25 09:53:25,,,
C51635,1a516c64-e0c1-41ab-9975-71487d6bd5a6,71,1005O00375S2,-22.903332,-43.184461,2019-01-25 09:54:46,,,
C51635,1a516c64-e0c1-41ab-9975-71487d6bd5a6,72,1005O00197C0,-22.905593,-43.182786,2019-01-25 09:55:39,,,
C51635,1a516c64-e0c1-41ab-9975-71487d6bd5a6,73,1005O00020S0,-22.90723,-43.18272,2019-01-25 09:56:15,,,
C51635,1a516c64-e0c1-41ab-9975-71487d6bd5a6,74,1005O00232S0,-22.90879,-43.18819,2019-01-25 09:57:38,,,
C51635,1a516c64-e0c1-41ab-9975-71487d6bd5a6,75,1005O00234C0,-22.908392,-43.189263,2019-01-25 09:57:59,,,
C51633,1a516c64-e0c1-41ab-9975-71487d6bd5a6,0,4124O00046C0,-22.901318,-43.347259,2019-01-25 08:57:36,2019-01-25 09:10:36,13.0,89.01738215894335
C51633,1a516c64-e0c1-41ab-9975-71487d6bd5a6,1,4124O00031C0,-22.90189,-43.34779,2019-01-25 08:57:47,2019-01-25 09:11:36,13.816666666666666,172.6954023826928
C51633,1a516c64-e0c1-41ab-9975-71487d6bd5a6,2,4124O00058C0,-22.900466,-43.349828,2019-01-25 08:58:27,2019-01-25 09:26:06,27.65,248.99923011364348
C51633,1a516c64-e0c1-41ab-9975-71487d6bd5a6,3,4124O00033C0,-22.89911,-43.35167,2019-01-25 08:59:01,,,
C51633,1a516c64-e0c1-41ab-9975-71487d6bd5a6,4,4124O00004C0,-22.898012,-43.352228,2019-01-25 08:59:28,,,
C51633,1a516c64-e0c1-41ab-9975-71487d6bd5a6,5,4124O00006C0,-22.89818,-43.350146,2019-01-25 09:00:12,,,
C51633,1a516c64-e0c1-41ab-9975-71487d6bd5a6,6,4124O00008C0,-22.896967,-43.348397,2019-01-25 09:00:48,,,
C51633,1a516c64-e0c1-41ab-9975-71487d6bd5a6,7,4124O00016C0,-22.8954,-43.34742,2019-01-25 09:01:16,,,
C51633,1a516c64-e0c1-41ab-9975-71487d6bd5a6,8,4124O00017C0,-22.89369,-43.34688,2019-01-25 09:01:44,,,
C51633,1a516c64-e0c1-41ab-9975-71487d6bd5a6,9,4124O00050C0,-22.890381,-43.34553,2019-01-25 09:02:45,,,
C51633,1a516c64-e0c1-41ab-9975-71487d6bd5a6,10,3078O00007C0,-22.88842,-43.34439,2019-01-25 09:03:20,,,
C51633,1a516c64-e0c1-41ab-9975-71487d6bd5a6,11,3078O00008C0,-22.88717,-43.34339,2019-01-25 09:03:44,,,
C51633,1a516c64-e0c1-41ab-9975-71487d6bd5a6,12,3078O00009C0,-22.88579,-43.34209,2019-01-25 09:04:13,,,
C51633,1a516c64-e0c1-41ab-9975-71487d6bd5a6,13,3082O00002C0,-22.88283,-43.34025,2019-01-25 09:05:30,2019-01-25 09:30:06,24.6,6.303721512326443
C51633,1a516c64-e0c1-41ab-9975-71487d6bd5a6,14,3082O00018C0,-22.882534,-43.33687,2019-01-25 09:06:19,,,
C51633,1a516c64-e0c1-41ab-9975-71487d6bd5a6,15,3082O00051C0,-22.882382,-43.333901,2019-01-25 09:07:02,,,
C51633,1a516c64-e0c1-41ab-9975-71487d6bd5a6,16,3082O00019C0,-22.882138,-43.331007,2019-01-25 09:07:50,,,
C51633,1a516c64-e0c1-41ab-9975-71487d6bd5a6,17,3082O00004C1,-22.88256,-43.32373,2019-01-25 09:09:31,,,
C51633,1a516c64-e0c1-41ab-9975-71487d6bd5a6,18,3082O00005C2,-22.88284,-43.3224,2019-01-25 09:09:51,2019-01-25 09:37:36,27.75,126.51818343109693
C51633,1a516c64-e0c1-41ab-9975-71487d6bd5a6,19,3079O00001C2,-22.8835,-43.32058,2019-01-25 09:10:19,,,
C51633,1a516c64-e0c1-41ab-9975-71487d6bd5a6,20,3079O00002C2,-22.88445,-43.31751,2019-01-25 09:11:06,,,
C51633,1a516c64-e0c1-41ab-9975-71487d6bd5a6,21,3079O00041C2,-22.884744,-43.316116,2019-01-25 09:11:27,,,
C51633,1a516c64-e0c1-41ab-9975-71487d6bd5a6,23,3079O00040C2,-22.88498,-43.31429,2019-01-25 09:11:53,,,
C51633,1a516c64-e0c1-41ab-9975-71487d6bd5a6,24,3079O00042C2,-22.885103,-43.311568,2019-01-25 09:12:32,2019-01-25 09:41:36,29.066666666666666,195.27588918785895
C51633,1a516c64-e0c1-41ab-9975-71487d6bd5a6,25,3069O00057C2,-22.88562,-43.30967,2019-01-25 09:13:02,,,
C51633,1a516c64-e0c1-41ab-9975-71487d6bd5a6,26,3069O00058C2,-22.88672,-43.306443,2019-01-25 09:13:51,2019-01-25 09:42:36,28.75,81.46594144881234
C51633,1a516c64-e0c1-41ab-9975-71487d6bd5a6,27,3069O00003C2,-22.88646,-43.30281,2019-01-25 09:14:45,,,
C51633,1a516c64-e0c1-41ab-9975-71487d6bd5a6,28,3070O00001C2,-22.88548,-43.30031,2019-01-25 09:15:26,2019-01-25 09:44:06,28.666666666666668,85.38249627690982
C51633,1a516c64-e0c1-41ab-9975-71487d6bd5a6,29,3071O00033C2,-22.884601,-43.297845,2019-01-25 09:16:05,2019-01-25 09:45:06,29.016666666666666,99.29297301551625
C51633,1a516c64-e0c1-41ab-9975-71487d6bd5a6,30,3071O00004C2,-22.88341,-43.29648,2019-01-25 09:16:32,,,
C51633,1a516c64-e0c1-41ab-9975-71487d6bd5a6,31,3071O00005C2,-22.88182,-43.29431,2019-01-25 09:17:13,,,
C51633,1a516c64-e0c1-41ab-9975-71487d6bd5a6,32,3071O00006C2,-22.8842,-43.29133,2019-01-25 09:18:17,2019-01-25 09:47:06,28.816666666666666,181.44145212832868
C51633,1a516c64-e0c1-41ab-9975-71487d6bd5a6,33,3066O00003C2,-22.885668,-43.290084,2019-01-25 09:18:51,,,
C51633,1a516c64-e0c1-41ab-9975-71487d6bd5a6,34,3064O00002C0,-22.88744,-43.2864,2019-01-25 09:19:46,,,
C51633,1a516c64-e0c1-41ab-9975-71487d6bd5a6,35,3065O00001C0,-22.887738,-43.283511,2019-01-25 09:20:22,2019-01-25 11:20:06,119.73333333333333,84.66146709939534
C51633,1a516c64-e0c1-41ab-9975-71487d6bd5a6,36,3065O00003C0,-22.887155,-43.280679,2019-01-25 09:21:08,,,
C51633,1a516c64-e0c1-41ab-9975-71487d6bd5a6,37,3065O00004C0,-22.88591,-43.27898,2019-01-25 09:21:41,,,
C51633,1a516c64-e0c1-41ab-9975-71487d6bd5a6,38,3065O00005C0,-22.88441,-43.27719,2019-01-25 09:22:16,,,
C51633,1a516c64-e0c1-41ab-9975-71487d6bd5a6,39,3053O00006C0,-22.8822,-43.2754,2019-01-25 09:22:59,,,
C51633,1a516c64-e0c1-41ab-9975-71487d6bd5a6,40,3053O00007C0,-22.881083,-43.272751,2019-01-25 09:23:43,,,
C51633,1a516c64-e0c1-41ab-9975-71487d6bd5a6,41,3053O00008C0,-22.878863,-43.265859,2019-01-25 09:25:29,,,
C51633,1a516c64-e0c1-41ab-9975-71487d6bd5a6,42,3052O00001C0,-22.87833,-43.26397,2019-01-25 09:26:01,,,
C51633,1a516c64-e0c1-41ab-9975-71487d6bd5a6,43,3052O00002C1,-22.878337,-43.261822,2019-01-25 09:26:32,,,
C51633,1a516c64-e0c1-41ab-9975-71487d6bd5a6,44,3052O00003C0,-22.880394,-43.259223,2019-01-25 09:27:27,,,
C51633,1a516c64-e0c1-41ab-9975-71487d6bd5a6,45,3155O00001C0,-22.882581,-43.254845,2019-01-25 09:28:39,,,
C51633,1a516c64-e0c1-41ab-9975-71487d6bd5a6,46,3155O00002C0,-22.88517,-43.25266,2019-01-25 09:29:30,,,
C51633,1a516c64-e0c1-41ab-9975-71487d6bd5a6,47,3155O00003C0,-22.886927,-43.250822,2019-01-25 09:30:08,,,
C51633,1a516c64-e0c1-41ab-9975-71487d6bd5a6,48,1012O00011C0,-22.890046,-43.244457,2019-01-25 09:32:08,,,
C51633,1a516c64-e0c1-41ab-9975-71487d6bd5a6,49,1012O00012C0,-22.890765,-43.242335,2019-01-25 09:32:39,,,
C51633,1a516c64-e0c1-41ab-9975-71487d6bd5a6,50,1012O00013C0,-22.891768,-43.240794,2019-01-25 09:33:03,,,
C51633,1a516c64-e0c1-41ab-9975-71487d6bd5a6,51,1012O00027C0,-22.89495,-43.24279,2019-01-25 09:34:19,,,
C51633,1a516c64-e0c1-41ab-9975-71487d6bd5a6,52,vphs,-22.897995,-43.241305,2019-01-25 09:35:30,,,
C51633,1a516c64-e0c1-41ab-9975-71487d6bd5a6,53,1011O00001C0,-22.90138,-43.241176,2019-01-25 09:36:30,,,
C51633,1a516c64-e0c1-41ab-9975-71487d6bd5a6,54,3057O00006C0,-22.90591,-43.23964,2019-01-25 09:37:43,,,
C51633,1a516c64-e0c1-41ab-9975-71487d6bd5a6,56,1011O00002C0,-22.907884,-43.236917,2019-01-25 09:38:33,,,
C51633,1a516c64-e0c1-41ab-9975-71487d6bd5a6,57,2035O00042C0,-22.908756,-43.234655,2019-01-25 09:39:05,,,
C51633,1a516c64-e0c1-41ab-9975-71487d6bd5a6,58,1010O00038C0,-22.908374,-43.231002,2019-01-25 09:40:02,,,
C51633,1a516c64-e0c1-41ab-9975-71487d6bd5a6,59,1010O00077C0,-22.90931,-43.22631,2019-01-25 09:41:23,,,
C51633,1a516c64-e0c1-41ab-9975-71487d6bd5a6,60,1010O00103C0,-22.909238,-43.222916,2019-01-25 09:42:13,,,
C51633,1a516c64-e0c1-41ab-9975-71487d6bd5a6,61,1010O00040C0,-22.906357,-43.220639,2019-01-25 09:43:10,,,
C51633,1a516c64-e0c1-41ab-9975-71487d6bd5a6,62,1010O00107C0,-22.904907,-43.218901,2019-01-25 09:43:56,,,
C51633,1a516c64-e0c1-41ab-9975-71487d6bd5a6,63,1010O00079C0,-22.90411,-43.21611,2019-01-25 09:44:41,,,
C51633,1a516c64-e0c1-41ab-9975-71487d6bd5a6,64,1010O00080C0,-22.90341,-43.21449,2019-01-25 09:45:07,,,
C51633,1a516c64-e0c1-41ab-9975-71487d6bd5a6,65,1010O00081C0,-22.902025,-43.210979,2019-01-25 09:46:02,,,
C51633,1a516c64-e0c1-41ab-9975-71487d6bd5a6,66,2032O00028C0,-22.908498,-43.209965,2019-01-25 09:47:48,,,
C51633,1a516c64-e0c1-41ab-9975-71487d6bd5a6,67,1008O00022S0,-22.91013,-43.205583,2019-01-25 09:49:22,,,
C51633,1a516c64-e0c1-41ab-9975-71487d6bd5a6,68,1008O00005S0,-22.908619,-43.201048,2019-01-25 09:50:31,,,
C51633,1a516c64-e0c1-41ab-9975-71487d6bd5a6,69,1005O00060C0,-22.90623,-43.193405,2019-01-25 09:52:28,,,
C51633,1a516c64-e0c1-41ab-9975-71487d6bd5a6,70,1005O00359S0,-22.905052,-43.189782,2019-01-25 09:53:23,,,
C51633,1a516c64-e0c1-41ab-9975-71487d6bd5a6,71,1005O00375S2,-22.903332,-43.184461,2019-01-25 09:54:44,,,
C51633,1a516c64-e0c1-41ab-9975-71487d6bd5a6,72,1005O00197C0,-22.905593,-43.182786,2019-01-25 09:55:37,,,
C51633,1a516c64-e0c1-41ab-9975-71487d6bd5a6,73,1005O00020S0,-22.90723,-43.18272,2019-01-25 09:56:13,,,
C51633,1a516c64-e0c1-41ab-9975-71487d6bd5a6,74,1005O00232S0,-22.90879,-43.18819,2019-01-25 09:57:36,,,
C51633,1a516c64-e0c1-41ab-9975-71487d6bd5a6,75,1005O00234C0,-22.908392,-43.189263,2019-01-25 09:57:57,,,
C51558,1a516c64-e0c1-41ab-9975-71487d6bd5a6,0,4124O00046C0,-22.901318,-43.347259,2019-01-25 08:57:31,2019-01-25 09:37:31,40.0,12.017697206032906
C51558,1a516c64-e0c1-41ab-9975-71487d6bd5a6,1,4124O00031C0,-22.90189,-43.34779,2019-01-25 08:57:42,2019-01-25 09:42:01,44.31666666666667,84.65004787580777
C51558,1a516c64-e0c1-41ab-9975-71487d6bd5a6,2,4124O00058C0,-22.900466,-43.349828,2019-01-25 08:58:22,,,
C51558,1a516c64-e0c1-41ab-9975-71487d6bd5a6,3,4124O00033C0,-22.89911,-43.35167,2019-01-25 08:58:56,,,
C51558,1a516c64-e0c1-41ab-9975-71487d6bd5a6,4,4124O00004C0,-22.898012,-43.352228,2019-01-25 08:59:23,,,
C51558,1a516c64-e0c1-41ab-9975-71487d6bd5a6,5,4124O00006C0,-22.89818,-43.350146,2019-01-25 09:00:07,,,
C51558,1a516c64-e0c1-41ab-9975-71487d6bd5a6,6,4124O00008C0,-22.896967,-43.348397,2019-01-25 09:00:43,,,
C51558,1a516c64-e0c1-41ab-9975-71487d6bd5a6,7,4124O00016C0,-22.8954,-43.34742,2019-01-25 09:01:11,,,
C51558,1a516c64-e0c1-41ab-9975-71487d6bd5a6,8,4124O00017C0,-22.89369,-43.34688,2019-01-25 09:01:39,,,
C51558,1a516c64-e0c1-41ab-9975-71487d6bd5a6,9,4124O00050C0,-22.890381,-43.34553,2019-01-25 09:02:40,,,
C51558,1a516c64-e0c1-41ab-9975-71487d6bd5a6,10,3078O00007C0,-22.88842,-43.34439,2019-01-25 09:03:15,,,
C51558,1a516c64-e0c1-41ab-9975-71487d6bd5a6,11,3078O00008C0,-22.88717,-43.34339,2019-01-25 09:03:39,,,
C51558,1a516c64-e0c1-41ab-9975-71487d6bd5a6,12,3078O00009C0,-22.88579,-43.34209,2019-01-25 09:04:08,2019-01-25 09:54:01,49.88333333333333,220.80621167424695
C51558,1a516c64-e0c1-41ab-9975-71487d6bd5a6,13,3082O00002C0,-22.88283,-43.34025,2019-01-25 09:05:25,,,
C51558,1a516c64-e0c1-41ab-9975-71487d6bd5a6,14,3082O00018C0,-22.882534,-43.33687,2019-01-25 09:06:14,,,
C51558,1a516c64-e0c1-41ab-9975-71487d6bd5a6,15,3082O00051C0,-22.882382,-43.333901,2019-01-25 09:06:57,,,
C51558,1a516c64-e0c1-41ab-9975-71487d6bd5a6,16,3082O00019C0,-22.882138,-43.331007,2019-01-25 09:07:45,,,
C51558,1a516c64-e0c1-41ab-9975-71487d6bd5a6,17,3082O00004C1,-22.88256,-43.32373,2019-01-25 09:09:26,,,
C51558,1a516c64-e0c1-41ab-9975-71487d6bd5a6,18,3082O00005C2,-22.88284,-43.3224,2019-01-25 09:09:46,,,
C51558,1a516c64-e0c1-41ab-9975-71487d6bd5a6,19,3079O00001C2,-22.8835,-43.32058,2019-01-25 09:10:14,,,
C51558,1a516c64-e0c1-41ab-9975-71487d6bd5a6,20,3079O00002C2,-22.88445,-43.31751,2019-01-25 09:11:01,,,
C51558,1a516c64-e0c1-41ab-9975-71487d6bd5a6,21,3079O00041C2,-22.884744,-43.316116,2019-01-25 09:11:22,2019-01-25 10:06:01,54.65,155.79480035476698
C51558,1a516c64-e0c1-41ab-9975-71487d6bd5a6,23,3079O00040C2,-22.88498,-43.31429,2019-01-25 09:11:48,2019-01-25 10:07:01,55.21666666666667,129.31196727121684
C51558,1a516c64-e0c1-41ab-9975-71487d6bd5a6,24,3079O00042C2,-22.885103,-43.311568,2019-01-25 09:12:27,,,
C51558,1a516c64-e0c1-41ab-9975-71487d6bd5a6,25,3069O00057C2,-22.88562,-43.30967,2019-01-25 09:12:57,,,
C51558,1a516c64-e0c1-41ab-9975-71487d6bd5a6,26,3069O00058C2,-22.88672,-43.306443,2019-01-25 09:13:46,,,
C51558,1a516c64-e0c1-41ab-9975-71487d6bd5a6,27,3069O00003C2,-22.88646,-43.30281,2019-01-25 09:14:40,2019-01-25 10:11:31,56.85,11.176444886416995
C51558,1a516c64-e0c1-41ab-9975-71487d6bd5a6,28,3070O00001C2,-22.88548,-43.30031,2019-01-25 09:15:21,2019-01-25 10:13:01,57.666666666666664,44.81700458724521
C51558,1a516c64-e0c1-41ab-9975-71487d6bd5a6,29,3071O00033C2,-22.884601,-43.297845,2019-01-25 09:16:00,2019-01-25 10:13:31,57.516666666666666,203.05384157589052
C51558,1a516c64-e0c1-41ab-9975-71487d6bd5a6,30,3071O00004C2,-22.88341,-43.29648,2019-01-25 09:16:27,,,
C51558,1a516c64-e0c1-41ab-9975-71487d6bd5a6,31,3071O00005C2,-22.88182,-43.29431,2019-01-25 09:17:08,,,
C51558,1a516c64-e0c1-41ab-9975-71487d6bd5a6,32,3071O00006C2,-22.8842,-43.29133,2019-01-25 09:18:12,2019-01-25 10:18:01,59.81666666666667,14.127080844826155
C51558,1a516c64-e0c1-41ab-9975-71487d6bd5a6,33,3066O00003C2,-22.885668,-43.290084,2019-01-25 09:18:46,,,
C51558,1a516c64-e0c1-41ab-9975-71487d6bd5a6,34,3064O00002C0,-22.88744,-43.2864,2019-01-25 09:19:41,2019-01-25 10:20:01,60.333333333333336,243.40817757703306
C51558,1a516c64-e0c1-41ab-9975-71487d6bd5a6,35,3065O00001C0,-22.887738,-43.283511,2019-01-25 09:20:17,,,
C51558,1a516c64-e0c1-41ab-9975-71487d6bd5a6,36,3065O00003C0,-22.887155,-43.280679,2019-01-25 09:21:03,2019-01-25 10:22:01,60.96666666666667,11.74436243803397
C51558,1a516c64-e0c1-41ab-9975-71487d6bd5a6,37,3065O00004C0,-22.88591,-43.27898,2019-01-25 09:21:36,2019-01-25 10:23:01,61.416666666666664,153.98757323434953
C51558,1a516c64-e0c1-41ab-9975-71487d6bd5a6,38,3065O00005C0,-22.88441,-43.27719,2019-01-25 09:22:11,,,
C51558,1a516c64-e0c1-41ab-9975-71487d6bd5a6,39,3053O00006C0,-22.8822,-43.2754,2019-01-25 09:22:54,2019-01-25 10:25:01,62.11666666666667,31.110985215898012
C51558,1a516c64-e0c1-41ab-9975-71487d6bd5a6,40,3053O00007C0,-22.881083,-43.272751,2019-01-25 09:23:38,2019-01-25 10:26:01,62.38333333333333,7.826429177099873
C51558,1a516c64-e0c1-41ab-9975-71487d6bd5a6,41,3053O00008C0,-22.878863,-43.265859,2019-01-25 09:25:24,,,
C51558,1a516c64-e0c1-41ab-9975-71487d6bd5a6,42,3052O00001C0,-22.87833,-43.26397,2019-01-25 09:25:56,,,
C51558,1a516c64-e0c1-41ab-9975-71487d6bd5a6,43,3052O00002C1,-22.878337,-43.261822,2019-01-25 09:26:27,2019-01-25 10:30:01,63.56666666666667,138.56029496957103
C51558,1a516c64-e0c1-41ab-9975-71487d6bd5a6,44,3052O00003C0,-22.880394,-43.259223,2019-01-25 09:27:22,,,
C51558,1a516c64-e0c1-41ab-9975-71487d6bd5a6,45,3155O00001C0,-22.882581,-43.254845,2019-01-25 09:28:34,2019-01-25 10:33:01,64.45,7.888994298730474
C51558,1a516c64-e0c1-41ab-9975-71487d6bd5a6,46,3155O00002C0,-22.88517,-43.25266,2019-01-25 09:29:25,2019-01-25 10:35:01,65.6,198.315543957344
C51558,1a516c64-e0c1-41ab-9975-71487d6bd5a6,47,3155O00003C0,-22.886927,-43.250822,2019-01-25 09:30:03,,,
C51558,1a516c64-e0c1-41ab-9975-71487d6bd5a6,48,1012O00011C0,-22.890046,-43.244457,2019-01-25 09:32:03,,,
C51558,1a516c64-e0c1-41ab-9975-71487d6bd5a6,49,1012O00012C0,-22.890765,-43.242335,2019-01-25 09:32:34,,,
C51558,1a516c64-e0c1-41ab-9975-71487d6bd5a6,50,1012O00013C0,-22.891768,-43.240794,2019-01-25 09:32:58,,,
C51558,1a516c64-e0c1-41ab-9975-71487d6bd5a6,51,1012O00027C0,-22.89495,-43.24279,2019-01-25 09:34:14,,,
C51558,1a516c64-e0c1-41ab-9975-71487d6bd5a6,52,vphs,-22.897995,-43.241305,2019-01-25 09:35:25,,,
C51558,1a516c64-e0c1-41ab-9975-71487d6bd5a6,53,1011O00001C0,-22.90138,-43.241176,2019-01-25 09:36:25,2019-01-25 10:41:01,64.6,83.16722589692223
C51558,1a516c64-e0c1-41ab-9975-71487d6bd5a6,54,3057O00006C0,-22.90591,-43.23964,2019-01-25 09:37:38,,,
C51558,1a516c64-e0c1-41ab-9975-71487d6bd5a6,56,1011O00002C0,-22.907884,-43.236917,2019-01-25 09:38:28,,,
C51558,1a516c64-e0c1-41ab-9975-71487d6bd5a6,57,2035O00042C0,-22.908756,-43.234655,2019-01-25 09:39:00,,,
C51558,1a516c64-e0c1-41ab-9975-71487d6bd5a6,58,1010O00038C0,-22.908374,-43.231002,2019-01-25 09:39:57,2019-01-25 10:45:01,65.06666666666666,195.80659044991464
C51558,1a516c64-e0c1-41ab-9975-71487d6bd5a6,59,1010O00077C0,-22.90931,-43.22631,2019-01-25 09:41:18,2019-01-25 11:36:01,114.71666666666667,75.84724590668739
C51558,1a516c64-e0c1-41ab-9975-71487d6bd5a6,60,1010O00103C0,-22.909238,-43.222916,2019-01-25 09:42:08,,,
C51558,1a516c64-e0c1-41ab-9975-71487d6bd5a6,61,1010O00040C0,-22.906357,-43.220639,2019-01-25 09:43:05,,,
C51558,1a516c64-e0c1-41ab-9975-71487d6bd5a6,62,1010O00107C0,-22.904907,-43.218901,2019-01-25 09:43:51,,,
C51558,1a516c64-e0c1-41ab-9975-71487d6bd5a6,63,1010O00079C0,-22.90411,-43.21611,2019-01-25 09:44:36,,,
C51558,1a516c64-e0c1-41ab-9975-71487d6bd5a6,64,1010O00080C0,-22.90341,-43.21449,2019-01-25 09:45:02,,,
C51558,1a516c64-e0c1-41ab-9975-71487d6bd5a6,65,1010O00081C0,-22.902025,-43.210979,2019-01-25 09:45:57,,,
C51558,1a516c64-e0c1-41ab-9975-71487d6bd5a6,66,2032O00028C0,-22.908498,-43.209965,2019-01-25 09:47:43,,,
C51558,1a516c64-e0c1-41ab-9975-71487d6bd5a6,67,1008O00022S0,-22.91013,-43.205583,2019-01-25 09:49:17,,,
C51558,1a516c64-e0c1-41ab-9975-71487d6bd5a6,68,1008O00005S0,-22.908619,-43.201048,2019-01-25 09:50:26,,,
C51558,1a516c64-e0c1-41ab-9975-71487d6bd5a6,69,1005O00060C0,-22.90623,-43.193405,2019-01-25 09:52:23,,,
C51558,1a516c64-e0c1-41ab-9975-71487d6bd5a6,70,1005O00359S0,-22.905052,-43.189782,2019-01-25 09:53:18,,,
C51558,1a516c64-e0c1-41ab-9975-71487d6bd5a6,71,1005O00375S2,-22.903332,-43.184461,2019-01-25 09:54:39,,,
C51558,1a516c64-e0c1-41ab-9975-71487d6bd5a6,72,1005O00197C0,-22.905593,-43.182786,2019-01-25 09:55:32,,,
C51558,1a516c64-e0c1-41ab-9975-71487d6bd5a6,73,1005O00020S0,-22.90723,-43.18272,2019-01-25 09:56:08,,,
C51558,1a516c64-e0c1-41ab-9975-71487d6bd5a6,74,1005O00232S0,-22.90879,-43.18819,2019-01-25 09:57:31,,,
C51558,1a516c64-e0c1-41ab-9975-71487d6bd5a6,75,1005O00234C0,-22.908392,-43.189263,2019-01-25 09:57:52,,,
C51574,1a516c64-e0c1-41ab-9975-71487d6bd5a6,0,4124O00046C0,-22.901318,-43.347259,2019-01-25 08:58:49,2019-01-25 10:15:48,76.98333333333333,51.01858757924654
C51574,1a516c64-e0c1-41ab-9975-71487d6bd5a6,1,4124O00031C0,-22.90189,-43.34779,2019-01-25 08:59:00,2019-01-25 10:16:48,77.8,134.56512717553065
C51574,1a516c64-e0c1-41ab-9975-71487d6bd5a6,2,4124O00058C0,-22.900466,-43.349828,2019-01-25 08:59:40,2019-01-25 10:30:48,91.13333333333334,124.6412505768343
C51574,1a516c64-e0c1-41ab-9975-71487d6bd5a6,3,4124O00033C0,-22.89911,-43.35167,2019-01-25 09:00:14,,,
C51574,1a516c64-e0c1-41ab-9975-71487d6bd5a6,4,4124O00004C0,-22.898012,-43.352228,2019-01-25 09:00:41,,,
C51574,1a516c64-e0c1-41ab-9975-71487d6bd5a6,5,4124O00006C0,-22.89818,-43.350146,2019-01-25 09:01:25,2019-01-25 10:32:48,91.38333333333334,92.53588358826322
C51574,1a516c64-e0c1-41ab-9975-71487d6bd5a6,6,4124O00008C0,-22.896967,-43.348397,2019-01-25 09:02:01,,,
C51574,1a516c64-e0c1-41ab-9975-71487d6bd5a6,7,4124O00016C0,-22.8954,-43.34742,2019-01-25 09:02:29,,,
C51574,1a516c64-e0c1-41ab-9975-71487d6bd5a6,8,4124O00017C0,-22.89369,-43.34688,2019-01-25 09:02:57,,,
C51574,1a516c64-e0c1-41ab-9975-71487d6bd5a6,9,4124O00050C0,-22.890381,-43.34553,2019-01-25 09:03:58,,,
C51574,1a516c64-e0c1-41ab-9975-71487d6bd5a6,10,3078O00007C0,-22.88842,-43.34439,2019-01-25 09:04:33,,,
C51574,1a516c64-e0c1-41ab-9975-71487d6bd5a6,11,3078O00008C0,-22.88717,-43.34339,2019-01-25 09:04:57,,,
C51574,1a516c64-e0c1-41ab-9975-71487d6bd5a6,12,3078O00009C0,-22.88579,-43.34209,2019-01-25 09:05:26,,,
C51574,1a516c64-e0c1-41ab-9975-71487d6bd5a6,13,3082O00002C0,-22.88283,-43.34025,2019-01-25 09:06:43,,,
C51574,1a516c64-e0c1-41ab-9975-71487d6bd5a6,14,3082O00018C0,-22.882534,-43.33687,2019-01-25 09:07:32,2019-01-25 10:39:19,91.78333333333333,209.4069598804065
C51574,1a516c64-e0c1-41ab-9975-71487d6bd5a6,15,3082O00051C0,-22.882382,-43.333901,2019-01-25 09:08:15,,,
C51574,1a516c64-e0c1-41ab-9975-71487d6bd5a6,16,3082O00019C0,-22.882138,-43.331007,2019-01-25 09:09:03,2019-01-25 10:40:55,91.86666666666666,87.74398798973361
C51574,1a516c64-e0c1-41ab-9975-71487d6bd5a6,17,3082O00004C1,-22.88256,-43.32373,2019-01-25 09:10:44,2019-01-25 10:43:54,93.16666666666667,128.49830327910007
C51574,1a516c64-e0c1-41ab-9975-71487d6bd5a6,18,3082O00005C2,-22.88284,-43.3224,2019-01-25 09:11:04,,,
C51574,1a516c64-e0c1-41ab-9975-71487d6bd5a6,19,3079O00001C2,-22.8835,-43.32058,2019-01-25 09:11:32,,,
C51574,1a516c64-e0c1-41ab-9975-71487d6bd5a6,20,3079O00002C2,-22.88445,-43.31751,2019-01-25 09:12:19,2019-01-25 10:46:55,94.6,224.9923835988553
C51574,1a516c64-e0c1-41ab-9975-71487d6bd5a6,21,3079O00041C2,-22.884744,-43.316116,2019-01-25 09:12:40,,,
C51574,1a516c64-e0c1-41ab-9975-71487d6bd5a6,23,3079O00040C2,-22.88498,-43.31429,2019-01-25 09:13:06,2019-01-25 10:47:54,94.8,89.2343341425081
C51574,1a516c64-e0c1-41ab-9975-71487d6bd5a6,24,3079O00042C2,-22.885103,-43.311568,2019-01-25 09:13:45,2019-01-25 10:48:55,95.16666666666667,58.290535049576945
C51574,1a516c64-e0c1-41ab-9975-71487d6bd5a6,25,3069O00057C2,-22.88562,-43.30967,2019-01-25 09:14:15,2019-01-25 10:49:55,95.66666666666667,71.89655252761396
C51574,1a516c64-e0c1-41ab-9975-71487d6bd5a6,26,3069O00058C2,-22.88672,-43.306443,2019-01-25 09:15:04,,,
C51574,1a516c64-e0c1-41ab-9975-71487d6bd5a6,27,3069O00003C2,-22.88646,-43.30281,2019-01-25 09:15:58,2019-01-25 10:51:55,95.95,82.54311398897579
C51574,1a516c64-e0c1-41ab-9975-71487d6bd5a6,28,3070O00001C2,-22.88548,-43.30031,2019-01-25 09:16:39,2019-01-25 10:52:55,96.26666666666667,29.998765489768832
C51574,1a516c64-e0c1-41ab-9975-71487d6bd5a6,29,3071O00033C2,-22.884601,-43.297845,2019-01-25 09:17:18,2019-01-25 10:54:54,97.6,134.28321656371207
C51574,1a516c64-e0c1-41ab-9975-71487d6bd5a6,30,3071O00004C2,-22.88341,-43.29648,2019-01-25 09:17:45,2019-01-25 10:55:54,98.15,100.74524182891338
C51574,1a516c64-e0c1-41ab-9975-71487d6bd5a6,31,3071O00005C2,-22.88182,-43.29431,2019-01-25 09:18:26,,,
C51574,1a516c64-e0c1-41ab-9975-71487d6bd5a6,32,3071O00006C2,-22.8842,-43.29133,2019-01-25 09:19:30,,,
C51574,1a516c64-e0c1-41ab-9975-71487d6bd5a6,33,3066O00003C2,-22.885668,-43.290084,2019-01-25 09:20:04,2019-01-25 10:57:54,97.83333333333333,69.02787469467297
C51574,1a516c64-e0c1-41ab-9975-71487d6bd5a6,34,3064O00002C0,-22.88744,-43.2864,2019-01-25 09:20:59,2019-01-25 10:58:54,97.91666666666667,98.6326489377108
C51574,1a516c64-e0c1-41ab-9975-71487d6bd5a6,35,3065O00001C0,-22.887738,-43.283511,2019-01-25 09:21:35,2019-01-25 10:59:54,98.31666666666666,30.15349318410121
C51574,1a516c64-e0c1-41ab-9975-71487d6bd5a6,36,3065O00003C0,-22.887155,-43.280679,2019-01-25 09:22:21,2019-01-25 11:00:54,98.55,53.44401946801151
C51574,1a516c64-e0c1-41ab-9975-71487d6bd5a6,37,3065O00004C0,-22.88591,-43.27898,2019-01-25 09:22:54,2019-01-25 11:01:54,99.0,34.85559346841791
C51574,1a516c64-e0c1-41ab-9975-71487d6bd5a6,38,3065O00005C0,-22.88441,-43.27719,2019-01-25 09:23:29,,,
C51574,1a516c64-e0c1-41ab-9975-71487d6bd5a6,39,3053O00006C0,-22.8822,-43.2754,2019-01-25 09:24:12,,,
C51574,1a516c64-e0c1-41ab-9975-71487d6bd5a6,40,3053O00007C0,-22.881083,-43.272751,2019-01-25 09:24:56,,,
C51574,1a516c64-e0c1-41ab-9975-71487d6bd5a6,41,3053O00008C0,-22.878863,-43.265859,2019-01-25 09:26:42,2019-01-25 11:05:54,99.2,38.975761967140166
C51574,1a516c64-e0c1-41ab-9975-71487d6bd5a6,42,3052O00001C0,-22.87833,-43.26397,2019-01-25 09:27:14,2019-01-25 11:06:54,99.66666666666667,74.29663953381294
C51574,1a516c64-e0c1-41ab-9975-71487d6bd5a6,43,3052O00002C1,-22.878337,-43.261822,2019-01-25 09:27:45,2019-01-25 11:07:54,100.15,164.3427664857901
C51574,1a516c64-e0c1-41ab-9975-71487d6bd5a6,44,3052O00003C0,-22.880394,-43.259223,2019-01-25 09:28:40,2019-01-25 11:09:24,100.73333333333333,135.61859430082316
C51574,1a516c64-e0c1-41ab-9975-71487d6bd5a6,45,3155O00001C0,-22.882581,-43.254845,2019-01-25 09:29:52,2019-01-25 11:10:54,101.03333333333333,178.32399300186842
C51574,1a516c64-e0c1-41ab-9975-71487d6bd5a6,46,3155O00002C0,-22.88517,-43.25266,2019-01-25 09:30:43,2019-01-25 11:11:54,101.18333333333334,31.720926464290716
C51574,1a516c64-e0c1-41ab-9975-71487d6bd5a6,47,3155O00003C0,-22.886927,-43.250822,2019-01-25 09:31:21,2019-01-25 11:12:54,101.55,56.209070811301466
C51574,1a516c64-e0c1-41ab-9975-71487d6bd5a6,48,1012O00011C0,-22.890046,-43.244457,2019-01-25 09:33:21,2019-01-25 11:14:54,101.55,195.82261228500974
C51574,1a516c64-e0c1-41ab-9975-71487d6bd5a6,49,1012O00012C0,-22.890765,-43.242335,2019-01-25 09:33:52,2019-01-25 11:15:55,102.05,199.95944678180254
C51574,1a516c64-e0c1-41ab-9975-71487d6bd5a6,50,1012O00013C0,-22.891768,-43.240794,2019-01-25 09:34:16,,,
C51574,1a516c64-e0c1-41ab-9975-71487d6bd5a6,51,1012O00027C0,-22.89495,-43.24279,2019-01-25 09:35:32,,,
C51574,1a516c64-e0c1-41ab-9975-71487d6bd5a6,52,vphs,-22.897995,-43.241305,2019-01-25 09:36:43,,,
C51574,1a516c64-e0c1-41ab-9975-71487d6bd5a6,53,1011O00001C0,-22.90138,-43.241176,2019-01-25 09:37:43,2019-01-25 11:20:54,103.18333333333334,77.9931256231159
C51574,1a516c64-e0c1-41ab-9975-71487d6bd5a6,54,3057O00006C0,-22.90591,-43.23964,2019-01-25 09:38:56,2019-01-25 11:21:24,102.46666666666667,117.15356942712965
C51574,1a516c64-e0c1-41ab-9975-71487d6bd5a6,56,1011O00002C0,-22.907884,-43.236917,2019-01-25 09:39:46,2019-01-25 11:22:54,103.13333333333334,117.08372531952512
C51574,1a516c64-e0c1-41ab-9975-71487d6bd5a6,57,2035O00042C0,-22.908756,-43.234655,2019-01-25 09:40:18,2019-01-25 11:23:54,103.6,192.90974486726446
C51574,1a516c64-e0c1-41ab-9975-71487d6bd5a6,58,1010O00038C0,-22.908374,-43.231002,2019-01-25 09:41:15,,,
C51574,1a516c64-e0c1-41ab-9975-71487d6bd5a6,59,1010O00077C0,-22.90931,-43.22631,2019-01-25 09:42:36,,,
C51574,1a516c64-e0c1-41ab-9975-71487d6bd5a6,60,1010O00103C0,-22.909238,-43.222916,2019-01-25 09:43:26,2019-01-25 11:26:54,103.46666666666667,161.23952288260608
C51574,1a516c64-e0c1-41ab-9975-71487d6bd5a6,61,1010O00040C0,-22.906357,-43.220639,2019-01-25 09:44:23,,,
C51574,1a516c64-e0c1-41ab-9975-71487d6bd5a6,62,1010O00107C0,-22.904907,-43.218901,2019-01-25 09:45:09,,,
C51574,1a516c64-e0c1-41ab-9975-71487d6bd5a6,63,1010O00079C0,-22.90411,-43.21611,2019-01-25 09:45:54,2019-01-25 11:29:54,104.0,39.02577519360088
C51574,1a516c64-e0c1-41ab-9975-71487d6bd5a6,64,1010O00080C0,-22.90341,-43.21449,2019-01-25 09:46:20,2019-01-25 11:30:54,104.56666666666666,85.8608722708301
C51574,1a516c64-e0c1-41ab-9975-71487d6bd5a6,65,1010O00081C0,-22.902025,-43.210979,2019-01-25 09:47:15,2019-01-25 11:31:54,104.65,87.12645568731422
C51574,1a516c64-e0c1-41ab-9975-71487d6bd5a6,66,2032O00028C0,-22.908498,-43.209965,2019-01-25 09:49:01,,,
C51574,1a516c64-e0c1-41ab-9975-71487d6bd5a6,67,1008O00022S0,-22.91013,-43.205583,2019-01-25 09:50:35,,,
C51574,1a516c64-e0c1-41ab-9975-71487d6bd5a6,68,1008O00005S0,-22.908619,-43.201048,2019-01-25 09:51:44,2019-01-25 11:35:55,104.18333333333334,11.60942345752408
C51574,1a516c64-e0c1-41ab-9975-71487d6bd5a6,69,1005O00060C0,-22.90623,-43.193405,2019-01-25 09:53:41,2019-01-25 11:37:54,104.21666666666667,134.96720409527825
C51574,1a516c64-e0c1-41ab-9975-71487d6bd5a6,70,1005O00359S0,-22.905052,-43.189782,2019-01-25 09:54:36,2019-01-25 11:41:54,107.3,91.04287567669876
C51574,1a516c64-e0c1-41ab-9975-71487d6bd5a6,71,1005O00375S2,-22.903332,-43.184461,2019-01-25 09:55:57,,,
C51574,1a516c64-e0c1-41ab-9975-71487d6bd5a6,72,1005O00197C0,-22.905593,-43.182786,2019-01-25 09:56:50,,,
C51574,1a516c64-e0c1-41ab-9975-71487d6bd5a6,73,1005O00020S0,-22.90723,-43.18272,2019-01-25 09:57:26,,,
C51574,1a516c64-e0c1-41ab-9975-71487d6bd5a6,74,1005O00232S0,-22.90879,-43.18819,2019-01-25 09:58:49,2019-01-25 11:55:54,117.08333333333333,148.45130674162309
C51574,1a516c64-e0c1-41ab-9975-71487d6bd5a6,75,1005O00234C0,-22.908392,-43.189263,2019-01-25 09:59:10,2019-01-25 11:56:54,117.73333333333333,30.002840506539986
C51608,1a516c64-e0c1-41ab-9975-71487d6bd5a6,0,4124O00046C0,-22.901318,-43.347259,2019-01-25 08:59:02,,,
C51608,1a516c64-e0c1-41ab-9975-71487d6bd5a6,1,4124O00031C0,-22.90189,-43.34779,2019-01-25 08:59:13,,,
C51608,1a516c64-e0c1-41ab-9975-71487d6bd5a6,2,4124O00058C0,-22.900466,-43.349828,2019-01-25 08:59:53,,,
C51608,1a516c64-e0c1-41ab-9975-71487d6bd5a6,3,4124O00033C0,-22.89911,-43.35167,2019-01-25 09:00:27,,,
C51608,1a516c64-e0c1-41ab-9975-71487d6bd5a6,4,4124O00004C0,-22.898012,-43.352228,2019-01-25 09:00:54,,,
C51608,1a516c64-e0c1-41ab-9975-71487d6bd5a6,5,4124O00006C0,-22.89818,-43.350146,2019-01-25 09:01:38,,,
C51608,1a516c64-e0c1-41ab-9975-71487d6bd5a6,6,4124O00008C0,-22.896967,-43.348397,2019-01-25 09:02:14,,,
C51608,1a516c64-e0c1-41ab-9975-71487d6bd5a6,7,4124O00016C0,-22.8954,-43.34742,2019-01-25 09:02:42,,,
C51608,1a516c64-e0c1-41ab-9975-71487d6bd5a6,8,4124O00017C0,-22.89369,-43.34688,2019-01-25 09:03:10,,,
C51608,1a516c64-e0c1-41ab-9975-71487d6bd5a6,9,4124O00050C0,-22.890381,-43.34553,2019-01-25 09:04:11,,,
C51608,1a516c64-e0c1-41ab-9975-71487d6bd5a6,10,3078O00007C0,-22.88842,-43.34439,2019-01-25 09:04:46,,,
C51608,1a516c64-e0c1-41ab-9975-71487d6bd5a6,11,3078O00008C0,-22.88717,-43.34339,2019-01-25 09:05:10,,,
C51608,1a516c64-e0c1-41ab-9975-71487d6bd5a6,12,3078O00009C0,-22.88579,-43.34209,2019-01-25 09:05:39,,,
C51608,1a516c64-e0c1-41ab-9975-71487d6bd5a6,13,3082O00002C0,-22.88283,-43.34025,2019-01-25 09:06:56,,,
C51608,1a516c64-e0c1-41ab-9975-71487d6bd5a6,14,3082O00018C0,-22.882534,-43.33687,2019-01-25 09:07:45,,,
C51608,1a516c64-e0c1-41ab-9975-71487d6bd5a6,15,3082O00051C0,-22.882382,-43.333901,2019-01-25 09:08:28,,,
C51608,1a516c64-e0c1-41ab-9975-71487d6bd5a6,16,3082O00019C0,-22.882138,-43.331007,2019-01-25 09:09:16,2019-01-25 11:00:32,111.26666666666667,122.5828122891364
C51608,1a516c64-e0c1-41ab-9975-71487d6bd5a6,17,3082O00004C1,-22.88256,-43.32373,2019-01-25 09:10:57,,,
C51608,1a516c64-e0c1-41ab-9975-71487d6bd5a6,18,3082O00005C2,-22.88284,-43.3224,2019-01-25 09:11:17,,,
C51608,1a516c64-e0c1-41ab-9975-71487d6bd5a6,19,3079O00001C2,-22.8835,-43.32058,2019-01-25 09:11:45,,,
C51608,1a516c64-e0c1-41ab-9975-71487d6bd5a6,20,3079O00002C2,-22.88445,-43.31751,2019-01-25 09:12:32,,,
C51608,1a516c64-e0c1-41ab-9975-71487d6bd5a6,21,3079O00041C2,-22.884744,-43.316116,2019-01-25 09:12:53,,,
C51608,1a516c64-e0c1-41ab-9975-71487d6bd5a6,23,3079O00040C2,-22.88498,-43.31429,2019-01-25 09:13:19,,,
C51608,1a516c64-e0c1-41ab-9975-71487d6bd5a6,24,3079O00042C2,-22.885103,-43.311568,2019-01-25 09:13:58,,,
C51608,1a516c64-e0c1-41ab-9975-71487d6bd5a6,25,3069O00057C2,-22.88562,-43.30967,2019-01-25 09:14:28,,,
C51608,1a516c64-e0c1-41ab-9975-71487d6bd5a6,26,3069O00058C2,-22.88672,-43.306443,2019-01-25 09:15:17,,,
C51608,1a516c64-e0c1-41ab-9975-71487d6bd5a6,27,3069O00003C2,-22.88646,-43.30281,2019-01-25 09:16:11,,,
C51608,1a516c64-e0c1-41ab-9975-71487d6bd5a6,28,3070O00001C2,-22.88548,-43.30031,2019-01-25 09:16:52,,,
C51608,1a516c64-e0c1-41ab-9975-71487d6bd5a6,29,3071O00033C2,-22.884601,-43.297845,2019-01-25 09:17:31,,,
C51608,1a516c64-e0c1-41ab-9975-71487d6bd5a6,30,3071O00004C2,-22.88341,-43.29648,2019-01-25 09:17:58,,,
C51608,1a516c64-e0c1-41ab-9975-71487d6bd5a6,31,3071O00005C2,-22.88182,-43.29431,2019-01-25 09:18:39,,,
C51608,1a516c64-e0c1-41ab-9975-71487d6bd5a6,32,3071O00006C2,-22.8842,-43.29133,2019-01-25 09:19:43,,,
C51608,1a516c64-e0c1-41ab-9975-71487d6bd5a6,33,3066O00003C2,-22.885668,-43.290084,2019-01-25 09:20:17,,,
C51608,1a516c64-e0c1-41ab-9975-71487d6bd5a6,34,3064O00002C0,-22.88744,-43.2864,2019-01-25 09:21:12,,,
C51608,1a516c64-e0c1-41ab-9975-71487d6bd5a6,35,3065O00001C0,-22.887738,-43.283511,2019-01-25 09:21:48,,,
C51608,1a516c64-e0c1-41ab-9975-71487d6bd5a6,36,3065O00003C0,-22.887155,-43.280679,2019-01-25 09:22:34,,,
C51608,1a516c64-e0c1-41ab-9975-71487d6bd5a6,37,3065O00004C0,-22.88591,-43.27898,2019-01-25 09:23:07,,,
C51608,1a516c64-e0c1-41ab-9975-71487d6bd5a6,38,3065O00005C0,-22.88441,-43.27719,2019-01-25 09:23:42,,,
C51608,1a516c64-e0c1-41ab-9975-71487d6bd5a6,39,3053O00006C0,-22.8822,-43.2754,2019-01-25 09:24:25,,,
C51608,1a516c64-e0c1-41ab-9975-71487d6bd5a6,40,3053O00007C0,-22.881083,-43.272751,2019-01-25 09:25:09,,,
C51608,1a516c64-e0c1-41ab-9975-71487d6bd5a6,41,3053O00008C0,-22.878863,-43.265859,2019-01-25 09:26:55,,,
C51608,1a516c64-e0c1-41ab-9975-71487d6bd5a6,42,3052O00001C0,-22.87833,-43.26397,2019-01-25 09:27:27,,,
C51608,1a516c64-e0c1-41ab-9975-71487d6bd5a6,43,3052O00002C1,-22.878337,-43.261822,2019-01-25 09:27:58,,,
C51608,1a516c64-e0c1-41ab-9975-71487d6bd5a6,44,3052O00003C0,-22.880394,-43.259223,2019-01-25 09:28:53,,,
C51608,1a516c64-e0c1-41ab-9975-71487d6bd5a6,45,3155O00001C0,-22.882581,-43.254845,2019-01-25 09:30:05,,,
C51608,1a516c64-e0c1-41ab-9975-71487d6bd5a6,46,3155O00002C0,-22.88517,-43.25266,2019-01-25 09:30:56,,,
C51608,1a516c64-e0c1-41ab-9975-71487d6bd5a6,47,3155O00003C0,-22.886927,-43.250822,2019-01-25 09:31:34,,,
C51608,1a516c64-e0c1-41ab-9975-71487d6bd5a6,48,1012O00011C0,-22.890046,-43.244457,2019-01-25 09:33:34,,,
C51608,1a516c64-e0c1-41ab-9975-71487d6bd5a6,49,1012O00012C0,-22.890765,-43.242335,2019-01-25 09:34:05,,,
C51608,1a516c64-e0c1-41ab-9975-71487d6bd5a6,50,1012O00013C0,-22.891768,-43.240794,2019-01-25 09:34:29,,,
C51608,1a516c64-e0c1-41ab-9975-71487d6bd5a6,51,1012O00027C0,-22.89495,-43.24279,2019-01-25 09:35:45,,,
C51608,1a516c64-e0c1-41ab-9975-71487d6bd5a6,52,vphs,-22.897995,-43.241305,2019-01-25 09:36:56,,,
C51608,1a516c64-e0c1-41ab-9975-71487d6bd5a6,53,1011O00001C0,-22.90138,-43.241176,2019-01-25 09:37:56,,,
C51608,1a516c64-e0c1-41ab-9975-71487d6bd5a6,54,3057O00006C0,-22.90591,-43.23964,2019-01-25 09:39:09,,,
C51608,1a516c64-e0c1-41ab-9975-71487d6bd5a6,56,1011O00002C0,-22.907884,-43.236917,2019-01-25 09:39:59,,,
C51608,1a516c64-e0c1-41ab-9975-71487d6bd5a6,57,2035O00042C0,-22.908756,-43.234655,2019-01-25 09:40:31,,,
C51608,1a516c64-e0c1-41ab-9975-71487d6bd5a6,58,1010O00038C0,-22.908374,-43.231002,2019-01-25 09:41:28,,,
C51608,1a516c64-e0c1-41ab-9975-71487d6bd5a6,59,1010O00077C0,-22.90931,-43.22631,2019-01-25 09:42:49,,,
C51608,1a516c64-e0c1-41ab-9975-71487d6bd5a6,60,1010O00103C0,-22.909238,-43.222916,2019-01-25 09:43:39,,,
C51608,1a516c64-e0c1-41ab-9975-71487d6bd5a6,61,1010O00040C0,-22.906357,-43.220639,2019-01-25 09:44:36,,,
C51608,1a516c64-e0c1-41ab-9975-71487d6bd5a6,62,1010O00107C0,-22.904907,-43.218901,2019-01-25 09:45:22,,,
C51608,1a516c64-e0c1-41ab-9975-71487d6bd5a6,63,1010O00079C0,-22.90411,-43.21611,2019-01-25 09:46:07,,,
C51608,1a516c64-e0c1-41ab-9975-71487d6bd5a6,64,1010O00080C0,-22.90341,-43.21449,2019-01-25 09:46:33,,,
C51608,1a516c64-e0c1-41ab-9975-71487d6bd5a6,65,1010O00081C0,-22.902025,-43.210979,2019-01-25 09:47:28,,,
C51608,1a516c64-e0c1-41ab-9975-71487d6bd5a6,66,2032O00028C0,-22.908498,-43.209965,2019-01-25 09:49:14,,,
C51608,1a516c64-e0c1-41ab-9975-71487d6bd5a6,67,1008O00022S0,-22.91013,-43.205583,2019-01-25 09:50:48,,,
C51608,1a516c64-e0c1-41ab-9975-71487d6bd5a6,68,1008O00005S0,-22.908619,-43.201048,2019-01-25 09:51:57,,,
C51608,1a516c64-e0c1-41ab-9975-71487d6bd5a6,69,1005O00060C0,-22.90623,-43.193405,2019-01-25 09:53:54,,,
C51608,1a516c64-e0c1-41ab-9975-71487d6bd5a6,70,1005O00359S0,-22.905052,-43.189782,2019-01-25 09:54:49,,,
C51608,1a516c64-e0c1-41ab-9975-71487d6bd5a6,71,1005O00375S2,-22.903332,-43.184461,2019-01-25 09:56:10,,,
C51608,1a516c64-e0c1-41ab-9975-71487d6bd5a6,72,1005O00197C0,-22.905593,-43.182786,2019-01-25 09:57:03,,,
C51608,1a516c64-e0c1-41ab-9975-71487d6bd5a6,73,1005O00020S0,-22.90723,-43.18272,2019-01-25 09:57:39,,,
C51608,1a516c64-e0c1-41ab-9975-71487d6bd5a6,74,1005O00232S0,-22.90879,-43.18819,2019-01-25 09:59:02,,,
C51608,1a516c64-e0c1-41ab-9975-71487d6bd5a6,75,1005O00234C0,-22.908392,-43.189263,2019-01-25 09:59:23,,,
C51597,1a516c64-e0c1-41ab-9975-71487d6bd5a6,0,4124O00046C0,-22.901318,-43.347259,2019-01-25 09:00:49,2019-01-25 10:49:49,109.0,69.28550944472305
C51597,1a516c64-e0c1-41ab-9975-71487d6bd5a6,1,4124O00031C0,-22.90189,-43.34779,2019-01-25 09:01:00,2019-01-25 10:50:49,109.81666666666666,152.90844063901355
C51597,1a516c64-e0c1-41ab-9975-71487d6bd5a6,2,4124O00058C0,-22.900466,-43.349828,2019-01-25 09:01:40,2019-01-25 11:00:49,119.15,8.026510515009393
C51597,1a516c64-e0c1-41ab-9975-71487d6bd5a6,3,4124O00033C0,-22.89911,-43.35167,2019-01-25 09:02:14,,,
C51597,1a516c64-e0c1-41ab-9975-71487d6bd5a6,4,4124O00004C0,-22.898012,-43.352228,2019-01-25 09:02:41,,,
C51597,1a516c64-e0c1-41ab-9975-71487d6bd5a6,5,4124O00006C0,-22.89818,-43.350146,2019-01-25 09:03:25,,,
C51597,1a516c64-e0c1-41ab-9975-71487d6bd5a6,6,4124O00008C0,-22.896967,-43.348397,2019-01-25 09:04:01,,,
C51597,1a516c64-e0c1-41ab-9975-71487d6bd5a6,7,4124O00016C0,-22.8954,-43.34742,2019-01-25 09:04:29,,,
C51597,1a516c64-e0c1-41ab-9975-71487d6bd5a6,8,4124O00017C0,-22.89369,-43.34688,2019-01-25 09:04:57,,,
C51597,1a516c64-e0c1-41ab-9975-71487d6bd5a6,9,4124O00050C0,-22.890381,-43.34553,2019-01-25 09:05:58,,,
C51597,1a516c64-e0c1-41ab-9975-71487d6bd5a6,10,3078O00007C0,-22.88842,-43.34439,2019-01-25 09:06:33,,,
C51597,1a516c64-e0c1-41ab-9975-71487d6bd5a6,11,3078O00008C0,-22.88717,-43.34339,2019-01-25 09:06:57,,,
C51597,1a516c64-e0c1-41ab-9975-71487d6bd5a6,12,3078O00009C0,-22.88579,-43.34209,2019-01-25 09:07:26,,,
C51597,1a516c64-e0c1-41ab-9975-71487d6bd5a6,13,3082O00002C0,-22.88283,-43.34025,2019-01-25 09:08:43,2019-01-25 11:07:49,119.1,17.367223015983623
C51597,1a516c64-e0c1-41ab-9975-71487d6bd5a6,14,3082O00018C0,-22.882534,-43.33687,2019-01-25 09:09:32,,,
C51597,1a516c64-e0c1-41ab-9975-71487d6bd5a6,15,3082O00051C0,-22.882382,-43.333901,2019-01-25 09:10:15,,,
C51597,1a516c64-e0c1-41ab-9975-71487d6bd5a6,16,3082O00019C0,-22.882138,-43.331007,2019-01-25 09:11:03,,,
C51597,1a516c64-e0c1-41ab-9975-71487d6bd5a6,17,3082O00004C1,-22.88256,-43.32373,2019-01-25 09:12:44,,,
C51597,1a516c64-e0c1-41ab-9975-71487d6bd5a6,18,3082O00005C2,-22.88284,-43.3224,2019-01-25 09:13:04,,,
C51597,1a516c64-e0c1-41ab-9975-71487d6bd5a6,19,3079O00001C2,-22.8835,-43.32058,2019-01-25 09:13:32,,,
C51597,1a516c64-e0c1-41ab-9975-71487d6bd5a6,20,3079O00002C2,-22.88445,-43.31751,2019-01-25 09:14:19,,,
C51597,1a516c64-e0c1-41ab-9975-71487d6bd5a6,21,3079O00041C2,-22.884744,-43.316116,2019-01-25 09:14:40,,,
C51597,1a516c64-e0c1-41ab-9975-71487d6bd5a6,23,3079O00040C2,-22.88498,-43.31429,2019-01-25 09:15:06,,,
C51597,1a516c64-e0c1-41ab-9975-71487d6bd5a6,24,3079O00042C2,-22.885103,-43.311568,2019-01-25 09:15:45,,,
C51597,1a516c64-e0c1-41ab-9975-71487d6bd5a6,25,3069O00057C2,-22.88562,-43.30967,2019-01-25 09:16:15,,,
C51597,1a516c64-e0c1-41ab-9975-71487d6bd5a6,26,3069O00058C2,-22.88672,-43.306443,2019-01-25 09:17:04,,,
C51597,1a516c64-e0c1-41ab-9975-71487d6bd5a6,27,3069O00003C2,-22.88646,-43.30281,2019-01-25 09:17:58,,,
C51597,1a516c64-e0c1-41ab-9975-71487d6bd5a6,28,3070O00001C2,-22.88548,-43.30031,2019-01-25 09:18:39,,,
C51597,1a516c64-e0c1-41ab-9975-71487d6bd5a6,29,3071O00033C2,-22.884601,-43.297845,2019-01-25 09:19:18,,,
C51597,1a516c64-e0c1-41ab-9975-71487d6bd5a6,30,3071O00004C2,-22.88341,-43.29648,2019-01-25 09:19:45,,,
C51597,1a516c64-e0c1-41ab-9975-71487d6bd5a6,31,3071O00005C2,-22.88182,-43.29431,2019-01-25 09:20:26,,,
C51597,1a516c64-e0c1-41ab-9975-71487d6bd5a6,32,3071O00006C2,-22.8842,-43.29133,2019-01-25 09:21:30,,,
C51597,1a516c64-e0c1-41ab-9975-71487d6bd5a6,33,3066O00003C2,-22.885668,-43.290084,2019-01-25 09:22:04,,,
C51597,1a516c64-e0c1-41ab-9975-71487d6bd5a6,34,3064O00002C0,-22.88744,-43.2864,2019-01-25 09:22:59,,,
C51597,1a516c64-e0c1-41ab-9975-71487d6bd5a6,35,3065O00001C0,-22.887738,-43.283511,2019-01-25 09:23:35,,,
C51597,1a516c64-e0c1-41ab-9975-71487d6bd5a6,36,3065O00003C0,-22.887155,-43.280679,2019-01-25 09:24:21,,,
C51597,1a516c64-e0c1-41ab-9975-71487d6bd5a6,37,3065O00004C0,-22.88591,-43.27898,2019-01-25 09:24:54,,,
C51597,1a516c64-e0c1-41ab-9975-71487d6bd5a6,38,3065O00005C0,-22.88441,-43.27719,2019-01-25 09:25:29,,,
C51597,1a516c64-e0c1-41ab-9975-71487d6bd5a6,39,3053O00006C0,-22.8822,-43.2754,2019-01-25 09:26:12,,,
C51597,1a516c64-e0c1-41ab-9975-71487d6bd5a6,40,3053O00007C0,-22.881083,-43.272751,2019-01-25 09:26:56,,,
C51597,1a516c64-e0c1-41ab-9975-71487d6bd5a6,41,3053O00008C0,-22.878863,-43.265859,2019-01-25 09:28:42,,,
C51597,1a516c64-e0c1-41ab-9975-71487d6bd5a6,42,3052O00001C0,-22.87833,-43.26397,2019-01-25 09:29:14,,,
C51597,1a516c64-e0c1-41ab-9975-71487d6bd5a6,43,3052O00002C1,-22.878337,-43.261822,2019-01-25 09:29:45,,,
C51597,1a516c64-e0c1-41ab-9975-71487d6bd5a6,44,3052O00003C0,-22.880394,-43.259223,2019-01-25 09:30:40,,,
C51597,1a516c64-e0c1-41ab-9975-71487d6bd5a6,45,3155O00001C0,-22.882581,-43.254845,2019-01-25 09:31:52,,,
C51597,1a516c64-e0c1-41ab-9975-71487d6bd5a6,46,3155O00002C0,-22.88517,-43.25266,2019-01-25 09:32:43,,,
C51597,1a516c64-e0c1-41ab-9975-71487d6bd5a6,47,3155O00003C0,-22.886927,-43.250822,2019-01-25 09:33:21,,,
C51597,1a516c64-e0c1-41ab-9975-71487d6bd5a6,48,1012O00011C0,-22.890046,-43.244457,2019-01-25 09:35:21,,,
C51597,1a516c64-e0c1-41ab-9975-71487d6bd5a6,49,1012O00012C0,-22.890765,-43.242335,2019-01-25 09:35:52,,,
C51597,1a516c64-e0c1-41ab-9975-71487d6bd5a6,50,1012O00013C0,-22.891768,-43.240794,2019-01-25 09:36:16,,,
C51597,1a516c64-e0c1-41ab-9975-71487d6bd5a6,51,1012O00027C0,-22.89495,-43.24279,2019-01-25 09:37:32,,,
C51597,1a516c64-e0c1-41ab-9975-71487d6bd5a6,52,vphs,-22.897995,-43.241305,2019-01-25 09:38:43,,,
C51597,1a516c64-e0c1-41ab-9975-71487d6bd5a6,53,1011O00001C0,-22.90138,-43.241176,2019-01-25 09:39:43,,,
C51597,1a516c64-e0c1-41ab-9975-71487d6bd5a6,54,3057O00006C0,-22.90591,-43.23964,2019-01-25 09:40:56,,,
C51597,1a516c64-e0c1-41ab-9975-71487d6bd5a6,56,1011O00002C0,-22.907884,-43.236917,2019-01-25 09:41:46,,,
C51597,1a516c64-e0c1-41ab-9975-71487d6bd5a6,57,2035O00042C0,-22.908756,-43.234655,2019-01-25 09:42:18,,,
C51597,1a516c64-e0c1-41ab-9975-71487d6bd5a6,58,1010O00038C0,-22.908374,-43.231002,2019-01-25 09:43:15,,,
C51597,1a516c64-e0c1-41ab-9975-71487d6bd5a6,59,1010O00077C0,-22.90931,-43.22631,2019-01-25 09:44:36,,,
C51597,1a516c64-e0c1-41ab-9975-71487d6bd5a6,60,1010O00103C0,-22.909238,-43.222916,2019-01-25 09:45:26,,,
C51597,1a516c64-e0c1-41ab-9975-71487d6bd5a6,61,1010O00040C0,-22.906357,-43.220639,2019-01-25 09:46:23,,,
C51597,1a516c64-e0c1-41ab-9975-71487d6bd5a6,62,1010O00107C0,-22.904907,-43.218901,2019-01-25 09:47:09,,,
C51597,1a516c64-e0c1-41ab-9975-71487d6bd5a6,63,1010O00079C0,-22.90411,-43.21611,2019-01-25 09:47:54,,,
C51597,1a516c64-e0c1-41ab-9975-71487d6bd5a6,64,1010O00080C0,-22.90341,-43.21449,2019-01-25 09:48:20,,,
C51597,1a516c64-e0c1-41ab-9975-71487d6bd5a6,65,1010O00081C0,-22.902025,-43.210979,2019-01-25 09:49:15,,,
C51597,1a516c64-e0c1-41ab-9975-71487d6bd5a6,66,2032O00028C0,-22.908498,-43.209965,2019-01-25 09:51:01,,,
C51597,1a516c64-e0c1-41ab-9975-71487d6bd5a6,67,1008O00022S0,-22.91013,-43.205583,2019-01-25 09:52:35,,,
C51597,1a516c64-e0c1-41ab-9975-71487d6bd5a6,68,1008O00005S0,-22.908619,-43.201048,2019-01-25 09:53:44,,,
C51597,1a516c64-e0c1-41ab-9975-71487d6bd5a6,69,1005O00060C0,-22.90623,-43.193405,2019-01-25 09:55:41,,,
C51597,1a516c64-e0c1-41ab-9975-71487d6bd5a6,70,1005O00359S0,-22.905052,-43.189782,2019-01-25 09:56:36,,,
C51597,1a516c64-e0c1-41ab-9975-71487d6bd5a6,71,1005O00375S2,-22.903332,-43.184461,2019-01-25 09:57:57,,,
C51597,1a516c64-e0c1-41ab-9975-71487d6bd5a6,72,1005O00197C0,-22.905593,-43.182786,2019-01-25 09:58:50,,,
C51597,1a516c64-e0c1-41ab-9975-71487d6bd5a6,73,1005O00020S0,-22.90723,-43.18272,2019-01-25 09:59:26,,,
C51597,1a516c64-e0c1-41ab-9975-71487d6bd5a6,74,1005O00232S0,-22.90879,-43.18819,2019-01-25 10:00:49,,,
C51597,1a516c64-e0c1-41ab-9975-71487d6bd5a6,75,1005O00234C0,-22.908392,-43.189263,2019-01-25 10:01:10,,,
C51631,1a516c64-e0c1-41ab-9975-71487d6bd5a6,0,4124O00046C0,-22.901318,-43.347259,2019-01-25 08:57:45,2019-01-25 09:20:45,23.0,33.099264126750946
C51631,1a516c64-e0c1-41ab-9975-71487d6bd5a6,1,4124O00031C0,-22.90189,-43.34779,2019-01-25 08:57:56,2019-01-25 09:21:45,23.816666666666666,116.20207879919714
C51631,1a516c64-e0c1-41ab-9975-71487d6bd5a6,2,4124O00058C0,-22.900466,-43.349828,2019-01-25 08:58:36,,,
C51631,1a516c64-e0c1-41ab-9975-71487d6bd5a6,3,4124O00033C0,-22.89911,-43.35167,2019-01-25 08:59:10,2019-01-25 09:38:45,39.583333333333336,198.98875425262855
C51631,1a516c64-e0c1-41ab-9975-71487d6bd5a6,4,4124O00004C0,-22.898012,-43.352228,2019-01-25 08:59:37,,,
C51631,1a516c64-e0c1-41ab-9975-71487d6bd5a6,5,4124O00006C0,-22.89818,-43.350146,2019-01-25 09:00:21,,,
C51631,1a516c64-e0c1-41ab-9975-71487d6bd5a6,6,4124O00008C0,-22.896967,-43.348397,2019-01-25 09:00:57,,,
C51631,1a516c64-e0c1-41ab-9975-71487d6bd5a6,7,4124O00016C0,-22.8954,-43.34742,2019-01-25 09:01:25,,,
C51631,1a516c64-e0c1-41ab-9975-71487d6bd5a6,8,4124O00017C0,-22.89369,-43.34688,2019-01-25 09:01:53,,,
C51631,1a516c64-e0c1-41ab-9975-71487d6bd5a6,9,4124O00050C0,-22.890381,-43.34553,2019-01-25 09:02:54,,,
C51631,1a516c64-e0c1-41ab-9975-71487d6bd5a6,10,3078O00007C0,-22.88842,-43.34439,2019-01-25 09:03:29,,,
C51631,1a516c64-e0c1-41ab-9975-71487d6bd5a6,11,3078O00008C0,-22.88717,-43.34339,2019-01-25 09:03:53,,,
C51631,1a516c64-e0c1-41ab-9975-71487d6bd5a6,12,3078O00009C0,-22.88579,-43.34209,2019-01-25 09:04:22,2019-01-25 09:43:45,39.38333333333333,184.12157776905292
C51631,1a516c64-e0c1-41ab-9975-71487d6bd5a6,13,3082O00002C0,-22.88283,-43.34025,2019-01-25 09:05:39,2019-01-25 09:44:45,39.1,24.308922796911542
C51631,1a516c64-e0c1-41ab-9975-71487d6bd5a6,14,3082O00018C0,-22.882534,-43.33687,2019-01-25 09:06:28,,,
C51631,1a516c64-e0c1-41ab-9975-71487d6bd5a6,15,3082O00051C0,-22.882382,-43.333901,2019-01-25 09:07:11,,,
C51631,1a516c64-e0c1-41ab-9975-71487d6bd5a6,16,3082O00019C0,-22.882138,-43.331007,2019-01-25 09:07:59,2019-01-25 09:48:45,40.766666666666666,155.41780081581697
C51631,1a516c64-e0c1-41ab-9975-71487d6bd5a6,17,3082O00004C1,-22.88256,-43.32373,2019-01-25 09:09:40,2019-01-25 09:50:45,41.083333333333336,249.98207550566238
C51631,1a516c64-e0c1-41ab-9975-71487d6bd5a6,18,3082O00005C2,-22.88284,-43.3224,2019-01-25 09:10:00,2019-01-25 09:51:45,41.75,166.35352484139332
C51631,1a516c64-e0c1-41ab-9975-71487d6bd5a6,19,3079O00001C2,-22.8835,-43.32058,2019-01-25 09:10:28,,,
C51631,1a516c64-e0c1-41ab-9975-71487d6bd5a6,20,3079O00002C2,-22.88445,-43.31751,2019-01-25 09:11:15,2019-01-25 09:52:45,41.5,34.95443148748606
C51631,1a516c64-e0c1-41ab-9975-71487d6bd5a6,21,3079O00041C2,-22.884744,-43.316116,2019-01-25 09:11:36,,,
C51631,1a516c64-e0c1-41ab-9975-71487d6bd5a6,23,3079O00040C2,-22.88498,-43.31429,2019-01-25 09:12:02,,,
C51631,1a516c64-e0c1-41ab-9975-71487d6bd5a6,24,3079O00042C2,-22.885103,-43.311568,2019-01-25 09:12:41,,,
C51631,1a516c64-e0c1-41ab-9975-71487d6bd5a6,25,3069O00057C2,-22.88562,-43.30967,2019-01-25 09:13:11,2019-01-25 09:55:12,42.016666666666666,62.661503983512254
C51631,1a516c64-e0c1-41ab-9975-71487d6bd5a6,26,3069O00058C2,-22.88672,-43.306443,2019-01-25 09:14:00,2019-01-25 09:56:12,42.2,146.36336416901375
C51631,1a516c64-e0c1-41ab-9975-71487d6bd5a6,27,3069O00003C2,-22.88646,-43.30281,2019-01-25 09:14:54,,,
C51631,1a516c64-e0c1-41ab-9975-71487d6bd5a6,28,3070O00001C2,-22.88548,-43.30031,2019-01-25 09:15:35,2019-01-25 09:57:42,42.11666666666667,36.02032703716392
C51631,1a516c64-e0c1-41ab-9975-71487d6bd5a6,29,3071O00033C2,-22.884601,-43.297845,2019-01-25 09:16:14,2019-01-25 09:59:12,42.96666666666667,5.823440995739896
C51631,1a516c64-e0c1-41ab-9975-71487d6bd5a6,30,3071O00004C2,-22.88341,-43.29648,2019-01-25 09:16:41,2019-01-25 10:00:14,43.55,56.46901074660973
C51631,1a516c64-e0c1-41ab-9975-71487d6bd5a6,31,3071O00005C2,-22.88182,-43.29431,2019-01-25 09:17:22,2019-01-25 10:01:44,44.36666666666667,95.10003556981819
C51631,1a516c64-e0c1-41ab-9975-71487d6bd5a6,32,3071O00006C2,-22.8842,-43.29133,2019-01-25 09:18:26,,,
C51631,1a516c64-e0c1-41ab-9975-71487d6bd5a6,33,3066O00003C2,-22.885668,-43.290084,2019-01-25 09:19:00,,,
C51631,1a516c64-e0c1-41ab-9975-71487d6bd5a6,34,3064O00002C0,-22.88744,-43.2864,2019-01-25 09:19:55,2019-01-25 10:03:44,43.81666666666667,31.654153493871803
C51631,1a516c64-e0c1-41ab-9975-71487d6bd5a6,35,3065O00001C0,-22.887738,-43.283511,2019-01-25 09:20:31,2019-01-25 10:05:14,44.71666666666667,114.05292038003225
C51631,1a516c64-e0c1-41ab-9975-71487d6bd5a6,36,3065O00003C0,-22.887155,-43.280679,2019-01-25 09:21:17,,,
C51631,1a516c64-e0c1-41ab-9975-71487d6bd5a6,37,3065O00004C0,-22.88591,-43.27898,2019-01-25 09:21:50,,,
C51631,1a516c64-e0c1-41ab-9975-71487d6bd5a6,38,3065O00005C0,-22.88441,-43.27719,2019-01-25 09:22:25,,,
C51631,1a516c64-e0c1-41ab-9975-71487d6bd5a6,39,3053O00006C0,-22.8822,-43.2754,2019-01-25 09:23:08,2019-01-25 10:08:14,45.1,104.46259392776429
C51631,1a516c64-e0c1-41ab-9975-71487d6bd5a6,40,3053O00007C0,-22.881083,-43.272751,2019-01-25 09:23:52,2019-01-25 10:08:44,44.86666666666667,30.722323691682853
C51631,1a516c64-e0c1-41ab-9975-71487d6bd5a6,41,3053O00008C0,-22.878863,-43.265859,2019-01-25 09:25:38,,,
C51631,1a516c64-e0c1-41ab-9975-71487d6bd5a6,42,3052O00001C0,-22.87833,-43.26397,2019-01-25 09:26:10,2019-01-25 10:10:44,44.56666666666667,196.79796296211936
C51631,1a516c64-e0c1-41ab-9975-71487d6bd5a6,43,3052O00002C1,-22.878337,-43.261822,2019-01-25 09:26:41,,,
C51631,1a516c64-e0c1-41ab-9975-71487d6bd5a6,44,3052O00003C0,-22.880394,-43.259223,2019-01-25 09:27:36,,,
C51631,1a516c64-e0c1-41ab-9975-71487d6bd5a6,45,3155O00001C0,-22.882581,-43.254845,2019-01-25 09:28:48,2019-01-25 10:12:44,43.93333333333333,18.469850551107108
C51631,1a516c64-e0c1-41ab-9975-71487d6bd5a6,46,3155O00002C0,-22.88517,-43.25266,2019-01-25 09:29:39,2019-01-25 11:24:14,114.58333333333333,174.12855119493776
C51631,1a516c64-e0c1-41ab-9975-71487d6bd5a6,47,3155O00003C0,-22.886927,-43.250822,2019-01-25 09:30:17,2019-01-25 11:24:44,114.45,227.48944754551937
C51631,1a516c64-e0c1-41ab-9975-71487d6bd5a6,48,1012O00011C0,-22.890046,-43.244457,2019-01-25 09:32:17,,,
C51631,1a516c64-e0c1-41ab-9975-71487d6bd5a6,49,1012O00012C0,-22.890765,-43.242335,2019-01-25 09:32:48,,,
C51631,1a516c64-e0c1-41ab-9975-71487d6bd5a6,50,1012O00013C0,-22.891768,-43.240794,2019-01-25 09:33:12,,,
C51631,1a516c64-e0c1-41ab-9975-71487d6bd5a6,51,1012O00027C0,-22.89495,-43.24279,2019-01-25 09:34:28,,,
C51631,1a516c64-e0c1-41ab-9975-71487d6bd5a6,52,vphs,-22.897995,-43.241305,2019-01-25 09:35:39,,,
C51631,1a516c64-e0c1-41ab-9975-71487d6bd5a6,53,1011O00001C0,-22.90138,-43.241176,2019-01-25 09:36:39,,,
C51631,1a516c64-e0c1-41ab-9975-71487d6bd5a6,54,3057O00006C0,-22.90591,-43.23964,2019-01-25 09:37:52,,,
C51631,1a516c64-e0c1-41ab-9975-71487d6bd5a6,56,1011O00002C0,-22.907884,-43.236917,2019-01-25 09:38:42,,,
C51631,1a516c64-e0c1-41ab-9975-71487d6bd5a6,57,2035O00042C0,-22.908756,-43.234655,2019-01-25 09:39:14,,,
C51631,1a516c64-e0c1-41ab-9975-71487d6bd5a6,58,1010O00038C0,-22.908374,-43.231002,2019-01-25 09:40:11,,,
C51631,1a516c64-e0c1-41ab-9975-71487d6bd5a6,59,1010O00077C0,-22.90931,-43.22631,2019-01-25 09:41:32,,,
C51631,1a516c64-e0c1-41ab-9975-71487d6bd5a6,60,1010O00103C0,-22.909238,-43.222916,2019-01-25 09:42:22,,,
C51631,1a516c64-e0c1-41ab-9975-71487d6bd5a6,61,1010O00040C0,-22.906357,-43.220639,2019-01-25 09:43:19,,,
C51631,1a516c64-e0c1-41ab-9975-71487d6bd5a6,62,1010O00107C0,-22.904907,-43.218901,2019-01-25 09:44:05,,,
C51631,1a516c64-e0c1-41ab-9975-71487d6bd5a6,63,1010O00079C0,-22.90411,-43.21611,2019-01-25 09:44:50,,,
C51631,1a516c64-e0c1-41ab-9975-71487d6bd5a6,64,1010O00080C0,-22.90341,-43.21449,2019-01-25 09:45:16,,,
C51631,1a516c64-e0c1-41ab-9975-71487d6bd5a6,65,1010O00081C0,-22.902025,-43.210979,2019-01-25 09:46:11,,,
C51631,1a516c64-e0c1-41ab-9975-71487d6bd5a6,66,2032O00028C0,-22.908498,-43.209965,2019-01-25 09:47:57,,,
C51631,1a516c64-e0c1-41ab-9975-71487d6bd5a6,67,1008O00022S0,-22.91013,-43.205583,2019-01-25 09:49:31,,,
C51631,1a516c64-e0c1-41ab-9975-71487d6bd5a6,68,1008O00005S0,-22.908619,-43.201048,2019-01-25 09:50:40,,,
C51631,1a516c64-e0c1-41ab-9975-71487d6bd5a6,69,1005O00060C0,-22.90623,-43.193405,2019-01-25 09:52:37,,,
C51631,1a516c64-e0c1-41ab-9975-71487d6bd5a6,70,1005O00359S0,-22.905052,-43.189782,2019-01-25 09:53:32,,,
C51631,1a516c64-e0c1-41ab-9975-71487d6bd5a6,71,1005O00375S2,-22.903332,-43.184461,2019-01-25 09:54:53,,,
C51631,1a516c64-e0c1-41ab-9975-71487d6bd5a6,72,1005O00197C0,-22.905593,-43.182786,2019-01-25 09:55:46,,,
C51631,1a516c64-e0c1-41ab-9975-71487d6bd5a6,73,1005O00020S0,-22.90723,-43.18272,2019-01-25 09:56:22,,,
C51631,1a516c64-e0c1-41ab-9975-71487d6bd5a6,74,1005O00232S0,-22.90879,-43.18819,2019-01-25 09:57:45,,,
C51631,1a516c64-e0c1-41ab-9975-71487d6bd5a6,75,1005O00234C0,-22.908392,-43.189263,2019-01-25 09:58:06,,,
C51560,1a516c64-e0c1-41ab-9975-71487d6bd5a6,0,4124O00046C0,-22.901318,-43.347259,2019-01-25 08:57:37,2019-01-25 10:07:07,69.5,87.70141267040769
C51560,1a516c64-e0c1-41ab-9975-71487d6bd5a6,1,4124O00031C0,-22.90189,-43.34779,2019-01-25 08:57:48,2019-01-25 10:11:37,73.81666666666666,97.72475852841042
C51560,1a516c64-e0c1-41ab-9975-71487d6bd5a6,2,4124O00058C0,-22.900466,-43.349828,2019-01-25 08:58:28,2019-01-25 10:20:07,81.65,235.18193030157852
C51560,1a516c64-e0c1-41ab-9975-71487d6bd5a6,3,4124O00033C0,-22.89911,-43.35167,2019-01-25 08:59:02,2019-01-25 10:23:07,84.08333333333333,201.86864703212018
C51560,1a516c64-e0c1-41ab-9975-71487d6bd5a6,4,4124O00004C0,-22.898012,-43.352228,2019-01-25 08:59:29,,,
C51560,1a516c64-e0c1-41ab-9975-71487d6bd5a6,5,4124O00006C0,-22.89818,-43.350146,2019-01-25 09:00:13,,,
C51560,1a516c64-e0c1-41ab-9975-71487d6bd5a6,6,4124O00008C0,-22.896967,-43.348397,2019-01-25 09:00:49,2019-01-25 10:23:37,82.8,42.57559759519132
C51560,1a516c64-e0c1-41ab-9975-71487d6bd5a6,7,4124O00016C0,-22.8954,-43.34742,2019-01-25 09:01:17,,,
C51560,1a516c64-e0c1-41ab-9975-71487d6bd5a6,8,4124O00017C0,-22.89369,-43.34688,2019-01-25 09:01:45,,,
C51560,1a516c64-e0c1-41ab-9975-71487d6bd5a6,9,4124O00050C0,-22.890381,-43.34553,2019-01-25 09:02:46,,,
C51560,1a516c64-e0c1-41ab-9975-71487d6bd5a6,10,3078O00007C0,-22.88842,-43.34439,2019-01-25 09:03:21,,,
C51560,1a516c64-e0c1-41ab-9975-71487d6bd5a6,11,3078O00008C0,-22.88717,-43.34339,2019-01-25 09:03:45,,,
C51560,1a516c64-e0c1-41ab-9975-71487d6bd5a6,12,3078O00009C0,-22.88579,-43.34209,2019-01-25 09:04:14,,,
C51560,1a516c64-e0c1-41ab-9975-71487d6bd5a6,13,3082O00002C0,-22.88283,-43.34025,2019-01-25 09:05:31,2019-01-25 10:28:07,82.6,27.496836742343184
C51560,1a516c64-e0c1-41ab-9975-71487d6bd5a6,14,3082O00018C0,-22.882534,-43.33687,2019-01-25 09:06:20,2019-01-25 10:29:07,82.78333333333333,215.5063156511296
C51560,1a516c64-e0c1-41ab-9975-71487d6bd5a6,15,3082O00051C0,-22.882382,-43.333901,2019-01-25 09:07:03,,,
C51560,1a516c64-e0c1-41ab-9975-71487d6bd5a6,16,3082O00019C0,-22.882138,-43.331007,2019-01-25 09:07:51,2019-01-25 10:31:07,83.26666666666667,153.40086292887375
C51560,1a516c64-e0c1-41ab-9975-71487d6bd5a6,17,3082O00004C1,-22.88256,-43.32373,2019-01-25 09:09:32,2019-01-25 10:33:37,84.08333333333333,205.88403631980546
C51560,1a516c64-e0c1-41ab-9975-71487d6bd5a6,18,3082O00005C2,-22.88284,-43.3224,2019-01-25 09:09:52,2019-01-25 10:34:37,84.75,88.0100688498836
C51560,1a516c64-e0c1-41ab-9975-71487d6bd5a6,19,3079O00001C2,-22.8835,-43.32058,2019-01-25 09:10:20,,,
C51560,1a516c64-e0c1-41ab-9975-71487d6bd5a6,20,3079O00002C2,-22.88445,-43.31751,2019-01-25 09:11:07,2019-01-25 10:37:07,86.0,239.8850561291685
C51560,1a516c64-e0c1-41ab-9975-71487d6bd5a6,21,3079O00041C2,-22.884744,-43.316116,2019-01-25 09:11:28,,,
C51560,1a516c64-e0c1-41ab-9975-71487d6bd5a6,23,3079O00040C2,-22.88498,-43.31429,2019-01-25 09:11:54,,,
C51560,1a516c64-e0c1-41ab-9975-71487d6bd5a6,24,3079O00042C2,-22.885103,-43.311568,2019-01-25 09:12:33,2019-01-25 10:39:07,86.56666666666666,200.78707123243487
C51560,1a516c64-e0c1-41ab-9975-71487d6bd5a6,25,3069O00057C2,-22.88562,-43.30967,2019-01-25 09:13:03,,,
C51560,1a516c64-e0c1-41ab-9975-71487d6bd5a6,26,3069O00058C2,-22.88672,-43.306443,2019-01-25 09:13:52,,,
C51560,1a516c64-e0c1-41ab-9975-71487d6bd5a6,27,3069O00003C2,-22.88646,-43.30281,2019-01-25 09:14:46,,,
C51560,1a516c64-e0c1-41ab-9975-71487d6bd5a6,28,3070O00001C2,-22.88548,-43.30031,2019-01-25 09:15:27,2019-01-25 10:43:37,88.16666666666667,107.56979671610527
C51560,1a516c64-e0c1-41ab-9975-71487d6bd5a6,29,3071O00033C2,-22.884601,-43.297845,2019-01-25 09:16:06,,,
C51560,1a516c64-e0c1-41ab-9975-71487d6bd5a6,30,3071O00004C2,-22.88341,-43.29648,2019-01-25 09:16:33,,,
C51560,1a516c64-e0c1-41ab-9975-71487d6bd5a6,31,3071O00005C2,-22.88182,-43.29431,2019-01-25 09:17:14,2019-01-25 10:45:07,87.88333333333334,14.567976287847443
C51560,1a516c64-e0c1-41ab-9975-71487d6bd5a6,32,3071O00006C2,-22.8842,-43.29133,2019-01-25 09:18:18,2019-01-25 10:47:07,88.81666666666666,16.57603691048223
C51560,1a516c64-e0c1-41ab-9975-71487d6bd5a6,33,3066O00003C2,-22.885668,-43.290084,2019-01-25 09:18:52,2019-01-25 10:49:07,90.25,239.99483231041813
C51560,1a516c64-e0c1-41ab-9975-71487d6bd5a6,34,3064O00002C0,-22.88744,-43.2864,2019-01-25 09:19:47,,,
C51560,1a516c64-e0c1-41ab-9975-71487d6bd5a6,35,3065O00001C0,-22.887738,-43.283511,2019-01-25 09:20:23,,,
C51560,1a516c64-e0c1-41ab-9975-71487d6bd5a6,36,3065O00003C0,-22.887155,-43.280679,2019-01-25 09:21:09,2019-01-25 10:52:07,90.96666666666667,31.956279895510722
C51560,1a516c64-e0c1-41ab-9975-71487d6bd5a6,37,3065O00004C0,-22.88591,-43.27898,2019-01-25 09:21:42,2019-01-25 10:52:37,90.91666666666667,85.36019061286694
C51560,1a516c64-e0c1-41ab-9975-71487d6bd5a6,38,3065O00005C0,-22.88441,-43.27719,2019-01-25 09:22:17,,,
C51560,1a516c64-e0c1-41ab-9975-71487d6bd5a6,39,3053O00006C0,-22.8822,-43.2754,2019-01-25 09:23:00,2019-01-25 10:55:07,92.11666666666666,164.10445753827813
C51560,1a516c64-e0c1-41ab-9975-71487d6bd5a6,40,3053O00007C0,-22.881083,-43.272751,2019-01-25 09:23:44,,,
C51560,1a516c64-e0c1-41ab-9975-71487d6bd5a6,41,3053O00008C0,-22.878863,-43.265859,2019-01-25 09:25:30,2019-01-25 10:58:07,92.61666666666666,20.49115617114101
C51560,1a516c64-e0c1-41ab-9975-71487d6bd5a6,42,3052O00001C0,-22.87833,-43.26397,2019-01-25 09:26:02,,,
C51560,1a516c64-e0c1-41ab-9975-71487d6bd5a6,43,3052O00002C1,-22.878337,-43.261822,2019-01-25 09:26:33,,,
C51560,1a516c64-e0c1-41ab-9975-71487d6bd5a6,44,3052O00003C0,-22.880394,-43.259223,2019-01-25 09:27:28,,,
C51560,1a516c64-e0c1-41ab-9975-71487d6bd5a6,45,3155O00001C0,-22.882581,-43.254845,2019-01-25 09:28:40,2019-01-25 11:02:07,93.45,35.21395043983583
C51560,1a516c64-e0c1-41ab-9975-71487d6bd5a6,46,3155O00002C0,-22.88517,-43.25266,2019-01-25 09:29:31,2019-01-25 11:03:37,94.1,151.65418169219151
C51560,1a516c64-e0c1-41ab-9975-71487d6bd5a6,47,3155O00003C0,-22.886927,-43.250822,2019-01-25 09:30:09,2019-01-25 11:04:37,94.46666666666667,68.53744808270618
C51560,1a516c64-e0c1-41ab-9975-71487d6bd5a6,48,1012O00011C0,-22.890046,-43.244457,2019-01-25 09:32:09,2019-01-25 11:05:37,93.46666666666667,128.10069329740878
C51560,1a516c64-e0c1-41ab-9975-71487d6bd5a6,49,1012O00012C0,-22.890765,-43.242335,2019-01-25 09:32:40,,,
C51560,1a516c64-e0c1-41ab-9975-71487d6bd5a6,50,1012O00013C0,-22.891768,-43.240794,2019-01-25 09:33:04,,,
C51560,1a516c64-e0c1-41ab-9975-71487d6bd5a6,51,1012O00027C0,-22.89495,-43.24279,2019-01-25 09:34:20,,,
C51560,1a516c64-e0c1-41ab-9975-71487d6bd5a6,52,vphs,-22.897995,-43.241305,2019-01-25 09:35:31,,,
C51560,1a516c64-e0c1-41ab-9975-71487d6bd5a6,53,1011O00001C0,-22.90138,-43.241176,2019-01-25 09:36:31,2019-01-25 11:11:07,94.6,176.68921347886373
C51560,1a516c64-e0c1-41ab-9975-71487d6bd5a6,54,3057O00006C0,-22.90591,-43.23964,2019-01-25 09:37:44,,,
C51560,1a516c64-e0c1-41ab-9975-71487d6bd5a6,56,1011O00002C0,-22.907884,-43.236917,2019-01-25 09:38:34,2019-01-25 11:12:07,93.55,29.23867981706253
C51560,1a516c64-e0c1-41ab-9975-71487d6bd5a6,57,2035O00042C0,-22.908756,-43.234655,2019-01-25 09:39:06,,,
C51560,1a516c64-e0c1-41ab-9975-71487d6bd5a6,58,1010O00038C0,-22.908374,-43.231002,2019-01-25 09:40:03,,,
C51560,1a516c64-e0c1-41ab-9975-71487d6bd5a6,59,1010O00077C0,-22.90931,-43.22631,2019-01-25 09:41:24,,,
C51560,1a516c64-e0c1-41ab-9975-71487d6bd5a6,60,1010O00103C0,-22.909238,-43.222916,2019-01-25 09:42:14,2019-01-25 11:17:07,94.88333333333334,170.65326927976764
C51560,1a516c64-e0c1-41ab-9975-71487d6bd5a6,61,1010O00040C0,-22.906357,-43.220639,2019-01-25 09:43:11,,,
C51560,1a516c64-e0c1-41ab-9975-71487d6bd5a6,62,1010O00107C0,-22.904907,-43.218901,2019-01-25 09:43:57,2019-01-25 11:18:07,94.16666666666667,15.710671514274253
C51560,1a516c64-e0c1-41ab-9975-71487d6bd5a6,63,1010O00079C0,-22.90411,-43.21611,2019-01-25 09:44:42,2019-01-25 11:19:07,94.41666666666667,144.98285198779087
C51560,1a516c64-e0c1-41ab-9975-71487d6bd5a6,64,1010O00080C0,-22.90341,-43.21449,2019-01-25 09:45:08,2019-01-25 11:20:07,94.98333333333333,117.92054167149637
C51560,1a516c64-e0c1-41ab-9975-71487d6bd5a6,65,1010O00081C0,-22.902025,-43.210979,2019-01-25 09:46:03,2019-01-25 11:21:07,95.06666666666666,68.08804908443128
C51560,1a516c64-e0c1-41ab-9975-71487d6bd5a6,66,2032O00028C0,-22.908498,-43.209965,2019-01-25 09:47:49,2019-01-25 11:23:07,95.3,132.55270917345646
C51560,1a516c64-e0c1-41ab-9975-71487d6bd5a6,67,1008O00022S0,-22.91013,-43.205583,2019-01-25 09:49:23,,,
C51560,1a516c64-e0c1-41ab-9975-71487d6bd5a6,68,1008O00005S0,-22.908619,-43.201048,2019-01-25 09:50:32,,,
C51560,1a516c64-e0c1-41ab-9975-71487d6bd5a6,69,1005O00060C0,-22.90623,-43.193405,2019-01-25 09:52:29,2019-01-25 11:29:07,96.63333333333334,70.02629016171436
C51560,1a516c64-e0c1-41ab-9975-71487d6bd5a6,70,1005O00359S0,-22.905052,-43.189782,2019-01-25 09:53:24,2019-01-25 11:52:07,118.71666666666667,165.4024490543513
C51560,1a516c64-e0c1-41ab-9975-71487d6bd5a6,71,1005O00375S2,-22.903332,-43.184461,2019-01-25 09:54:45,,,
C51560,1a516c64-e0c1-41ab-9975-71487d6bd5a6,72,1005O00197C0,-22.905593,-43.182786,2019-01-25 09:55:38,,,
C51560,1a516c64-e0c1-41ab-9975-71487d6bd5a6,73,1005O00020S0,-22.90723,-43.18272,2019-01-25 09:56:14,,,
C51560,1a516c64-e0c1-41ab-9975-71487d6bd5a6,74,1005O00232S0,-22.90879,-43.18819,2019-01-25 09:57:37,,,
C51560,1a516c64-e0c1-41ab-9975-71487d6bd5a6,75,1005O00234C0,-22.908392,-43.189263,2019-01-25 09:57:58,,,
C51623,1a516c64-e0c1-41ab-9975-71487d6bd5a6,0,4124O00046C0,-22.901318,-43.347259,2019-01-25 08:50:39,2019-01-25 09:09:43,19.066666666666666,66.07628747390476
C51623,1a516c64-e0c1-41ab-9975-71487d6bd5a6,1,4124O00031C0,-22.90189,-43.34779,2019-01-25 08:50:50,2019-01-25 09:10:42,19.866666666666667,123.48844040583087
C51623,1a516c64-e0c1-41ab-9975-71487d6bd5a6,2,4124O00058C0,-22.900466,-43.349828,2019-01-25 08:51:30,,,
C51623,1a516c64-e0c1-41ab-9975-71487d6bd5a6,3,4124O00033C0,-22.89911,-43.35167,2019-01-25 08:52:04,2019-01-25 09:22:44,30.666666666666668,31.73685999873949
C51623,1a516c64-e0c1-41ab-9975-71487d6bd5a6,4,4124O00004C0,-22.898012,-43.352228,2019-01-25 08:52:31,,,
C51623,1a516c64-e0c1-41ab-9975-71487d6bd5a6,5,4124O00006C0,-22.89818,-43.350146,2019-01-25 08:53:15,,,
C51623,1a516c64-e0c1-41ab-9975-71487d6bd5a6,6,4124O00008C0,-22.896967,-43.348397,2019-01-25 08:53:51,,,
C51623,1a516c64-e0c1-41ab-9975-71487d6bd5a6,7,4124O00016C0,-22.8954,-43.34742,2019-01-25 08:54:19,,,
C51623,1a516c64-e0c1-41ab-9975-71487d6bd5a6,8,4124O00017C0,-22.89369,-43.34688,2019-01-25 08:54:47,,,
C51623,1a516c64-e0c1-41ab-9975-71487d6bd5a6,9,4124O00050C0,-22.890381,-43.34553,2019-01-25 08:55:48,,,
C51623,1a516c64-e0c1-41ab-9975-71487d6bd5a6,10,3078O00007C0,-22.88842,-43.34439,2019-01-25 08:56:23,,,
C51623,1a516c64-e0c1-41ab-9975-71487d6bd5a6,11,3078O00008C0,-22.88717,-43.34339,2019-01-25 08:56:47,,,
C51623,1a516c64-e0c1-41ab-9975-71487d6bd5a6,12,3078O00009C0,-22.88579,-43.34209,2019-01-25 08:57:16,,,
C51623,1a516c64-e0c1-41ab-9975-71487d6bd5a6,13,3082O00002C0,-22.88283,-43.34025,2019-01-25 08:58:33,2019-01-25 09:28:43,30.166666666666668,218.8675832630453
C51623,1a516c64-e0c1-41ab-9975-71487d6bd5a6,14,3082O00018C0,-22.882534,-43.33687,2019-01-25 08:59:22,,,
C51623,1a516c64-e0c1-41ab-9975-71487d6bd5a6,15,3082O00051C0,-22.882382,-43.333901,2019-01-25 09:00:05,,,
C51623,1a516c64-e0c1-41ab-9975-71487d6bd5a6,16,3082O00019C0,-22.882138,-43.331007,2019-01-25 09:00:53,,,
C51623,1a516c64-e0c1-41ab-9975-71487d6bd5a6,17,3082O00004C1,-22.88256,-43.32373,2019-01-25 09:02:34,,,
C51623,1a516c64-e0c1-41ab-9975-71487d6bd5a6,18,3082O00005C2,-22.88284,-43.3224,2019-01-25 09:02:54,,,
C51623,1a516c64-e0c1-41ab-9975-71487d6bd5a6,19,3079O00001C2,-22.8835,-43.32058,2019-01-25 09:03:22,2019-01-25 09:36:16,32.9,50.303667754833384
C51623,1a516c64-e0c1-41ab-9975-71487d6bd5a6,20,3079O00002C2,-22.88445,-43.31751,2019-01-25 09:04:09,,,
C51623,1a516c64-e0c1-41ab-9975-71487d6bd5a6,21,3079O00041C2,-22.884744,-43.316116,2019-01-25 09:04:30,,,
C51623,1a516c64-e0c1-41ab-9975-71487d6bd5a6,23,3079O00040C2,-22.88498,-43.31429,2019-01-25 09:04:56,,,
C51623,1a516c64-e0c1-41ab-9975-71487d6bd5a6,24,3079O00042C2,-22.885103,-43.311568,2019-01-25 09:05:35,2019-01-25 09:39:46,34.18333333333333,197.71176598047748
C51623,1a516c64-e0c1-41ab-9975-71487d6bd5a6,25,3069O00057C2,-22.88562,-43.30967,2019-01-25 09:06:05,,,
C51623,1a516c64-e0c1-41ab-9975-71487d6bd5a6,26,3069O00058C2,-22.88672,-43.306443,2019-01-25 09:06:54,,,
C51623,1a516c64-e0c1-41ab-9975-71487d6bd5a6,27,3069O00003C2,-22.88646,-43.30281,2019-01-25 09:07:48,,,
C51623,1a516c64-e0c1-41ab-9975-71487d6bd5a6,28,3070O00001C2,-22.88548,-43.30031,2019-01-25 09:08:29,2019-01-25 09:42:46,34.28333333333333,40.606702672567614
C51623,1a516c64-e0c1-41ab-9975-71487d6bd5a6,29,3071O00033C2,-22.884601,-43.297845,2019-01-25 09:09:08,,,
C51623,1a516c64-e0c1-41ab-9975-71487d6bd5a6,30,3071O00004C2,-22.88341,-43.29648,2019-01-25 09:09:35,,,
C51623,1a516c64-e0c1-41ab-9975-71487d6bd5a6,31,3071O00005C2,-22.88182,-43.29431,2019-01-25 09:10:16,2019-01-25 09:46:16,36.0,99.6974718647894
C51623,1a516c64-e0c1-41ab-9975-71487d6bd5a6,32,3071O00006C2,-22.8842,-43.29133,2019-01-25 09:11:20,,,
C51623,1a516c64-e0c1-41ab-9975-71487d6bd5a6,33,3066O00003C2,-22.885668,-43.290084,2019-01-25 09:11:54,,,
C51623,1a516c64-e0c1-41ab-9975-71487d6bd5a6,34,3064O00002C0,-22.88744,-43.2864,2019-01-25 09:12:49,,,
C51623,1a516c64-e0c1-41ab-9975-71487d6bd5a6,35,3065O00001C0,-22.887738,-43.283511,2019-01-25 09:13:25,,,
C51623,1a516c64-e0c1-41ab-9975-71487d6bd5a6,36,3065O00003C0,-22.887155,-43.280679,2019-01-25 09:14:11,,,
C51623,1a516c64-e0c1-41ab-9975-71487d6bd5a6,37,3065O00004C0,-22.88591,-43.27898,2019-01-25 09:14:44,,,
C51623,1a516c64-e0c1-41ab-9975-71487d6bd5a6,38,3065O00005C0,-22.88441,-43.27719,2019-01-25 09:15:19,,,
C51623,1a516c64-e0c1-41ab-9975-71487d6bd5a6,39,3053O00006C0,-22.8822,-43.2754,2019-01-25 09:16:02,,,
C51623,1a516c64-e0c1-41ab-9975-71487d6bd5a6,40,3053O00007C0,-22.881083,-43.272751,2019-01-25 09:16:46,,,
C51623,1a516c64-e0c1-41ab-9975-71487d6bd5a6,41,3053O00008C0,-22.878863,-43.265859,2019-01-25 09:18:32,2019-01-25 09:55:16,36.733333333333334,11.754178363074095
C51623,1a516c64-e0c1-41ab-9975-71487d6bd5a6,42,3052O00001C0,-22.87833,-43.26397,2019-01-25 09:19:04,2019-01-25 11:17:53,118.81666666666666,28.465686998198812
C51623,1a516c64-e0c1-41ab-9975-71487d6bd5a6,43,3052O00002C1,-22.878337,-43.261822,2019-01-25 09:19:35,,,
C51623,1a516c64-e0c1-41ab-9975-71487d6bd5a6,44,3052O00003C0,-22.880394,-43.259223,2019-01-25 09:20:30,,,
C51623,1a516c64-e0c1-41ab-9975-71487d6bd5a6,45,3155O00001C0,-22.882581,-43.254845,2019-01-25 09:21:42,,,
C51623,1a516c64-e0c1-41ab-9975-71487d6bd5a6,46,3155O00002C0,-22.88517,-43.25266,2019-01-25 09:22:33,,,
C51623,1a516c64-e0c1-41ab-9975-71487d6bd5a6,47,3155O00003C0,-22.886927,-43.250822,2019-01-25 09:23:11,,,
C51623,1a516c64-e0c1-41ab-9975-71487d6bd5a6,48,1012O00011C0,-22.890046,-43.244457,2019-01-25 09:25:11,,,
C51623,1a516c64-e0c1-41ab-9975-71487d6bd5a6,49,1012O00012C0,-22.890765,-43.242335,2019-01-25 09:25:42,,,
C51623,1a516c64-e0c1-41ab-9975-71487d6bd5a6,50,1012O00013C0,-22.891768,-43.240794,2019-01-25 09:26:06,,,
C51623,1a516c64-e0c1-41ab-9975-71487d6bd5a6,51,1012O00027C0,-22.89495,-43.24279,2019-01-25 09:27:22,,,
C51623,1a516c64-e0c1-41ab-9975-71487d6bd5a6,52,vphs,-22.897995,-43.241305,2019-01-25 09:28:33,,,
C51623,1a516c64-e0c1-41ab-9975-71487d6bd5a6,53,1011O00001C0,-22.90138,-43.241176,2019-01-25 09:29:33,,,
C51623,1a516c64-e0c1-41ab-9975-71487d6bd5a6,54,3057O00006C0,-22.90591,-43.23964,2019-01-25 09:30:46,,,
C51623,1a516c64-e0c1-41ab-9975-71487d6bd5a6,56,1011O00002C0,-22.907884,-43.236917,2019-01-25 09:31:36,,,
C51623,1a516c64-e0c1-41ab-9975-71487d6bd5a6,57,2035O00042C0,-22.908756,-43.234655,2019-01-25 09:32:08,,,
C51623,1a516c64-e0c1-41ab-9975-71487d6bd5a6,58,1010O00038C0,-22.908374,-43.231002,2019-01-25 09:33:05,,,
C51623,1a516c64-e0c1-41ab-9975-71487d6bd5a6,59,1010O00077C0,-22.90931,-43.22631,2019-01-25 09:34:26,,,
C51623,1a516c64-e0c1-41ab-9975-71487d6bd5a6,60,1010O00103C0,-22.909238,-43.222916,2019-01-25 09:35:16,,,
C51623,1a516c64-e0c1-41ab-9975-71487d6bd5a6,61,1010O00040C0,-22.906357,-43.220639,2019-01-25 09:36:13,,,
C51623,1a516c64-e0c1-41ab-9975-71487d6bd5a6,62,1010O00107C0,-22.904907,-43.218901,2019-01-25 09:36:59,,,
C51623,1a516c64-e0c1-41ab-9975-71487d6bd5a6,63,1010O00079C0,-22.90411,-43.21611,2019-01-25 09:37:44,,,
C51623,1a516c64-e0c1-41ab-9975-71487d6bd5a6,64,1010O00080C0,-22.90341,-43.21449,2019-01-25 09:38:10,,,
C51623,1a516c64-e0c1-41ab-9975-71487d6bd5a6,65,1010O00081C0,-22.902025,-43.210979,2019-01-25 09:39:05,,,
C51623,1a516c64-e0c1-41ab-9975-71487d6bd5a6,66,2032O00028C0,-22.908498,-43.209965,2019-01-25 09:40:51,,,
C51623,1a516c64-e0c1-41ab-9975-71487d6bd5a6,67,1008O00022S0,-22.91013,-43.205583,2019-01-25 09:42:25,,,
C51623,1a516c64-e0c1-41ab-9975-71487d6bd5a6,68,1008O00005S0,-22.908619,-43.201048,2019-01-25 09:43:34,,,
C51623,1a516c64-e0c1-41ab-9975-71487d6bd5a6,69,1005O00060C0,-22.90623,-43.193405,2019-01-25 09:45:31,,,
C51623,1a516c64-e0c1-41ab-9975-71487d6bd5a6,70,1005O00359S0,-22.905052,-43.189782,2019-01-25 09:46:26,,,
C51623,1a516c64-e0c1-41ab-9975-71487d6bd5a6,71,1005O00375S2,-22.903332,-43.184461,2019-01-25 09:47:47,,,
C51623,1a516c64-e0c1-41ab-9975-71487d6bd5a6,72,1005O00197C0,-22.905593,-43.182786,2019-01-25 09:48:40,,,
C51623,1a516c64-e0c1-41ab-9975-71487d6bd5a6,73,1005O00020S0,-22.90723,-43.18272,2019-01-25 09:49:16,,,
C51623,1a516c64-e0c1-41ab-9975-71487d6bd5a6,74,1005O00232S0,-22.90879,-43.18819,2019-01-25 09:50:39,,,
C51623,1a516c64-e0c1-41ab-9975-71487d6bd5a6,75,1005O00234C0,-22.908392,-43.189263,2019-01-25 09:51:00,,,
C51618,1a516c64-e0c1-41ab-9975-71487d6bd5a6,0,4124O00046C0,-22.901318,-43.347259,2019-01-25 08:57:52,2019-01-25 09:01:52,4.0,8.914197335141933
C51618,1a516c64-e0c1-41ab-9975-71487d6bd5a6,1,4124O00031C0,-22.90189,-43.34779,2019-01-25 08:58:03,2019-01-25 09:02:52,4.816666666666666,89.57828867627701
C51618,1a516c64-e0c1-41ab-9975-71487d6bd5a6,2,4124O00058C0,-22.900466,-43.349828,2019-01-25 08:58:43,2019-01-25 09:06:52,8.15,55.79173804088646
C51618,1a516c64-e0c1-41ab-9975-71487d6bd5a6,3,4124O00033C0,-22.89911,-43.35167,2019-01-25 08:59:17,,,
C51618,1a516c64-e0c1-41ab-9975-71487d6bd5a6,4,4124O00004C0,-22.898012,-43.352228,2019-01-25 08:59:44,,,
C51618,1a516c64-e0c1-41ab-9975-71487d6bd5a6,5,4124O00006C0,-22.89818,-43.350146,2019-01-25 09:00:28,,,
C51618,1a516c64-e0c1-41ab-9975-71487d6bd5a6,6,4124O00008C0,-22.896967,-43.348397,2019-01-25 09:01:04,,,
C51618,1a516c64-e0c1-41ab-9975-71487d6bd5a6,7,4124O00016C0,-22.8954,-43.34742,2019-01-25 09:01:32,,,
C51618,1a516c64-e0c1-41ab-9975-71487d6bd5a6,8,4124O00017C0,-22.89369,-43.34688,2019-01-25 09:02:00,,,
C51618,1a516c64-e0c1-41ab-9975-71487d6bd5a6,9,4124O00050C0,-22.890381,-43.34553,2019-01-25 09:03:01,,,
C51618,1a516c64-e0c1-41ab-9975-71487d6bd5a6,10,3078O00007C0,-22.88842,-43.34439,2019-01-25 09:03:36,,,
C51618,1a516c64-e0c1-41ab-9975-71487d6bd5a6,11,3078O00008C0,-22.88717,-43.34339,2019-01-25 09:04:00,,,
C51618,1a516c64-e0c1-41ab-9975-71487d6bd5a6,12,3078O00009C0,-22.88579,-43.34209,2019-01-25 09:04:29,,,
C51618,1a516c64-e0c1-41ab-9975-71487d6bd5a6,13,3082O00002C0,-22.88283,-43.34025,2019-01-25 09:05:46,2019-01-25 09:12:52,7.1,220.70204256313122
C51618,1a516c64-e0c1-41ab-9975-71487d6bd5a6,14,3082O00018C0,-22.882534,-43.33687,2019-01-25 09:06:35,,,
C51618,1a516c64-e0c1-41ab-9975-71487d6bd5a6,15,3082O00051C0,-22.882382,-43.333901,2019-01-25 09:07:18,,,
C51618,1a516c64-e0c1-41ab-9975-71487d6bd5a6,16,3082O00019C0,-22.882138,-43.331007,2019-01-25 09:08:06,2019-01-25 09:15:52,7.766666666666667,195.27870282895273
C51618,1a516c64-e0c1-41ab-9975-71487d6bd5a6,17,3082O00004C1,-22.88256,-43.32373,2019-01-25 09:09:47,2019-01-25 09:18:52,9.083333333333334,149.8211057424363
C51618,1a516c64-e0c1-41ab-9975-71487d6bd5a6,18,3082O00005C2,-22.88284,-43.3224,2019-01-25 09:10:07,,,
C51618,1a516c64-e0c1-41ab-9975-71487d6bd5a6,19,3079O00001C2,-22.8835,-43.32058,2019-01-25 09:10:35,,,
C51618,1a516c64-e0c1-41ab-9975-71487d6bd5a6,20,3079O00002C2,-22.88445,-43.31751,2019-01-25 09:11:22,,,
C51618,1a516c64-e0c1-41ab-9975-71487d6bd5a6,21,3079O00041C2,-22.884744,-43.316116,2019-01-25 09:11:43,,,
C51618,1a516c64-e0c1-41ab-9975-71487d6bd5a6,23,3079O00040C2,-22.88498,-43.31429,2019-01-25 09:12:09,2019-01-25 09:20:52,8.716666666666667,194.82567508383093
C51618,1a516c64-e0c1-41ab-9975-71487d6bd5a6,24,3079O00042C2,-22.885103,-43.311568,2019-01-25 09:12:48,2019-01-25 09:21:52,9.066666666666666,209.55658656117632
C51618,1a516c64-e0c1-41ab-9975-71487d6bd5a6,25,3069O00057C2,-22.88562,-43.30967,2019-01-25 09:13:18,,,
C51618,1a516c64-e0c1-41ab-9975-71487d6bd5a6,26,3069O00058C2,-22.88672,-43.306443,2019-01-25 09:14:07,,,
C51618,1a516c64-e0c1-41ab-9975-71487d6bd5a6,27,3069O00003C2,-22.88646,-43.30281,2019-01-25 09:15:01,2019-01-25 09:22:52,7.85,129.53313271742337
C51618,1a516c64-e0c1-41ab-9975-71487d6bd5a6,28,3070O00001C2,-22.88548,-43.30031,2019-01-25 09:15:42,2019-01-25 09:24:52,9.166666666666666,43.82489447070653
C51618,1a516c64-e0c1-41ab-9975-71487d6bd5a6,29,3071O00033C2,-22.884601,-43.297845,2019-01-25 09:16:21,2019-01-25 09:25:52,9.516666666666667,185.23196217996727
C51618,1a516c64-e0c1-41ab-9975-71487d6bd5a6,30,3071O00004C2,-22.88341,-43.29648,2019-01-25 09:16:48,2019-01-25 09:26:22,9.566666666666666,164.27705606892937
C51618,1a516c64-e0c1-41ab-9975-71487d6bd5a6,31,3071O00005C2,-22.88182,-43.29431,2019-01-25 09:17:29,,,
C51618,1a516c64-e0c1-41ab-9975-71487d6bd5a6,32,3071O00006C2,-22.8842,-43.29133,2019-01-25 09:18:33,2019-01-25 09:28:52,10.316666666666666,5.653338655428784
C51618,1a516c64-e0c1-41ab-9975-71487d6bd5a6,33,3066O00003C2,-22.885668,-43.290084,2019-01-25 09:19:07,2019-01-25 11:18:55,119.8,201.8049424816519
C51618,1a516c64-e0c1-41ab-9975-71487d6bd5a6,34,3064O00002C0,-22.88744,-43.2864,2019-01-25 09:20:02,,,
C51618,1a516c64-e0c1-41ab-9975-71487d6bd5a6,35,3065O00001C0,-22.887738,-43.283511,2019-01-25 09:20:38,,,
C51618,1a516c64-e0c1-41ab-9975-71487d6bd5a6,36,3065O00003C0,-22.887155,-43.280679,2019-01-25 09:21:24,,,
C51618,1a516c64-e0c1-41ab-9975-71487d6bd5a6,37,3065O00004C0,-22.88591,-43.27898,2019-01-25 09:21:57,,,
C51618,1a516c64-e0c1-41ab-9975-71487d6bd5a6,38,3065O00005C0,-22.88441,-43.27719,2019-01-25 09:22:32,,,
C51618,1a516c64-e0c1-41ab-9975-71487d6bd5a6,39,3053O00006C0,-22.8822,-43.2754,2019-01-25 09:23:15,,,
C51618,1a516c64-e0c1-41ab-9975-71487d6bd5a6,40,3053O00007C0,-22.881083,-43.272751,2019-01-25 09:23:59,,,
C51618,1a516c64-e0c1-41ab-9975-71487d6bd5a6,41,3053O00008C0,-22.878863,-43.265859,2019-01-25 09:25:45,,,
C51618,1a516c64-e0c1-41ab-9975-71487d6bd5a6,42,3052O00001C0,-22.87833,-43.26397,2019-01-25 09:26:17,,,
C51618,1a516c64-e0c1-41ab-9975-71487d6bd5a6,43,3052O00002C1,-22.878337,-43.261822,2019-01-25 09:26:48,,,
C51618,1a516c64-e0c1-41ab-9975-71487d6bd5a6,44,3052O00003C0,-22.880394,-43.259223,2019-01-25 09:27:43,,,
C51618,1a516c64-e0c1-41ab-9975-71487d6bd5a6,45,3155O00001C0,-22.882581,-43.254845,2019-01-25 09:28:55,,,
C51618,1a516c64-e0c1-41ab-9975-71487d6bd5a6,46,3155O00002C0,-22.88517,-43.25266,2019-01-25 09:29:46,,,
C51618,1a516c64-e0c1-41ab-9975-71487d6bd5a6,47,3155O00003C0,-22.886927,-43.250822,2019-01-25 09:30:24,,,
C51618,1a516c64-e0c1-41ab-9975-71487d6bd5a6,48,1012O00011C0,-22.890046,-43.244457,2019-01-25 09:32:24,,,
C51618,1a516c64-e0c1-41ab-9975-71487d6bd5a6,49,1012O00012C0,-22.890765,-43.242335,2019-01-25 09:32:55,,,
C51618,1a516c64-e0c1-41ab-9975-71487d6bd5a6,50,1012O00013C0,-22.891768,-43.240794,2019-01-25 09:33:19,,,
C51618,1a516c64-e0c1-41ab-9975-71487d6bd5a6,51,1012O00027C0,-22.89495,-43.24279,2019-01-25 09:34:35,,,
C51618,1a516c64-e0c1-41ab-9975-71487d6bd5a6,52,vphs,-22.897995,-43.241305,2019-01-25 09:35:46,,,
C51618,1a516c64-e0c1-41ab-9975-71487d6bd5a6,53,1011O00001C0,-22.90138,-43.241176,2019-01-25 09:36:46,,,
C51618,1a516c64-e0c1-41ab-9975-71487d6bd5a6,54,3057O00006C0,-22.90591,-43.23964,2019-01-25 09:37:59,,,
C51618,1a516c64-e0c1-41ab-9975-71487d6bd5a6,56,1011O00002C0,-22.907884,-43.236917,2019-01-25 09:38:49,,,
C51618,1a516c64-e0c1-41ab-9975-71487d6bd5a6,57,2035O00042C0,-22.908756,-43.234655,2019-01-25 09:39:21,,,
C51618,1a516c64-e0c1-41ab-9975-71487d6bd5a6,58,1010O00038C0,-22.908374,-43.231002,2019-01-25 09:40:18,,,
C51618,1a516c64-e0c1-41ab-9975-71487d6bd5a6,59,1010O00077C0,-22.90931,-43.22631,2019-01-25 09:41:39,,,
C51618,1a516c64-e0c1-41ab-9975-71487d6bd5a6,60,1010O00103C0,-22.909238,-43.222916,2019-01-25 09:42:29,,,
C51618,1a516c64-e0c1-41ab-9975-71487d6bd5a6,61,1010O00040C0,-22.906357,-43.220639,2019-01-25 09:43:26,,,
C51618,1a516c64-e0c1-41ab-9975-71487d6bd5a6,62,1010O00107C0,-22.904907,-43.218901,2019-01-25 09:44:12,,,
C51618,1a516c64-e0c1-41ab-9975-71487d6bd5a6,63,1010O00079C0,-22.90411,-43.21611,2019-01-25 09:44:57,,,
C51618,1a516c64-e0c1-41ab-9975-71487d6bd5a6,64,1010O00080C0,-22.90341,-43.21449,2019-01-25 09:45:23,,,
C51618,1a516c64-e0c1-41ab-9975-71487d6bd5a6,65,1010O00081C0,-22.902025,-43.210979,2019-01-25 09:46:18,,,
C51618,1a516c64-e0c1-41ab-9975-71487d6bd5a6,66,2032O00028C0,-22.908498,-43.209965,2019-01-25 09:48:04,,,
C51618,1a516c64-e0c1-41ab-9975-71487d6bd5a6,67,1008O00022S0,-22.91013,-43.205583,2019-01-25 09:49:38,,,
C51618,1a516c64-e0c1-41ab-9975-71487d6bd5a6,68,1008O00005S0,-22.908619,-43.201048,2019-01-25 09:50:47,,,
C51618,1a516c64-e0c1-41ab-9975-71487d6bd5a6,69,1005O00060C0,-22.90623,-43.193405,2019-01-25 09:52:44,,,
C51618,1a516c64-e0c1-41ab-9975-71487d6bd5a6,70,1005O00359S0,-22.905052,-43.189782,2019-01-25 09:53:39,,,
C51618,1a516c64-e0c1-41ab-9975-71487d6bd5a6,71,1005O00375S2,-22.903332,-43.184461,2019-01-25 09:55:00,,,
C51618,1a516c64-e0c1-41ab-9975-71487d6bd5a6,72,1005O00197C0,-22.905593,-43.182786,2019-01-25 09:55:53,,,
C51618,1a516c64-e0c1-41ab-9975-71487d6bd5a6,73,1005O00020S0,-22.90723,-43.18272,2019-01-25 09:56:29,,,
C51618,1a516c64-e0c1-41ab-9975-71487d6bd5a6,74,1005O00232S0,-22.90879,-43.18819,2019-01-25 09:57:52,,,
C51618,1a516c64-e0c1-41ab-9975-71487d6bd5a6,75,1005O00234C0,-22.908392,-43.189263,2019-01-25 09:58:13,,,
C51579,1a516c64-e0c1-41ab-9975-71487d6bd5a6,0,4124O00046C0,-22.901318,-43.347259,2019-01-25 09:05:38,2019-01-25 10:16:09,70.51666666666667,90.43975360906586
C51579,1a516c64-e0c1-41ab-9975-71487d6bd5a6,1,4124O00031C0,-22.90189,-43.34779,2019-01-25 09:05:49,2019-01-25 10:16:39,70.83333333333333,174.09904844417548
C51579,1a516c64-e0c1-41ab-9975-71487d6bd5a6,2,4124O00058C0,-22.900466,-43.349828,2019-01-25 09:06:29,,,
C51579,1a516c64-e0c1-41ab-9975-71487d6bd5a6,3,4124O00033C0,-22.89911,-43.35167,2019-01-25 09:07:03,,,
C51579,1a516c64-e0c1-41ab-9975-71487d6bd5a6,4,4124O00004C0,-22.898012,-43.352228,2019-01-25 09:07:30,,,
C51579,1a516c64-e0c1-41ab-9975-71487d6bd5a6,5,4124O00006C0,-22.89818,-43.350146,2019-01-25 09:08:14,,,
C51579,1a516c64-e0c1-41ab-9975-71487d6bd5a6,6,4124O00008C0,-22.896967,-43.348397,2019-01-25 09:08:50,2019-01-25 10:41:09,92.31666666666666,59.27777508226774
C51579,1a516c64-e0c1-41ab-9975-71487d6bd5a6,7,4124O00016C0,-22.8954,-43.34742,2019-01-25 09:09:18,,,
C51579,1a516c64-e0c1-41ab-9975-71487d6bd5a6,8,4124O00017C0,-22.89369,-43.34688,2019-01-25 09:09:46,,,
C51579,1a516c64-e0c1-41ab-9975-71487d6bd5a6,9,4124O00050C0,-22.890381,-43.34553,2019-01-25 09:10:47,,,
C51579,1a516c64-e0c1-41ab-9975-71487d6bd5a6,10,3078O00007C0,-22.88842,-43.34439,2019-01-25 09:11:22,,,
C51579,1a516c64-e0c1-41ab-9975-71487d6bd5a6,11,3078O00008C0,-22.88717,-43.34339,2019-01-25 09:11:46,,,
C51579,1a516c64-e0c1-41ab-9975-71487d6bd5a6,12,3078O00009C0,-22.88579,-43.34209,2019-01-25 09:12:15,,,
C51579,1a516c64-e0c1-41ab-9975-71487d6bd5a6,13,3082O00002C0,-22.88283,-43.34025,2019-01-25 09:13:32,2019-01-25 10:44:39,91.11666666666666,37.24883148323979
C51579,1a516c64-e0c1-41ab-9975-71487d6bd5a6,14,3082O00018C0,-22.882534,-43.33687,2019-01-25 09:14:21,2019-01-25 10:46:09,91.8,232.5374750673619
C51579,1a516c64-e0c1-41ab-9975-71487d6bd5a6,15,3082O00051C0,-22.882382,-43.333901,2019-01-25 09:15:04,,,
C51579,1a516c64-e0c1-41ab-9975-71487d6bd5a6,16,3082O00019C0,-22.882138,-43.331007,2019-01-25 09:15:52,2019-01-25 10:47:09,91.28333333333333,52.651811736088526
C51579,1a516c64-e0c1-41ab-9975-71487d6bd5a6,17,3082O00004C1,-22.88256,-43.32373,2019-01-25 09:17:33,2019-01-25 10:50:09,92.6,88.35410344098766
C51579,1a516c64-e0c1-41ab-9975-71487d6bd5a6,18,3082O00005C2,-22.88284,-43.3224,2019-01-25 09:17:53,2019-01-25 10:51:09,93.26666666666667,19.259859914736328
C51579,1a516c64-e0c1-41ab-9975-71487d6bd5a6,19,3079O00001C2,-22.8835,-43.32058,2019-01-25 09:18:21,2019-01-25 10:52:09,93.8,171.87831886606324
C51579,1a516c64-e0c1-41ab-9975-71487d6bd5a6,20,3079O00002C2,-22.88445,-43.31751,2019-01-25 09:19:08,2019-01-25 10:52:39,93.51666666666667,50.331206313991316
C51579,1a516c64-e0c1-41ab-9975-71487d6bd5a6,21,3079O00041C2,-22.884744,-43.316116,2019-01-25 09:19:29,2019-01-25 10:53:39,94.16666666666667,88.75887888018786
C51579,1a516c64-e0c1-41ab-9975-71487d6bd5a6,23,3079O00040C2,-22.88498,-43.31429,2019-01-25 09:19:55,,,
C51579,1a516c64-e0c1-41ab-9975-71487d6bd5a6,24,3079O00042C2,-22.885103,-43.311568,2019-01-25 09:20:34,2019-01-25 10:54:39,94.08333333333333,61.54338072556449
C51579,1a516c64-e0c1-41ab-9975-71487d6bd5a6,25,3069O00057C2,-22.88562,-43.30967,2019-01-25 09:21:04,,,
C51579,1a516c64-e0c1-41ab-9975-71487d6bd5a6,26,3069O00058C2,-22.88672,-43.306443,2019-01-25 09:21:53,,,
C51579,1a516c64-e0c1-41ab-9975-71487d6bd5a6,27,3069O00003C2,-22.88646,-43.30281,2019-01-25 09:22:47,2019-01-25 10:57:09,94.36666666666666,36.56194208674117
C51579,1a516c64-e0c1-41ab-9975-71487d6bd5a6,28,3070O00001C2,-22.88548,-43.30031,2019-01-25 09:23:28,2019-01-25 10:58:09,94.68333333333334,63.86356467363481
C51579,1a516c64-e0c1-41ab-9975-71487d6bd5a6,29,3071O00033C2,-22.884601,-43.297845,2019-01-25 09:24:07,,,
C51579,1a516c64-e0c1-41ab-9975-71487d6bd5a6,30,3071O00004C2,-22.88341,-43.29648,2019-01-25 09:24:34,2019-01-25 11:00:09,95.58333333333333,67.04806101267235
C51579,1a516c64-e0c1-41ab-9975-71487d6bd5a6,31,3071O00005C2,-22.88182,-43.29431,2019-01-25 09:25:15,,,
C51579,1a516c64-e0c1-41ab-9975-71487d6bd5a6,32,3071O00006C2,-22.8842,-43.29133,2019-01-25 09:26:19,2019-01-25 11:02:09,95.83333333333333,59.034138691528995
C51579,1a516c64-e0c1-41ab-9975-71487d6bd5a6,33,3066O00003C2,-22.885668,-43.290084,2019-01-25 09:26:53,,,
C51579,1a516c64-e0c1-41ab-9975-71487d6bd5a6,34,3064O00002C0,-22.88744,-43.2864,2019-01-25 09:27:48,2019-01-25 11:04:09,96.35,146.4478593342542
C51579,1a516c64-e0c1-41ab-9975-71487d6bd5a6,35,3065O00001C0,-22.887738,-43.283511,2019-01-25 09:28:24,2019-01-25 11:05:08,96.73333333333333,57.58753203873924
C51579,1a516c64-e0c1-41ab-9975-71487d6bd5a6,36,3065O00003C0,-22.887155,-43.280679,2019-01-25 09:29:10,2019-01-25 11:06:09,96.98333333333333,8.889339163715437
C51579,1a516c64-e0c1-41ab-9975-71487d6bd5a6,37,3065O00004C0,-22.88591,-43.27898,2019-01-25 09:29:43,2019-01-25 11:06:38,96.91666666666667,163.02874078079026
C51579,1a516c64-e0c1-41ab-9975-71487d6bd5a6,38,3065O00005C0,-22.88441,-43.27719,2019-01-25 09:30:18,2019-01-25 11:08:08,97.83333333333333,67.55373868542738
C51579,1a516c64-e0c1-41ab-9975-71487d6bd5a6,39,3053O00006C0,-22.8822,-43.2754,2019-01-25 09:31:01,2019-01-25 11:09:08,98.11666666666666,24.443369472762708
C51579,1a516c64-e0c1-41ab-9975-71487d6bd5a6,40,3053O00007C0,-22.881083,-43.272751,2019-01-25 09:31:45,2019-01-25 11:10:39,98.9,168.40047746659633
C51579,1a516c64-e0c1-41ab-9975-71487d6bd5a6,41,3053O00008C0,-22.878863,-43.265859,2019-01-25 09:33:31,2019-01-25 11:11:39,98.13333333333334,7.12310883569213
C51579,1a516c64-e0c1-41ab-9975-71487d6bd5a6,42,3052O00001C0,-22.87833,-43.26397,2019-01-25 09:34:03,2019-01-25 11:13:08,99.08333333333333,201.09645536354225
C51579,1a516c64-e0c1-41ab-9975-71487d6bd5a6,43,3052O00002C1,-22.878337,-43.261822,2019-01-25 09:34:34,2019-01-25 11:14:08,99.56666666666666,248.8131020289585
C51579,1a516c64-e0c1-41ab-9975-71487d6bd5a6,44,3052O00003C0,-22.880394,-43.259223,2019-01-25 09:35:29,2019-01-25 11:14:39,99.16666666666667,13.725567952729307
C51579,1a516c64-e0c1-41ab-9975-71487d6bd5a6,45,3155O00001C0,-22.882581,-43.254845,2019-01-25 09:36:41,,,
C51579,1a516c64-e0c1-41ab-9975-71487d6bd5a6,46,3155O00002C0,-22.88517,-43.25266,2019-01-25 09:37:32,2019-01-25 11:17:08,99.6,37.62667892995044
C51579,1a516c64-e0c1-41ab-9975-71487d6bd5a6,47,3155O00003C0,-22.886927,-43.250822,2019-01-25 09:38:10,2019-01-25 11:18:09,99.98333333333333,114.92801046209725
C51579,1a516c64-e0c1-41ab-9975-71487d6bd5a6,48,1012O00011C0,-22.890046,-43.244457,2019-01-25 09:40:10,2019-01-25 11:19:39,99.48333333333333,12.693701124947413
C51579,1a516c64-e0c1-41ab-9975-71487d6bd5a6,49,1012O00012C0,-22.890765,-43.242335,2019-01-25 09:40:41,,,
C51579,1a516c64-e0c1-41ab-9975-71487d6bd5a6,50,1012O00013C0,-22.891768,-43.240794,2019-01-25 09:41:05,2019-01-25 11:21:39,100.56666666666666,75.13959762002
C51579,1a516c64-e0c1-41ab-9975-71487d6bd5a6,51,1012O00027C0,-22.89495,-43.24279,2019-01-25 09:42:21,,,
C51579,1a516c64-e0c1-41ab-9975-71487d6bd5a6,52,vphs,-22.897995,-43.241305,2019-01-25 09:43:32,2019-01-25 11:24:09,100.61666666666666,194.0171264132027
C51579,1a516c64-e0c1-41ab-9975-71487d6bd5a6,53,1011O00001C0,-22.90138,-43.241176,2019-01-25 09:44:32,,,
C51579,1a516c64-e0c1-41ab-9975-71487d6bd5a6,54,3057O00006C0,-22.90591,-43.23964,2019-01-25 09:45:45,,,
C51579,1a516c64-e0c1-41ab-9975-71487d6bd5a6,56,1011O00002C0,-22.907884,-43.236917,2019-01-25 09:46:35,2019-01-25 11:26:39,100.06666666666666,17.127256641440088
C51579,1a516c64-e0c1-41ab-9975-71487d6bd5a6,57,2035O00042C0,-22.908756,-43.234655,2019-01-25 09:47:07,,,
C51579,1a516c64-e0c1-41ab-9975-71487d6bd5a6,58,1010O00038C0,-22.908374,-43.231002,2019-01-25 09:48:04,,,
C51579,1a516c64-e0c1-41ab-9975-71487d6bd5a6,59,1010O00077C0,-22.90931,-43.22631,2019-01-25 09:49:25,,,
C51579,1a516c64-e0c1-41ab-9975-71487d6bd5a6,60,1010O00103C0,-22.909238,-43.222916,2019-01-25 09:50:15,,,
C51579,1a516c64-e0c1-41ab-9975-71487d6bd5a6,61,1010O00040C0,-22.906357,-43.220639,2019-01-25 09:51:12,2019-01-25 11:30:08,98.93333333333334,206.19209725209814
C51579,1a516c64-e0c1-41ab-9975-71487d6bd5a6,62,1010O00107C0,-22.904907,-43.218901,2019-01-25 09:51:58,,,
C51579,1a516c64-e0c1-41ab-9975-71487d6bd5a6,63,1010O00079C0,-22.90411,-43.21611,2019-01-25 09:52:43,2019-01-25 11:31:09,98.43333333333334,31.96126435842567
C51579,1a516c64-e0c1-41ab-9975-71487d6bd5a6,64,1010O00080C0,-22.90341,-43.21449,2019-01-25 09:53:09,,,
C51579,1a516c64-e0c1-41ab-9975-71487d6bd5a6,65,1010O00081C0,-22.902025,-43.210979,2019-01-25 09:54:04,2019-01-25 11:33:09,99.08333333333333,52.19625602714663
C51579,1a516c64-e0c1-41ab-9975-71487d6bd5a6,66,2032O00028C0,-22.908498,-43.209965,2019-01-25 09:55:50,,,
C51579,1a516c64-e0c1-41ab-9975-71487d6bd5a6,67,1008O00022S0,-22.91013,-43.205583,2019-01-25 09:57:24,,,
C51579,1a516c64-e0c1-41ab-9975-71487d6bd5a6,68,1008O00005S0,-22.908619,-43.201048,2019-01-25 09:58:33,2019-01-25 11:36:38,98.08333333333333,22.387410540470686
C51579,1a516c64-e0c1-41ab-9975-71487d6bd5a6,69,1005O00060C0,-22.90623,-43.193405,2019-01-25 10:00:30,2019-01-25 11:39:38,99.13333333333334,63.6986445252684
C51579,1a516c64-e0c1-41ab-9975-71487d6bd5a6,70,1005O00359S0,-22.905052,-43.189782,2019-01-25 10:01:25,2019-01-25 11:42:12,100.78333333333333,121.0483403434722
C51579,1a516c64-e0c1-41ab-9975-71487d6bd5a6,71,1005O00375S2,-22.903332,-43.184461,2019-01-25 10:02:46,,,
C51579,1a516c64-e0c1-41ab-9975-71487d6bd5a6,72,1005O00197C0,-22.905593,-43.182786,2019-01-25 10:03:39,,,
C51579,1a516c64-e0c1-41ab-9975-71487d6bd5a6,73,1005O00020S0,-22.90723,-43.18272,2019-01-25 10:04:15,,,
C51579,1a516c64-e0c1-41ab-9975-71487d6bd5a6,74,1005O00232S0,-22.90879,-43.18819,2019-01-25 10:05:38,2019-01-25 11:58:12,112.56666666666666,121.08597342834678
C51579,1a516c64-e0c1-41ab-9975-71487d6bd5a6,75,1005O00234C0,-22.908392,-43.189263,2019-01-25 10:05:59,2019-01-25 11:58:42,112.71666666666667,10.45510374128004
C51543,1a516c64-e0c1-41ab-9975-71487d6bd5a6,0,4124O00046C0,-22.901318,-43.347259,2019-01-25 09:01:48,,,
C51543,1a516c64-e0c1-41ab-9975-71487d6bd5a6,1,4124O00031C0,-22.90189,-43.34779,2019-01-25 09:01:59,,,
C51543,1a516c64-e0c1-41ab-9975-71487d6bd5a6,2,4124O00058C0,-22.900466,-43.349828,2019-01-25 09:02:39,,,
C51543,1a516c64-e0c1-41ab-9975-71487d6bd5a6,3,4124O00033C0,-22.89911,-43.35167,2019-01-25 09:03:13,,,
C51543,1a516c64-e0c1-41ab-9975-71487d6bd5a6,4,4124O00004C0,-22.898012,-43.352228,2019-01-25 09:03:40,,,
C51543,1a516c64-e0c1-41ab-9975-71487d6bd5a6,5,4124O00006C0,-22.89818,-43.350146,2019-01-25 09:04:24,,,
C51543,1a516c64-e0c1-41ab-9975-71487d6bd5a6,6,4124O00008C0,-22.896967,-43.348397,2019-01-25 09:05:00,,,
C51543,1a516c64-e0c1-41ab-9975-71487d6bd5a6,7,4124O00016C0,-22.8954,-43.34742,2019-01-25 09:05:28,,,
C51543,1a516c64-e0c1-41ab-9975-71487d6bd5a6,8,4124O00017C0,-22.89369,-43.34688,2019-01-25 09:05:56,,,
C51543,1a516c64-e0c1-41ab-9975-71487d6bd5a6,9,4124O00050C0,-22.890381,-43.34553,2019-01-25 09:06:57,,,
C51543,1a516c64-e0c1-41ab-9975-71487d6bd5a6,10,3078O00007C0,-22.88842,-43.34439,2019-01-25 09:07:32,,,
C51543,1a516c64-e0c1-41ab-9975-71487d6bd5a6,11,3078O00008C0,-22.88717,-43.34339,2019-01-25 09:07:56,2019-01-25 11:00:48,112.86666666666666,172.3262681785171
C51543,1a516c64-e0c1-41ab-9975-71487d6bd5a6,12,3078O00009C0,-22.88579,-43.34209,2019-01-25 09:08:25,,,
C51543,1a516c64-e0c1-41ab-9975-71487d6bd5a6,13,3082O00002C0,-22.88283,-43.34025,2019-01-25 09:09:42,,,
C51543,1a516c64-e0c1-41ab-9975-71487d6bd5a6,14,3082O00018C0,-22.882534,-43.33687,2019-01-25 09:10:31,,,
C51543,1a516c64-e0c1-41ab-9975-71487d6bd5a6,15,3082O00051C0,-22.882382,-43.333901,2019-01-25 09:11:14,,,
C51543,1a516c64-e0c1-41ab-9975-71487d6bd5a6,16,3082O00019C0,-22.882138,-43.331007,2019-01-25 09:12:02,,,
C51543,1a516c64-e0c1-41ab-9975-71487d6bd5a6,17,3082O00004C1,-22.88256,-43.32373,2019-01-25 09:13:43,,,
C51543,1a516c64-e0c1-41ab-9975-71487d6bd5a6,18,3082O00005C2,-22.88284,-43.3224,2019-01-25 09:14:03,,,
C51543,1a516c64-e0c1-41ab-9975-71487d6bd5a6,19,3079O00001C2,-22.8835,-43.32058,2019-01-25 09:14:31,,,
C51543,1a516c64-e0c1-41ab-9975-71487d6bd5a6,20,3079O00002C2,-22.88445,-43.31751,2019-01-25 09:15:18,,,
C51543,1a516c64-e0c1-41ab-9975-71487d6bd5a6,21,3079O00041C2,-22.884744,-43.316116,2019-01-25 09:15:39,,,
C51543,1a516c64-e0c1-41ab-9975-71487d6bd5a6,23,3079O00040C2,-22.88498,-43.31429,2019-01-25 09:16:05,,,
C51543,1a516c64-e0c1-41ab-9975-71487d6bd5a6,24,3079O00042C2,-22.885103,-43.311568,2019-01-25 09:16:44,,,
C51543,1a516c64-e0c1-41ab-9975-71487d6bd5a6,25,3069O00057C2,-22.88562,-43.30967,2019-01-25 09:17:14,,,
C51543,1a516c64-e0c1-41ab-9975-71487d6bd5a6,26,3069O00058C2,-22.88672,-43.306443,2019-01-25 09:18:03,,,
C51543,1a516c64-e0c1-41ab-9975-71487d6bd5a6,27,3069O00003C2,-22.88646,-43.30281,2019-01-25 09:18:57,,,
C51543,1a516c64-e0c1-41ab-9975-71487d6bd5a6,28,3070O00001C2,-22.88548,-43.30031,2019-01-25 09:19:38,,,
C51543,1a516c64-e0c1-41ab-9975-71487d6bd5a6,29,3071O00033C2,-22.884601,-43.297845,2019-01-25 09:20:17,,,
C51543,1a516c64-e0c1-41ab-9975-71487d6bd5a6,30,3071O00004C2,-22.88341,-43.29648,2019-01-25 09:20:44,,,
C51543,1a516c64-e0c1-41ab-9975-71487d6bd5a6,31,3071O00005C2,-22.88182,-43.29431,2019-01-25 09:21:25,,,
C51543,1a516c64-e0c1-41ab-9975-71487d6bd5a6,32,3071O00006C2,-22.8842,-43.29133,2019-01-25 09:22:29,,,
C51543,1a516c64-e0c1-41ab-9975-71487d6bd5a6,33,3066O00003C2,-22.885668,-43.290084,2019-01-25 09:23:03,,,
C51543,1a516c64-e0c1-41ab-9975-71487d6bd5a6,34,3064O00002C0,-22.88744,-43.2864,2019-01-25 09:23:58,,,
C51543,1a516c64-e0c1-41ab-9975-71487d6bd5a6,35,3065O00001C0,-22.887738,-43.283511,2019-01-25 09:24:34,,,
C51543,1a516c64-e0c1-41ab-9975-71487d6bd5a6,36,3065O00003C0,-22.887155,-43.280679,2019-01-25 09:25:20,,,
C51543,1a516c64-e0c1-41ab-9975-71487d6bd5a6,37,3065O00004C0,-22.88591,-43.27898,2019-01-25 09:25:53,,,
C51543,1a516c64-e0c1-41ab-9975-71487d6bd5a6,38,3065O00005C0,-22.88441,-43.27719,2019-01-25 09:26:28,,,
C51543,1a516c64-e0c1-41ab-9975-71487d6bd5a6,39,3053O00006C0,-22.8822,-43.2754,2019-01-25 09:27:11,,,
C51543,1a516c64-e0c1-41ab-9975-71487d6bd5a6,40,3053O00007C0,-22.881083,-43.272751,2019-01-25 09:27:55,,,
C51543,1a516c64-e0c1-41ab-9975-71487d6bd5a6,41,3053O00008C0,-22.878863,-43.265859,2019-01-25 09:29:41,,,
C51543,1a516c64-e0c1-41ab-9975-71487d6bd5a6,42,3052O00001C0,-22.87833,-43.26397,2019-01-25 09:30:13,,,
C51543,1a516c64-e0c1-41ab-9975-71487d6bd5a6,43,3052O00002C1,-22.878337,-43.261822,2019-01-25 09:30:44,,,
C51543,1a516c64-e0c1-41ab-9975-71487d6bd5a6,44,3052O00003C0,-22.880394,-43.259223,2019-01-25 09:31:39,,,
C51543,1a516c64-e0c1-41ab-9975-71487d6bd5a6,45,3155O00001C0,-22.882581,-43.254845,2019-01-25 09:32:51,,,
C51543,1a516c64-e0c1-41ab-9975-71487d6bd5a6,46,3155O00002C0,-22.88517,-43.25266,2019-01-25 09:33:42,,,
C51543,1a516c64-e0c1-41ab-9975-71487d6bd5a6,47,3155O00003C0,-22.886927,-43.250822,2019-01-25 09:34:20,,,
C51543,1a516c64-e0c1-41ab-9975-71487d6bd5a6,48,1012O00011C0,-22.890046,-43.244457,2019-01-25 09:36:20,,,
C51543,1a516c64-e0c1-41ab-9975-71487d6bd5a6,49,1012O00012C0,-22.890765,-43.242335,2019-01-25 09:36:51,,,
C51543,1a516c64-e0c1-41ab-9975-71487d6bd5a6,50,1012O00013C0,-22.891768,-43.240794,2019-01-25 09:37:15,,,
C51543,1a516c64-e0c1-41ab-9975-71487d6bd5a6,51,1012O00027C0,-22.89495,-43.24279,2019-01-25 09:38:31,,,
C51543,1a516c64-e0c1-41ab-9975-71487d6bd5a6,52,vphs,-22.897995,-43.241305,2019-01-25 09:39:42,,,
C51543,1a516c64-e0c1-41ab-9975-71487d6bd5a6,53,1011O00001C0,-22.90138,-43.241176,2019-01-25 09:40:42,,,
C51543,1a516c64-e0c1-41ab-9975-71487d6bd5a6,54,3057O00006C0,-22.90591,-43.23964,2019-01-25 09:41:55,,,
C51543,1a516c64-e0c1-41ab-9975-71487d6bd5a6,56,1011O00002C0,-22.907884,-43.236917,2019-01-25 09:42:45,,,
C51543,1a516c64-e0c1-41ab-9975-71487d6bd5a6,57,2035O00042C0,-22.908756,-43.234655,2019-01-25 09:43:17,,,
C51543,1a516c64-e0c1-41ab-9975-71487d6bd5a6,58,1010O00038C0,-22.908374,-43.231002,2019-01-25 09:44:14,,,
C51543,1a516c64-e0c1-41ab-9975-71487d6bd5a6,59,1010O00077C0,-22.90931,-43.22631,2019-01-25 09:45:35,,,
C51543,1a516c64-e0c1-41ab-9975-71487d6bd5a6,60,1010O00103C0,-22.909238,-43.222916,2019-01-25 09:46:25,,,
C51543,1a516c64-e0c1-41ab-9975-71487d6bd5a6,61,1010O00040C0,-22.906357,-43.220639,2019-01-25 09:47:22,,,
C51543,1a516c64-e0c1-41ab-9975-71487d6bd5a6,62,1010O00107C0,-22.904907,-43.218901,2019-01-25 09:48:08,,,
C51543,1a516c64-e0c1-41ab-9975-71487d6bd5a6,63,1010O00079C0,-22.90411,-43.21611,2019-01-25 09:48:53,,,
C51543,1a516c64-e0c1-41ab-9975-71487d6bd5a6,64,1010O00080C0,-22.90341,-43.21449,2019-01-25 09:49:19,,,
C51543,1a516c64-e0c1-41ab-9975-71487d6bd5a6,65,1010O00081C0,-22.902025,-43.210979,2019-01-25 09:50:14,,,
C51543,1a516c64-e0c1-41ab-9975-71487d6bd5a6,66,2032O00028C0,-22.908498,-43.209965,2019-01-25 09:52:00,,,
C51543,1a516c64-e0c1-41ab-9975-71487d6bd5a6,67,1008O00022S0,-22.91013,-43.205583,2019-01-25 09:53:34,,,
C51543,1a516c64-e0c1-41ab-9975-71487d6bd5a6,68,1008O00005S0,-22.908619,-43.201048,2019-01-25 09:54:43,,,
C51543,1a516c64-e0c1-41ab-9975-71487d6bd5a6,69,1005O00060C0,-22.90623,-43.193405,2019-01-25 09:56:40,,,
C51543,1a516c64-e0c1-41ab-9975-71487d6bd5a6,70,1005O00359S0,-22.905052,-43.189782,2019-01-25 09:57:35,,,
C51543,1a516c64-e0c1-41ab-9975-71487d6bd5a6,71,1005O00375S2,-22.903332,-43.184461,2019-01-25 09:58:56,,,
C51543,1a516c64-e0c1-41ab-9975-71487d6bd5a6,72,1005O00197C0,-22.905593,-43.182786,2019-01-25 09:59:49,,,
C51543,1a516c64-e0c1-41ab-9975-71487d6bd5a6,73,1005O00020S0,-22.90723,-43.18272,2019-01-25 10:00:25,,,
C51543,1a516c64-e0c1-41ab-9975-71487d6bd5a6,74,1005O00232S0,-22.90879,-43.18819,2019-01-25 10:01:48,,,
C51543,1a516c64-e0c1-41ab-9975-71487d6bd5a6,75,1005O00234C0,-22.908392,-43.189263,2019-01-25 10:02:09,,,
C51632,1a516c64-e0c1-41ab-9975-71487d6bd5a6,0,4124O00046C0,-22.901318,-43.347259,2019-01-25 09:04:06,2019-01-25 09:07:36,3.5,42.83722916312421
C51632,1a516c64-e0c1-41ab-9975-71487d6bd5a6,1,4124O00031C0,-22.90189,-43.34779,2019-01-25 09:04:17,2019-01-25 09:08:36,4.316666666666666,125.99225430048884
C51632,1a516c64-e0c1-41ab-9975-71487d6bd5a6,2,4124O00058C0,-22.900466,-43.349828,2019-01-25 09:04:57,2019-01-25 09:19:06,14.15,166.3093616773871
C51632,1a516c64-e0c1-41ab-9975-71487d6bd5a6,3,4124O00033C0,-22.89911,-43.35167,2019-01-25 09:05:31,,,
C51632,1a516c64-e0c1-41ab-9975-71487d6bd5a6,4,4124O00004C0,-22.898012,-43.352228,2019-01-25 09:05:58,,,
C51632,1a516c64-e0c1-41ab-9975-71487d6bd5a6,5,4124O00006C0,-22.89818,-43.350146,2019-01-25 09:06:42,2019-01-25 09:21:36,14.9,222.6360644552385
C51632,1a516c64-e0c1-41ab-9975-71487d6bd5a6,6,4124O00008C0,-22.896967,-43.348397,2019-01-25 09:07:18,,,
C51632,1a516c64-e0c1-41ab-9975-71487d6bd5a6,7,4124O00016C0,-22.8954,-43.34742,2019-01-25 09:07:46,,,
C51632,1a516c64-e0c1-41ab-9975-71487d6bd5a6,8,4124O00017C0,-22.89369,-43.34688,2019-01-25 09:08:14,,,
C51632,1a516c64-e0c1-41ab-9975-71487d6bd5a6,9,4124O00050C0,-22.890381,-43.34553,2019-01-25 09:09:15,,,
C51632,1a516c64-e0c1-41ab-9975-71487d6bd5a6,10,3078O00007C0,-22.88842,-43.34439,2019-01-25 09:09:50,,,
C51632,1a516c64-e0c1-41ab-9975-71487d6bd5a6,11,3078O00008C0,-22.88717,-43.34339,2019-01-25 09:10:14,,,
C51632,1a516c64-e0c1-41ab-9975-71487d6bd5a6,12,3078O00009C0,-22.88579,-43.34209,2019-01-25 09:10:43,,,
C51632,1a516c64-e0c1-41ab-9975-71487d6bd5a6,13,3082O00002C0,-22.88283,-43.34025,2019-01-25 09:12:00,,,
C51632,1a516c64-e0c1-41ab-9975-71487d6bd5a6,14,3082O00018C0,-22.882534,-43.33687,2019-01-25 09:12:49,,,
C51632,1a516c64-e0c1-41ab-9975-71487d6bd5a6,15,3082O00051C0,-22.882382,-43.333901,2019-01-25 09:13:32,,,
C51632,1a516c64-e0c1-41ab-9975-71487d6bd5a6,16,3082O00019C0,-22.882138,-43.331007,2019-01-25 09:14:20,,,
C51632,1a516c64-e0c1-41ab-9975-71487d6bd5a6,17,3082O00004C1,-22.88256,-43.32373,2019-01-25 09:16:01,2019-01-25 09:32:36,16.583333333333332,142.03598718063267
C51632,1a516c64-e0c1-41ab-9975-71487d6bd5a6,18,3082O00005C2,-22.88284,-43.3224,2019-01-25 09:16:21,,,
C51632,1a516c64-e0c1-41ab-9975-71487d6bd5a6,19,3079O00001C2,-22.8835,-43.32058,2019-01-25 09:16:49,,,
C51632,1a516c64-e0c1-41ab-9975-71487d6bd5a6,20,3079O00002C2,-22.88445,-43.31751,2019-01-25 09:17:36,,,
C51632,1a516c64-e0c1-41ab-9975-71487d6bd5a6,21,3079O00041C2,-22.884744,-43.316116,2019-01-25 09:17:57,,,
C51632,1a516c64-e0c1-41ab-9975-71487d6bd5a6,23,3079O00040C2,-22.88498,-43.31429,2019-01-25 09:18:23,,,
C51632,1a516c64-e0c1-41ab-9975-71487d6bd5a6,24,3079O00042C2,-22.885103,-43.311568,2019-01-25 09:19:02,2019-01-25 09:37:36,18.566666666666666,19.163439729438647
C51632,1a516c64-e0c1-41ab-9975-71487d6bd5a6,25,3069O00057C2,-22.88562,-43.30967,2019-01-25 09:19:32,,,
C51632,1a516c64-e0c1-41ab-9975-71487d6bd5a6,26,3069O00058C2,-22.88672,-43.306443,2019-01-25 09:20:21,,,
C51632,1a516c64-e0c1-41ab-9975-71487d6bd5a6,27,3069O00003C2,-22.88646,-43.30281,2019-01-25 09:21:15,,,
C51632,1a516c64-e0c1-41ab-9975-71487d6bd5a6,28,3070O00001C2,-22.88548,-43.30031,2019-01-25 09:21:56,2019-01-25 09:41:36,19.666666666666668,14.550063541713836
C51632,1a516c64-e0c1-41ab-9975-71487d6bd5a6,29,3071O00033C2,-22.884601,-43.297845,2019-01-25 09:22:35,2019-01-25 09:43:06,20.516666666666666,30.933890102537646
C51632,1a516c64-e0c1-41ab-9975-71487d6bd5a6,30,3071O00004C2,-22.88341,-43.29648,2019-01-25 09:23:02,,,
C51632,1a516c64-e0c1-41ab-9975-71487d6bd5a6,31,3071O00005C2,-22.88182,-43.29431,2019-01-25 09:23:43,,,
C51632,1a516c64-e0c1-41ab-9975-71487d6bd5a6,32,3071O00006C2,-22.8842,-43.29133,2019-01-25 09:24:47,2019-01-25 09:46:06,21.316666666666666,4.662301456123859
C51632,1a516c64-e0c1-41ab-9975-71487d6bd5a6,33,3066O00003C2,-22.885668,-43.290084,2019-01-25 09:25:21,,,
C51632,1a516c64-e0c1-41ab-9975-71487d6bd5a6,34,3064O00002C0,-22.88744,-43.2864,2019-01-25 09:26:16,,,
C51632,1a516c64-e0c1-41ab-9975-71487d6bd5a6,35,3065O00001C0,-22.887738,-43.283511,2019-01-25 09:26:52,,,
C51632,1a516c64-e0c1-41ab-9975-71487d6bd5a6,36,3065O00003C0,-22.887155,-43.280679,2019-01-25 09:27:38,2019-01-25 09:52:06,24.466666666666665,44.13505493813639
C51632,1a516c64-e0c1-41ab-9975-71487d6bd5a6,37,3065O00004C0,-22.88591,-43.27898,2019-01-25 09:28:11,2019-01-25 11:28:06,119.91666666666667,248.7723874534137
C51632,1a516c64-e0c1-41ab-9975-71487d6bd5a6,38,3065O00005C0,-22.88441,-43.27719,2019-01-25 09:28:46,,,
C51632,1a516c64-e0c1-41ab-9975-71487d6bd5a6,39,3053O00006C0,-22.8822,-43.2754,2019-01-25 09:29:29,,,
C51632,1a516c64-e0c1-41ab-9975-71487d6bd5a6,40,3053O00007C0,-22.881083,-43.272751,2019-01-25 09:30:13,,,
C51632,1a516c64-e0c1-41ab-9975-71487d6bd5a6,41,3053O00008C0,-22.878863,-43.265859,2019-01-25 09:31:59,,,
C51632,1a516c64-e0c1-41ab-9975-71487d6bd5a6,42,3052O00001C0,-22.87833,-43.26397,2019-01-25 09:32:31,,,
C51632,1a516c64-e0c1-41ab-9975-71487d6bd5a6,43,3052O00002C1,-22.878337,-43.261822,2019-01-25 09:33:02,,,
C51632,1a516c64-e0c1-41ab-9975-71487d6bd5a6,44,3052O00003C0,-22.880394,-43.259223,2019-01-25 09:33:57,,,
C51632,1a516c64-e0c1-41ab-9975-71487d6bd5a6,45,3155O00001C0,-22.882581,-43.254845,2019-01-25 09:35:09,,,
C51632,1a516c64-e0c1-41ab-9975-71487d6bd5a6,46,3155O00002C0,-22.88517,-43.25266,2019-01-25 09:36:00,,,
C51632,1a516c64-e0c1-41ab-9975-71487d6bd5a6,47,3155O00003C0,-22.886927,-43.250822,2019-01-25 09:36:38,,,
C51632,1a516c64-e0c1-41ab-9975-71487d6bd5a6,48,1012O00011C0,-22.890046,-43.244457,2019-01-25 09:38:38,,,
C51632,1a516c64-e0c1-41ab-9975-71487d6bd5a6,49,1012O00012C0,-22.890765,-43.242335,2019-01-25 09:39:09,,,
C51632,1a516c64-e0c1-41ab-9975-71487d6bd5a6,50,1012O00013C0,-22.891768,-43.240794,2019-01-25 09:39:33,,,
C51632,1a516c64-e0c1-41ab-9975-71487d6bd5a6,51,1012O00027C0,-22.89495,-43.24279,2019-01-25 09:40:49,,,
C51632,1a516c64-e0c1-41ab-9975-71487d6bd5a6,52,vphs,-22.897995,-43.241305,2019-01-25 09:42:00,,,
C51632,1a516c64-e0c1-41ab-9975-71487d6bd5a6,53,1011O00001C0,-22.90138,-43.241176,2019-01-25 09:43:00,,,
C51632,1a516c64-e0c1-41ab-9975-71487d6bd5a6,54,3057O00006C0,-22.90591,-43.23964,2019-01-25 09:44:13,,,
C51632,1a516c64-e0c1-41ab-9975-71487d6bd5a6,56,1011O00002C0,-22.907884,-43.236917,2019-01-25 09:45:03,,,
C51632,1a516c64-e0c1-41ab-9975-71487d6bd5a6,57,2035O00042C0,-22.908756,-43.234655,2019-01-25 09:45:35,,,
C51632,1a516c64-e0c1-41ab-9975-71487d6bd5a6,58,1010O00038C0,-22.908374,-43.231002,2019-01-25 09:46:32,,,
C51632,1a516c64-e0c1-41ab-9975-71487d6bd5a6,59,1010O00077C0,-22.90931,-43.22631,2019-01-25 09:47:53,,,
C51632,1a516c64-e0c1-41ab-9975-71487d6bd5a6,60,1010O00103C0,-22.909238,-43.222916,2019-01-25 09:48:43,,,
C51632,1a516c64-e0c1-41ab-9975-71487d6bd5a6,61,1010O00040C0,-22.906357,-43.220639,2019-01-25 09:49:40,,,
C51632,1a516c64-e0c1-41ab-9975-71487d6bd5a6,62,1010O00107C0,-22.904907,-43.218901,2019-01-25 09:50:26,,,
C51632,1a516c64-e0c1-41ab-9975-71487d6bd5a6,63,1010O00079C0,-22.90411,-43.21611,2019-01-25 09:51:11,,,
C51632,1a516c64-e0c1-41ab-9975-71487d6bd5a6,64,1010O00080C0,-22.90341,-43.21449,2019-01-25 09:51:37,,,
C51632,1a516c64-e0c1-41ab-9975-71487d6bd5a6,65,1010O00081C0,-22.902025,-43.210979,2019-01-25 09:52:32,,,
C51632,1a516c64-e0c1-41ab-9975-71487d6bd5a6,66,2032O00028C0,-22.908498,-43.209965,2019-01-25 09:54:18,,,
C51632,1a516c64-e0c1-41ab-9975-71487d6bd5a6,67,1008O00022S0,-22.91013,-43.205583,2019-01-25 09:55:52,,,
C51632,1a516c64-e0c1-41ab-9975-71487d6bd5a6,68,1008O00005S0,-22.908619,-43.201048,2019-01-25 09:57:01,,,
C51632,1a516c64-e0c1-41ab-9975-71487d6bd5a6,69,1005O00060C0,-22.90623,-43.193405,2019-01-25 09:58:58,,,
C51632,1a516c64-e0c1-41ab-9975-71487d6bd5a6,70,1005O00359S0,-22.905052,-43.189782,2019-01-25 09:59:53,,,
C51632,1a516c64-e0c1-41ab-9975-71487d6bd5a6,71,1005O00375S2,-22.903332,-43.184461,2019-01-25 10:01:14,,,
C51632,1a516c64-e0c1-41ab-9975-71487d6bd5a6,72,1005O00197C0,-22.905593,-43.182786,2019-01-25 10:02:07,,,
C51632,1a516c64-e0c1-41ab-9975-71487d6bd5a6,73,1005O00020S0,-22.90723,-43.18272,2019-01-25 10:02:43,,,
C51632,1a516c64-e0c1-41ab-9975-71487d6bd5a6,74,1005O00232S0,-22.90879,-43.18819,2019-01-25 10:04:06,,,
C51632,1a516c64-e0c1-41ab-9975-71487d6bd5a6,75,1005O00234C0,-22.908392,-43.189263,2019-01-25 10:04:27,,,
C51516,1a516c64-e0c1-41ab-9975-71487d6bd5a6,0,4124O00046C0,-22.901318,-43.347259,2019-01-25 08:59:58,2019-01-25 10:53:58,114.0,4.0556926575653724
C51516,1a516c64-e0c1-41ab-9975-71487d6bd5a6,1,4124O00031C0,-22.90189,-43.34779,2019-01-25 09:00:09,2019-01-25 10:54:58,114.81666666666666,82.33607702552914
C51516,1a516c64-e0c1-41ab-9975-71487d6bd5a6,2,4124O00058C0,-22.900466,-43.349828,2019-01-25 09:00:49,2019-01-25 10:56:58,116.15,62.68162264984118
C51516,1a516c64-e0c1-41ab-9975-71487d6bd5a6,3,4124O00033C0,-22.89911,-43.35167,2019-01-25 09:01:23,2019-01-25 10:57:58,116.58333333333333,56.10648530925101
C51516,1a516c64-e0c1-41ab-9975-71487d6bd5a6,4,4124O00004C0,-22.898012,-43.352228,2019-01-25 09:01:50,,,
C51516,1a516c64-e0c1-41ab-9975-71487d6bd5a6,5,4124O00006C0,-22.89818,-43.350146,2019-01-25 09:02:34,,,
C51516,1a516c64-e0c1-41ab-9975-71487d6bd5a6,6,4124O00008C0,-22.896967,-43.348397,2019-01-25 09:03:10,,,
C51516,1a516c64-e0c1-41ab-9975-71487d6bd5a6,7,4124O00016C0,-22.8954,-43.34742,2019-01-25 09:03:38,,,
C51516,1a516c64-e0c1-41ab-9975-71487d6bd5a6,8,4124O00017C0,-22.89369,-43.34688,2019-01-25 09:04:06,,,
C51516,1a516c64-e0c1-41ab-9975-71487d6bd5a6,9,4124O00050C0,-22.890381,-43.34553,2019-01-25 09:05:07,,,
C51516,1a516c64-e0c1-41ab-9975-71487d6bd5a6,10,3078O00007C0,-22.88842,-43.34439,2019-01-25 09:05:42,,,
C51516,1a516c64-e0c1-41ab-9975-71487d6bd5a6,11,3078O00008C0,-22.88717,-43.34339,2019-01-25 09:06:06,,,
C51516,1a516c64-e0c1-41ab-9975-71487d6bd5a6,12,3078O00009C0,-22.88579,-43.34209,2019-01-25 09:06:35,,,
C51516,1a516c64-e0c1-41ab-9975-71487d6bd5a6,13,3082O00002C0,-22.88283,-43.34025,2019-01-25 09:07:52,2019-01-25 11:05:58,118.1,49.629037530997664
C51516,1a516c64-e0c1-41ab-9975-71487d6bd5a6,14,3082O00018C0,-22.882534,-43.33687,2019-01-25 09:08:41,2019-01-25 11:06:58,118.28333333333333,37.93375458225843
C51516,1a516c64-e0c1-41ab-9975-71487d6bd5a6,15,3082O00051C0,-22.882382,-43.333901,2019-01-25 09:09:24,2019-01-25 11:07:58,118.56666666666666,18.999717011073756
C51516,1a516c64-e0c1-41ab-9975-71487d6bd5a6,16,3082O00019C0,-22.882138,-43.331007,2019-01-25 09:10:12,2019-01-25 11:08:58,118.76666666666667,58.80353857210567
C51516,1a516c64-e0c1-41ab-9975-71487d6bd5a6,17,3082O00004C1,-22.88256,-43.32373,2019-01-25 09:11:53,2019-01-25 11:10:59,119.1,190.65533369829822
C51516,1a516c64-e0c1-41ab-9975-71487d6bd5a6,18,3082O00005C2,-22.88284,-43.3224,2019-01-25 09:12:13,2019-01-25 11:11:59,119.76666666666667,146.4731844809667
C51516,1a516c64-e0c1-41ab-9975-71487d6bd5a6,19,3079O00001C2,-22.8835,-43.32058,2019-01-25 09:12:41,,,
C51516,1a516c64-e0c1-41ab-9975-71487d6bd5a6,20,3079O00002C2,-22.88445,-43.31751,2019-01-25 09:13:28,2019-01-25 11:12:59,119.51666666666667,240.9880353691878
C51516,1a516c64-e0c1-41ab-9975-71487d6bd5a6,21,3079O00041C2,-22.884744,-43.316116,2019-01-25 09:13:49,,,
C51516,1a516c64-e0c1-41ab-9975-71487d6bd5a6,23,3079O00040C2,-22.88498,-43.31429,2019-01-25 09:14:15,,,
C51516,1a516c64-e0c1-41ab-9975-71487d6bd5a6,24,3079O00042C2,-22.885103,-43.311568,2019-01-25 09:14:54,,,
C51516,1a516c64-e0c1-41ab-9975-71487d6bd5a6,25,3069O00057C2,-22.88562,-43.30967,2019-01-25 09:15:24,,,
C51516,1a516c64-e0c1-41ab-9975-71487d6bd5a6,26,3069O00058C2,-22.88672,-43.306443,2019-01-25 09:16:13,,,
C51516,1a516c64-e0c1-41ab-9975-71487d6bd5a6,27,3069O00003C2,-22.88646,-43.30281,2019-01-25 09:17:07,,,
C51516,1a516c64-e0c1-41ab-9975-71487d6bd5a6,28,3070O00001C2,-22.88548,-43.30031,2019-01-25 09:17:48,,,
C51516,1a516c64-e0c1-41ab-9975-71487d6bd5a6,29,3071O00033C2,-22.884601,-43.297845,2019-01-25 09:18:27,,,
C51516,1a516c64-e0c1-41ab-9975-71487d6bd5a6,30,3071O00004C2,-22.88341,-43.29648,2019-01-25 09:18:54,,,
C51516,1a516c64-e0c1-41ab-9975-71487d6bd5a6,31,3071O00005C2,-22.88182,-43.29431,2019-01-25 09:19:35,,,
C51516,1a516c64-e0c1-41ab-9975-71487d6bd5a6,32,3071O00006C2,-22.8842,-43.29133,2019-01-25 09:20:39,,,
C51516,1a516c64-e0c1-41ab-9975-71487d6bd5a6,33,3066O00003C2,-22.885668,-43.290084,2019-01-25 09:21:13,,,
C51516,1a516c64-e0c1-41ab-9975-71487d6bd5a6,34,3064O00002C0,-22.88744,-43.2864,2019-01-25 09:22:08,,,
C51516,1a516c64-e0c1-41ab-9975-71487d6bd5a6,35,3065O00001C0,-22.887738,-43.283511,2019-01-25 09:22:44,,,
C51516,1a516c64-e0c1-41ab-9975-71487d6bd5a6,36,3065O00003C0,-22.887155,-43.280679,2019-01-25 09:23:30,,,
C51516,1a516c64-e0c1-41ab-9975-71487d6bd5a6,37,3065O00004C0,-22.88591,-43.27898,2019-01-25 09:24:03,,,
C51516,1a516c64-e0c1-41ab-9975-71487d6bd5a6,38,3065O00005C0,-22.88441,-43.27719,2019-01-25 09:24:38,,,
C51516,1a516c64-e0c1-41ab-9975-71487d6bd5a6,39,3053O00006C0,-22.8822,-43.2754,2019-01-25 09:25:21,,,
C51516,1a516c64-e0c1-41ab-9975-71487d6bd5a6,40,3053O00007C0,-22.881083,-43.272751,2019-01-25 09:26:05,,,
C51516,1a516c64-e0c1-41ab-9975-71487d6bd5a6,41,3053O00008C0,-22.878863,-43.265859,2019-01-25 09:27:51,,,
C51516,1a516c64-e0c1-41ab-9975-71487d6bd5a6,42,3052O00001C0,-22.87833,-43.26397,2019-01-25 09:28:23,,,
C51516,1a516c64-e0c1-41ab-9975-71487d6bd5a6,43,3052O00002C1,-22.878337,-43.261822,2019-01-25 09:28:54,,,
C51516,1a516c64-e0c1-41ab-9975-71487d6bd5a6,44,3052O00003C0,-22.880394,-43.259223,2019-01-25 09:29:49,,,
C51516,1a516c64-e0c1-41ab-9975-71487d6bd5a6,45,3155O00001C0,-22.882581,-43.254845,2019-01-25 09:31:01,,,
C51516,1a516c64-e0c1-41ab-9975-71487d6bd5a6,46,3155O00002C0,-22.88517,-43.25266,2019-01-25 09:31:52,,,
C51516,1a516c64-e0c1-41ab-9975-71487d6bd5a6,47,3155O00003C0,-22.886927,-43.250822,2019-01-25 09:32:30,,,
C51516,1a516c64-e0c1-41ab-9975-71487d6bd5a6,48,1012O00011C0,-22.890046,-43.244457,2019-01-25 09:34:30,,,
C51516,1a516c64-e0c1-41ab-9975-71487d6bd5a6,49,1012O00012C0,-22.890765,-43.242335,2019-01-25 09:35:01,,,
C51516,1a516c64-e0c1-41ab-9975-71487d6bd5a6,50,1012O00013C0,-22.891768,-43.240794,2019-01-25 09:35:25,,,
C51516,1a516c64-e0c1-41ab-9975-71487d6bd5a6,51,1012O00027C0,-22.89495,-43.24279,2019-01-25 09:36:41,,,
C51516,1a516c64-e0c1-41ab-9975-71487d6bd5a6,52,vphs,-22.897995,-43.241305,2019-01-25 09:37:52,,,
C51516,1a516c64-e0c1-41ab-9975-71487d6bd5a6,53,1011O00001C0,-22.90138,-43.241176,2019-01-25 09:38:52,,,
C51516,1a516c64-e0c1-41ab-9975-71487d6bd5a6,54,3057O00006C0,-22.90591,-43.23964,2019-01-25 09:40:05,,,
C51516,1a516c64-e0c1-41ab-9975-71487d6bd5a6,56,1011O00002C0,-22.907884,-43.236917,2019-01-25 09:40:55,,,
C51516,1a516c64-e0c1-41ab-9975-71487d6bd5a6,57,2035O00042C0,-22.908756,-43.234655,2019-01-25 09:41:27,,,
C51516,1a516c64-e0c1-41ab-9975-71487d6bd5a6,58,1010O00038C0,-22.908374,-43.231002,2019-01-25 09:42:24,,,
C51516,1a516c64-e0c1-41ab-9975-71487d6bd5a6,59,1010O00077C0,-22.90931,-43.22631,2019-01-25 09:43:45,,,
C51516,1a516c64-e0c1-41ab-9975-71487d6bd5a6,60,1010O00103C0,-22.909238,-43.222916,2019-01-25 09:44:35,,,
C51516,1a516c64-e0c1-41ab-9975-71487d6bd5a6,61,1010O00040C0,-22.906357,-43.220639,2019-01-25 09:45:32,,,
C51516,1a516c64-e0c1-41ab-9975-71487d6bd5a6,62,1010O00107C0,-22.904907,-43.218901,2019-01-25 09:46:18,,,
C51516,1a516c64-e0c1-41ab-9975-71487d6bd5a6,63,1010O00079C0,-22.90411,-43.21611,2019-01-25 09:47:03,,,
C51516,1a516c64-e0c1-41ab-9975-71487d6bd5a6,64,1010O00080C0,-22.90341,-43.21449,2019-01-25 09:47:29,,,
C51516,1a516c64-e0c1-41ab-9975-71487d6bd5a6,65,1010O00081C0,-22.902025,-43.210979,2019-01-25 09:48:24,,,
C51516,1a516c64-e0c1-41ab-9975-71487d6bd5a6,66,2032O00028C0,-22.908498,-43.209965,2019-01-25 09:50:10,,,
C51516,1a516c64-e0c1-41ab-9975-71487d6bd5a6,67,1008O00022S0,-22.91013,-43.205583,2019-01-25 09:51:44,,,
C51516,1a516c64-e0c1-41ab-9975-71487d6bd5a6,68,1008O00005S0,-22.908619,-43.201048,2019-01-25 09:52:53,,,
C51516,1a516c64-e0c1-41ab-9975-71487d6bd5a6,69,1005O00060C0,-22.90623,-43.193405,2019-01-25 09:54:50,,,
C51516,1a516c64-e0c1-41ab-9975-71487d6bd5a6,70,1005O00359S0,-22.905052,-43.189782,2019-01-25 09:55:45,,,
C51516,1a516c64-e0c1-41ab-9975-71487d6bd5a6,71,1005O00375S2,-22.903332,-43.184461,2019-01-25 09:57:06,,,
C51516,1a516c64-e0c1-41ab-9975-71487d6bd5a6,72,1005O00197C0,-22.905593,-43.182786,2019-01-25 09:57:59,,,
C51516,1a516c64-e0c1-41ab-9975-71487d6bd5a6,73,1005O00020S0,-22.90723,-43.18272,2019-01-25 09:58:35,,,
C51516,1a516c64-e0c1-41ab-9975-71487d6bd5a6,74,1005O00232S0,-22.90879,-43.18819,2019-01-25 09:59:58,,,
C51516,1a516c64-e0c1-41ab-9975-71487d6bd5a6,75,1005O00234C0,-22.908392,-43.189263,2019-01-25 10:00:19,,,
C51556,1a516c64-e0c1-41ab-9975-71487d6bd5a6,0,4124O00046C0,-22.901318,-43.347259,2019-01-25 08:55:43,2019-01-25 09:39:28,43.75,73.02918158306774
C51556,1a516c64-e0c1-41ab-9975-71487d6bd5a6,1,4124O00031C0,-22.90189,-43.34779,2019-01-25 08:55:54,,,
C51556,1a516c64-e0c1-41ab-9975-71487d6bd5a6,2,4124O00058C0,-22.900466,-43.349828,2019-01-25 08:56:34,,,
C51556,1a516c64-e0c1-41ab-9975-71487d6bd5a6,3,4124O00033C0,-22.89911,-43.35167,2019-01-25 08:57:08,,,
C51556,1a516c64-e0c1-41ab-9975-71487d6bd5a6,4,4124O00004C0,-22.898012,-43.352228,2019-01-25 08:57:35,,,
C51556,1a516c64-e0c1-41ab-9975-71487d6bd5a6,5,4124O00006C0,-22.89818,-43.350146,2019-01-25 08:58:19,,,
C51556,1a516c64-e0c1-41ab-9975-71487d6bd5a6,6,4124O00008C0,-22.896967,-43.348397,2019-01-25 08:58:55,,,
C51556,1a516c64-e0c1-41ab-9975-71487d6bd5a6,7,4124O00016C0,-22.8954,-43.34742,2019-01-25 08:59:23,,,
C51556,1a516c64-e0c1-41ab-9975-71487d6bd5a6,8,4124O00017C0,-22.89369,-43.34688,2019-01-25 08:59:51,,,
C51556,1a516c64-e0c1-41ab-9975-71487d6bd5a6,9,4124O00050C0,-22.890381,-43.34553,2019-01-25 09:00:52,,,
C51556,1a516c64-e0c1-41ab-9975-71487d6bd5a6,10,3078O00007C0,-22.88842,-43.34439,2019-01-25 09:01:27,,,
C51556,1a516c64-e0c1-41ab-9975-71487d6bd5a6,11,3078O00008C0,-22.88717,-43.34339,2019-01-25 09:01:51,,,
C51556,1a516c64-e0c1-41ab-9975-71487d6bd5a6,12,3078O00009C0,-22.88579,-43.34209,2019-01-25 09:02:20,,,
C51556,1a516c64-e0c1-41ab-9975-71487d6bd5a6,13,3082O00002C0,-22.88283,-43.34025,2019-01-25 09:03:37,,,
C51556,1a516c64-e0c1-41ab-9975-71487d6bd5a6,14,3082O00018C0,-22.882534,-43.33687,2019-01-25 09:04:26,,,
C51556,1a516c64-e0c1-41ab-9975-71487d6bd5a6,15,3082O00051C0,-22.882382,-43.333901,2019-01-25 09:05:09,,,
C51556,1a516c64-e0c1-41ab-9975-71487d6bd5a6,16,3082O00019C0,-22.882138,-43.331007,2019-01-25 09:05:57,,,
C51556,1a516c64-e0c1-41ab-9975-71487d6bd5a6,17,3082O00004C1,-22.88256,-43.32373,2019-01-25 09:07:38,,,
C51556,1a516c64-e0c1-41ab-9975-71487d6bd5a6,18,3082O00005C2,-22.88284,-43.3224,2019-01-25 09:07:58,,,
C51556,1a516c64-e0c1-41ab-9975-71487d6bd5a6,19,3079O00001C2,-22.8835,-43.32058,2019-01-25 09:08:26,,,
C51556,1a516c64-e0c1-41ab-9975-71487d6bd5a6,20,3079O00002C2,-22.88445,-43.31751,2019-01-25 09:09:13,,,
C51556,1a516c64-e0c1-41ab-9975-71487d6bd5a6,21,3079O00041C2,-22.884744,-43.316116,2019-01-25 09:09:34,,,
C51556,1a516c64-e0c1-41ab-9975-71487d6bd5a6,23,3079O00040C2,-22.88498,-43.31429,2019-01-25 09:10:00,,,
C51556,1a516c64-e0c1-41ab-9975-71487d6bd5a6,24,3079O00042C2,-22.885103,-43.311568,2019-01-25 09:10:39,,,
C51556,1a516c64-e0c1-41ab-9975-71487d6bd5a6,25,3069O00057C2,-22.88562,-43.30967,2019-01-25 09:11:09,,,
C51556,1a516c64-e0c1-41ab-9975-71487d6bd5a6,26,3069O00058C2,-22.88672,-43.306443,2019-01-25 09:11:58,2019-01-25 10:17:22,65.4,247.163489574683
C51556,1a516c64-e0c1-41ab-9975-71487d6bd5a6,27,3069O00003C2,-22.88646,-43.30281,2019-01-25 09:12:52,,,
C51556,1a516c64-e0c1-41ab-9975-71487d6bd5a6,28,3070O00001C2,-22.88548,-43.30031,2019-01-25 09:13:33,,,
C51556,1a516c64-e0c1-41ab-9975-71487d6bd5a6,29,3071O00033C2,-22.884601,-43.297845,2019-01-25 09:14:12,,,
C51556,1a516c64-e0c1-41ab-9975-71487d6bd5a6,30,3071O00004C2,-22.88341,-43.29648,2019-01-25 09:14:39,,,
C51556,1a516c64-e0c1-41ab-9975-71487d6bd5a6,31,3071O00005C2,-22.88182,-43.29431,2019-01-25 09:15:20,,,
C51556,1a516c64-e0c1-41ab-9975-71487d6bd5a6,32,3071O00006C2,-22.8842,-43.29133,2019-01-25 09:16:24,,,
C51556,1a516c64-e0c1-41ab-9975-71487d6bd5a6,33,3066O00003C2,-22.885668,-43.290084,2019-01-25 09:16:58,,,
C51556,1a516c64-e0c1-41ab-9975-71487d6bd5a6,34,3064O00002C0,-22.88744,-43.2864,2019-01-25 09:17:53,,,
C51556,1a516c64-e0c1-41ab-9975-71487d6bd5a6,35,3065O00001C0,-22.887738,-43.283511,2019-01-25 09:18:29,,,
C51556,1a516c64-e0c1-41ab-9975-71487d6bd5a6,36,3065O00003C0,-22.887155,-43.280679,2019-01-25 09:19:15,,,
C51556,1a516c64-e0c1-41ab-9975-71487d6bd5a6,37,3065O00004C0,-22.88591,-43.27898,2019-01-25 09:19:48,,,
C51556,1a516c64-e0c1-41ab-9975-71487d6bd5a6,38,3065O00005C0,-22.88441,-43.27719,2019-01-25 09:20:23,,,
C51556,1a516c64-e0c1-41ab-9975-71487d6bd5a6,39,3053O00006C0,-22.8822,-43.2754,2019-01-25 09:21:06,,,
C51556,1a516c64-e0c1-41ab-9975-71487d6bd5a6,40,3053O00007C0,-22.881083,-43.272751,2019-01-25 09:21:50,,,
C51556,1a516c64-e0c1-41ab-9975-71487d6bd5a6,41,3053O00008C0,-22.878863,-43.265859,2019-01-25 09:23:36,2019-01-25 10:34:59,71.38333333333334,179.85508460700015
C51556,1a516c64-e0c1-41ab-9975-71487d6bd5a6,42,3052O00001C0,-22.87833,-43.26397,2019-01-25 09:24:08,,,
C51556,1a516c64-e0c1-41ab-9975-71487d6bd5a6,43,3052O00002C1,-22.878337,-43.261822,2019-01-25 09:24:39,,,
C51556,1a516c64-e0c1-41ab-9975-71487d6bd5a6,44,3052O00003C0,-22.880394,-43.259223,2019-01-25 09:25:34,,,
C51556,1a516c64-e0c1-41ab-9975-71487d6bd5a6,45,3155O00001C0,-22.882581,-43.254845,2019-01-25 09:26:46,,,
C51556,1a516c64-e0c1-41ab-9975-71487d6bd5a6,46,3155O00002C0,-22.88517,-43.25266,2019-01-25 09:27:37,,,
C51556,1a516c64-e0c1-41ab-9975-71487d6bd5a6,47,3155O00003C0,-22.886927,-43.250822,2019-01-25 09:28:15,,,
C51556,1a516c64-e0c1-41ab-9975-71487d6bd5a6,48,1012O00011C0,-22.890046,-43.244457,2019-01-25 09:30:15,,,
C51556,1a516c64-e0c1-41ab-9975-71487d6bd5a6,49,1012O00012C0,-22.890765,-43.242335,2019-01-25 09:30:46,,,
C51556,1a516c64-e0c1-41ab-9975-71487d6bd5a6,50,1012O00013C0,-22.891768,-43.240794,2019-01-25 09:31:10,,,
C51556,1a516c64-e0c1-41ab-9975-71487d6bd5a6,51,1012O00027C0,-22.89495,-43.24279,2019-01-25 09:32:26,,,
C51556,1a516c64-e0c1-41ab-9975-71487d6bd5a6,52,vphs,-22.897995,-43.241305,2019-01-25 09:33:37,,,
C51556,1a516c64-e0c1-41ab-9975-71487d6bd5a6,53,1011O00001C0,-22.90138,-43.241176,2019-01-25 09:34:37,2019-01-25 10:46:51,72.23333333333333,6.24771847840501
C51556,1a516c64-e0c1-41ab-9975-71487d6bd5a6,54,3057O00006C0,-22.90591,-43.23964,2019-01-25 09:35:50,,,
C51556,1a516c64-e0c1-41ab-9975-71487d6bd5a6,56,1011O00002C0,-22.907884,-43.236917,2019-01-25 09:36:40,,,
C51556,1a516c64-e0c1-41ab-9975-71487d6bd5a6,57,2035O00042C0,-22.908756,-43.234655,2019-01-25 09:37:12,,,
C51556,1a516c64-e0c1-41ab-9975-71487d6bd5a6,58,1010O00038C0,-22.908374,-43.231002,2019-01-25 09:38:09,,,
C51556,1a516c64-e0c1-41ab-9975-71487d6bd5a6,59,1010O00077C0,-22.90931,-43.22631,2019-01-25 09:39:30,,,
C51556,1a516c64-e0c1-41ab-9975-71487d6bd5a6,60,1010O00103C0,-22.909238,-43.222916,2019-01-25 09:40:20,,,
C51556,1a516c64-e0c1-41ab-9975-71487d6bd5a6,61,1010O00040C0,-22.906357,-43.220639,2019-01-25 09:41:17,,,
C51556,1a516c64-e0c1-41ab-9975-71487d6bd5a6,62,1010O00107C0,-22.904907,-43.218901,2019-01-25 09:42:03,,,
C51556,1a516c64-e0c1-41ab-9975-71487d6bd5a6,63,1010O00079C0,-22.90411,-43.21611,2019-01-25 09:42:48,2019-01-25 11:39:04,116.26666666666667,129.06621234802748
C51556,1a516c64-e0c1-41ab-9975-71487d6bd5a6,64,1010O00080C0,-22.90341,-43.21449,2019-01-25 09:43:14,,,
C51556,1a516c64-e0c1-41ab-9975-71487d6bd5a6,65,1010O00081C0,-22.902025,-43.210979,2019-01-25 09:44:09,,,
C51556,1a516c64-e0c1-41ab-9975-71487d6bd5a6,66,2032O00028C0,-22.908498,-43.209965,2019-01-25 09:45:55,,,
C51556,1a516c64-e0c1-41ab-9975-71487d6bd5a6,67,1008O00022S0,-22.91013,-43.205583,2019-01-25 09:47:29,,,
C51556,1a516c64-e0c1-41ab-9975-71487d6bd5a6,68,1008O00005S0,-22.908619,-43.201048,2019-01-25 09:48:38,,,
C51556,1a516c64-e0c1-41ab-9975-71487d6bd5a6,69,1005O00060C0,-22.90623,-43.193405,2019-01-25 09:50:35,,,
C51556,1a516c64-e0c1-41ab-9975-71487d6bd5a6,70,1005O00359S0,-22.905052,-43.189782,2019-01-25 09:51:30,,,
C51556,1a516c64-e0c1-41ab-9975-71487d6bd5a6,71,1005O00375S2,-22.903332,-43.184461,2019-01-25 09:52:51,,,
C51556,1a516c64-e0c1-41ab-9975-71487d6bd5a6,72,1005O00197C0,-22.905593,-43.182786,2019-01-25 09:53:44,,,
C51556,1a516c64-e0c1-41ab-9975-71487d6bd5a6,73,1005O00020S0,-22.90723,-43.18272,2019-01-25 09:54:20,,,
C51556,1a516c64-e0c1-41ab-9975-71487d6bd5a6,74,1005O00232S0,-22.90879,-43.18819,2019-01-25 09:55:43,,,
C51556,1a516c64-e0c1-41ab-9975-71487d6bd5a6,75,1005O00234C0,-22.908392,-43.189263,2019-01-25 09:56:04,,,
C51622,1a516c64-e0c1-41ab-9975-71487d6bd5a6,0,4124O00046C0,-22.901318,-43.347259,2019-01-25 08:57:53,2019-01-25 08:58:53,1.0,240.62445972644628
C51622,1a516c64-e0c1-41ab-9975-71487d6bd5a6,1,4124O00031C0,-22.90189,-43.34779,2019-01-25 08:58:04,,,
C51622,1a516c64-e0c1-41ab-9975-71487d6bd5a6,2,4124O00058C0,-22.900466,-43.349828,2019-01-25 08:58:44,,,
C51622,1a516c64-e0c1-41ab-9975-71487d6bd5a6,3,4124O00033C0,-22.89911,-43.35167,2019-01-25 08:59:18,,,
C51622,1a516c64-e0c1-41ab-9975-71487d6bd5a6,4,4124O00004C0,-22.898012,-43.352228,2019-01-25 08:59:45,,,
C51622,1a516c64-e0c1-41ab-9975-71487d6bd5a6,5,4124O00006C0,-22.89818,-43.350146,2019-01-25 09:00:29,2019-01-25 09:02:54,2.4166666666666665,220.6402356849849
C51622,1a516c64-e0c1-41ab-9975-71487d6bd5a6,6,4124O00008C0,-22.896967,-43.348397,2019-01-25 09:01:05,,,
C51622,1a516c64-e0c1-41ab-9975-71487d6bd5a6,7,4124O00016C0,-22.8954,-43.34742,2019-01-25 09:01:33,,,
C51622,1a516c64-e0c1-41ab-9975-71487d6bd5a6,8,4124O00017C0,-22.89369,-43.34688,2019-01-25 09:02:01,,,
C51622,1a516c64-e0c1-41ab-9975-71487d6bd5a6,9,4124O00050C0,-22.890381,-43.34553,2019-01-25 09:03:02,,,
C51622,1a516c64-e0c1-41ab-9975-71487d6bd5a6,10,3078O00007C0,-22.88842,-43.34439,2019-01-25 09:03:37,,,
C51622,1a516c64-e0c1-41ab-9975-71487d6bd5a6,11,3078O00008C0,-22.88717,-43.34339,2019-01-25 09:04:01,,,
C51622,1a516c64-e0c1-41ab-9975-71487d6bd5a6,12,3078O00009C0,-22.88579,-43.34209,2019-01-25 09:04:30,,,
C51622,1a516c64-e0c1-41ab-9975-71487d6bd5a6,13,3082O00002C0,-22.88283,-43.34025,2019-01-25 09:05:47,2019-01-25 09:07:24,1.6166666666666667,190.22563189164484
C51622,1a516c64-e0c1-41ab-9975-71487d6bd5a6,14,3082O00018C0,-22.882534,-43.33687,2019-01-25 09:06:36,,,
C51622,1a516c64-e0c1-41ab-9975-71487d6bd5a6,15,3082O00051C0,-22.882382,-43.333901,2019-01-25 09:07:19,,,
C51622,1a516c64-e0c1-41ab-9975-71487d6bd5a6,16,3082O00019C0,-22.882138,-43.331007,2019-01-25 09:08:07,,,
C51622,1a516c64-e0c1-41ab-9975-71487d6bd5a6,17,3082O00004C1,-22.88256,-43.32373,2019-01-25 09:09:48,2019-01-25 11:09:30,119.7,177.7592403225328
C51622,1a516c64-e0c1-41ab-9975-71487d6bd5a6,18,3082O00005C2,-22.88284,-43.3224,2019-01-25 09:10:08,,,
C51622,1a516c64-e0c1-41ab-9975-71487d6bd5a6,19,3079O00001C2,-22.8835,-43.32058,2019-01-25 09:10:36,,,
C51622,1a516c64-e0c1-41ab-9975-71487d6bd5a6,20,3079O00002C2,-22.88445,-43.31751,2019-01-25 09:11:23,,,
C51622,1a516c64-e0c1-41ab-9975-71487d6bd5a6,21,3079O00041C2,-22.884744,-43.316116,2019-01-25 09:11:44,,,
C51622,1a516c64-e0c1-41ab-9975-71487d6bd5a6,23,3079O00040C2,-22.88498,-43.31429,2019-01-25 09:12:10,,,
C51622,1a516c64-e0c1-41ab-9975-71487d6bd5a6,24,3079O00042C2,-22.885103,-43.311568,2019-01-25 09:12:49,,,
C51622,1a516c64-e0c1-41ab-9975-71487d6bd5a6,25,3069O00057C2,-22.88562,-43.30967,2019-01-25 09:13:19,,,
C51622,1a516c64-e0c1-41ab-9975-71487d6bd5a6,26,3069O00058C2,-22.88672,-43.306443,2019-01-25 09:14:08,,,
C51622,1a516c64-e0c1-41ab-9975-71487d6bd5a6,27,3069O00003C2,-22.88646,-43.30281,2019-01-25 09:15:02,,,
C51622,1a516c64-e0c1-41ab-9975-71487d6bd5a6,28,3070O00001C2,-22.88548,-43.30031,2019-01-25 09:15:43,,,
C51622,1a516c64-e0c1-41ab-9975-71487d6bd5a6,29,3071O00033C2,-22.884601,-43.297845,2019-01-25 09:16:22,,,
C51622,1a516c64-e0c1-41ab-9975-71487d6bd5a6,30,3071O00004C2,-22.88341,-43.29648,2019-01-25 09:16:49,,,
C51622,1a516c64-e0c1-41ab-9975-71487d6bd5a6,31,3071O00005C2,-22.88182,-43.29431,2019-01-25 09:17:30,,,
C51622,1a516c64-e0c1-41ab-9975-71487d6bd5a6,32,3071O00006C2,-22.8842,-43.29133,2019-01-25 09:18:34,,,
C51622,1a516c64-e0c1-41ab-9975-71487d6bd5a6,33,3066O00003C2,-22.885668,-43.290084,2019-01-25 09:19:08,,,
C51622,1a516c64-e0c1-41ab-9975-71487d6bd5a6,34,3064O00002C0,-22.88744,-43.2864,2019-01-25 09:20:03,,,
C51622,1a516c64-e0c1-41ab-9975-71487d6bd5a6,35,3065O00001C0,-22.887738,-43.283511,2019-01-25 09:20:39,,,
C51622,1a516c64-e0c1-41ab-9975-71487d6bd5a6,36,3065O00003C0,-22.887155,-43.280679,2019-01-25 09:21:25,,,
C51622,1a516c64-e0c1-41ab-9975-71487d6bd5a6,37,3065O00004C0,-22.88591,-43.27898,2019-01-25 09:21:58,,,
C51622,1a516c64-e0c1-41ab-9975-71487d6bd5a6,38,3065O00005C0,-22.88441,-43.27719,2019-01-25 09:22:33,,,
C51622,1a516c64-e0c1-41ab-9975-71487d6bd5a6,39,3053O00006C0,-22.8822,-43.2754,2019-01-25 09:23:16,,,
C51622,1a516c64-e0c1-41ab-9975-71487d6bd5a6,40,3053O00007C0,-22.881083,-43.272751,2019-01-25 09:24:00,,,
C51622,1a516c64-e0c1-41ab-9975-71487d6bd5a6,41,3053O00008C0,-22.878863,-43.265859,2019-01-25 09:25:46,,,
C51622,1a516c64-e0c1-41ab-9975-71487d6bd5a6,42,3052O00001C0,-22.87833,-43.26397,2019-01-25 09:26:18,,,
C51622,1a516c64-e0c1-41ab-9975-71487d6bd5a6,43,3052O00002C1,-22.878337,-43.261822,2019-01-25 09:26:49,,,
C51622,1a516c64-e0c1-41ab-9975-71487d6bd5a6,44,3052O00003C0,-22.880394,-43.259223,2019-01-25 09:27:44,,,
C51622,1a516c64-e0c1-41ab-9975-71487d6bd5a6,45,3155O00001C0,-22.882581,-43.254845,2019-01-25 09:28:56,,,
C51622,1a516c64-e0c1-41ab-9975-71487d6bd5a6,46,3155O00002C0,-22.88517,-43.25266,2019-01-25 09:29:47,,,
C51622,1a516c64-e0c1-41ab-9975-71487d6bd5a6,47,3155O00003C0,-22.886927,-43.250822,2019-01-25 09:30:25,,,
C51622,1a516c64-e0c1-41ab-9975-71487d6bd5a6,48,1012O00011C0,-22.890046,-43.244457,2019-01-25 09:32:25,,,
C51622,1a516c64-e0c1-41ab-9975-71487d6bd5a6,49,1012O00012C0,-22.890765,-43.242335,2019-01-25 09:32:56,,,
C51622,1a516c64-e0c1-41ab-9975-71487d6bd5a6,50,1012O00013C0,-22.891768,-43.240794,2019-01-25 09:33:20,,,
C51622,1a516c64-e0c1-41ab-9975-71487d6bd5a6,51,1012O00027C0,-22.89495,-43.24279,2019-01-25 09:34:36,,,
C51622,1a516c64-e0c1-41ab-9975-71487d6bd5a6,52,vphs,-22.897995,-43.241305,2019-01-25 09:35:47,,,
C51622,1a516c64-e0c1-41ab-9975-71487d6bd5a6,53,1011O00001C0,-22.90138,-43.241176,2019-01-25 09:36:47,,,
C51622,1a516c64-e0c1-41ab-9975-71487d6bd5a6,54,3057O00006C0,-22.90591,-43.23964,2019-01-25 09:38:00,,,
C51622,1a516c64-e0c1-41ab-9975-71487d6bd5a6,56,1011O00002C0,-22.907884,-43.236917,2019-01-25 09:38:50,,,
C51622,1a516c64-e0c1-41ab-9975-71487d6bd5a6,57,2035O00042C0,-22.908756,-43.234655,2019-01-25 09:39:22,,,
C51622,1a516c64-e0c1-41ab-9975-71487d6bd5a6,58,1010O00038C0,-22.908374,-43.231002,2019-01-25 09:40:19,,,
C51622,1a516c64-e0c1-41ab-9975-71487d6bd5a6,59,1010O00077C0,-22.90931,-43.22631,2019-01-25 09:41:40,,,
C51622,1a516c64-e0c1-41ab-9975-71487d6bd5a6,60,1010O00103C0,-22.909238,-43.222916,2019-01-25 09:42:30,,,
C51622,1a516c64-e0c1-41ab-9975-71487d6bd5a6,61,1010O00040C0,-22.906357,-43.220639,2019-01-25 09:43:27,,,
C51622,1a516c64-e0c1-41ab-9975-71487d6bd5a6,62,1010O00107C0,-22.904907,-43.218901,2019-01-25 09:44:13,,,
C51622,1a516c64-e0c1-41ab-9975-71487d6bd5a6,63,1010O00079C0,-22.90411,-43.21611,2019-01-25 09:44:58,,,
C51622,1a516c64-e0c1-41ab-9975-71487d6bd5a6,64,1010O00080C0,-22.90341,-43.21449,2019-01-25 09:45:24,,,
C51622,1a516c64-e0c1-41ab-9975-71487d6bd5a6,65,1010O00081C0,-22.902025,-43.210979,2019-01-25 09:46:19,,,
C51622,1a516c64-e0c1-41ab-9975-71487d6bd5a6,66,2032O00028C0,-22.908498,-43.209965,2019-01-25 09:48:05,,,
C51622,1a516c64-e0c1-41ab-9975-71487d6bd5a6,67,1008O00022S0,-22.91013,-43.205583,2019-01-25 09:49:39,,,
C51622,1a516c64-e0c1-41ab-9975-71487d6bd5a6,68,1008O00005S0,-22.908619,-43.201048,2019-01-25 09:50:48,,,
C51622,1a516c64-e0c1-41ab-9975-71487d6bd5a6,69,1005O00060C0,-22.90623,-43.193405,2019-01-25 09:52:45,,,
C51622,1a516c64-e0c1-41ab-9975-71487d6bd5a6,70,1005O00359S0,-22.905052,-43.189782,2019-01-25 09:53:40,,,
C51622,1a516c64-e0c1-41ab-9975-71487d6bd5a6,71,1005O00375S2,-22.903332,-43.184461,2019-01-25 09:55:01,,,
C51622,1a516c64-e0c1-41ab-9975-71487d6bd5a6,72,1005O00197C0,-22.905593,-43.182786,2019-01-25 09:55:54,,,
C51622,1a516c64-e0c1-41ab-9975-71487d6bd5a6,73,1005O00020S0,-22.90723,-43.18272,2019-01-25 09:56:30,,,
C51622,1a516c64-e0c1-41ab-9975-71487d6bd5a6,74,1005O00232S0,-22.90879,-43.18819,2019-01-25 09:57:53,,,
C51622,1a516c64-e0c1-41ab-9975-71487d6bd5a6,75,1005O00234C0,-22.908392,-43.189263,2019-01-25 09:58:14,,,
C51636,1a516c64-e0c1-41ab-9975-71487d6bd5a6,0,4124O00046C0,-22.901318,-43.347259,2019-01-25 08:57:55,2019-01-25 09:33:16,35.35,86.1452473210239
C51636,1a516c64-e0c1-41ab-9975-71487d6bd5a6,1,4124O00031C0,-22.90189,-43.34779,2019-01-25 08:58:06,2019-01-25 09:34:49,36.71666666666667,169.82389111825964
C51636,1a516c64-e0c1-41ab-9975-71487d6bd5a6,2,4124O00058C0,-22.900466,-43.349828,2019-01-25 08:58:46,,,
C51636,1a516c64-e0c1-41ab-9975-71487d6bd5a6,3,4124O00033C0,-22.89911,-43.35167,2019-01-25 08:59:20,,,
C51636,1a516c64-e0c1-41ab-9975-71487d6bd5a6,4,4124O00004C0,-22.898012,-43.352228,2019-01-25 08:59:47,,,
C51636,1a516c64-e0c1-41ab-9975-71487d6bd5a6,5,4124O00006C0,-22.89818,-43.350146,2019-01-25 09:00:31,2019-01-25 09:53:57,53.43333333333333,219.36921207273707
C51636,1a516c64-e0c1-41ab-9975-71487d6bd5a6,6,4124O00008C0,-22.896967,-43.348397,2019-01-25 09:01:07,,,
C51636,1a516c64-e0c1-41ab-9975-71487d6bd5a6,7,4124O00016C0,-22.8954,-43.34742,2019-01-25 09:01:35,,,
C51636,1a516c64-e0c1-41ab-9975-71487d6bd5a6,8,4124O00017C0,-22.89369,-43.34688,2019-01-25 09:02:03,,,
C51636,1a516c64-e0c1-41ab-9975-71487d6bd5a6,9,4124O00050C0,-22.890381,-43.34553,2019-01-25 09:03:04,,,
C51636,1a516c64-e0c1-41ab-9975-71487d6bd5a6,10,3078O00007C0,-22.88842,-43.34439,2019-01-25 09:03:39,,,
C51636,1a516c64-e0c1-41ab-9975-71487d6bd5a6,11,3078O00008C0,-22.88717,-43.34339,2019-01-25 09:04:03,,,
C51636,1a516c64-e0c1-41ab-9975-71487d6bd5a6,12,3078O00009C0,-22.88579,-43.34209,2019-01-25 09:04:32,,,
C51636,1a516c64-e0c1-41ab-9975-71487d6bd5a6,13,3082O00002C0,-22.88283,-43.34025,2019-01-25 09:05:49,2019-01-25 09:58:06,52.28333333333333,110.83134538128503
C51636,1a516c64-e0c1-41ab-9975-71487d6bd5a6,14,3082O00018C0,-22.882534,-43.33687,2019-01-25 09:06:38,,,
C51636,1a516c64-e0c1-41ab-9975-71487d6bd5a6,15,3082O00051C0,-22.882382,-43.333901,2019-01-25 09:07:21,,,
C51636,1a516c64-e0c1-41ab-9975-71487d6bd5a6,16,3082O00019C0,-22.882138,-43.331007,2019-01-25 09:08:09,2019-01-25 10:03:16,55.11666666666667,220.03052578297
C51636,1a516c64-e0c1-41ab-9975-71487d6bd5a6,17,3082O00004C1,-22.88256,-43.32373,2019-01-25 09:09:50,2019-01-25 10:06:53,57.05,114.25061823966496
C51636,1a516c64-e0c1-41ab-9975-71487d6bd5a6,18,3082O00005C2,-22.88284,-43.3224,2019-01-25 09:10:10,,,
C51636,1a516c64-e0c1-41ab-9975-71487d6bd5a6,19,3079O00001C2,-22.8835,-43.32058,2019-01-25 09:10:38,,,
C51636,1a516c64-e0c1-41ab-9975-71487d6bd5a6,20,3079O00002C2,-22.88445,-43.31751,2019-01-25 09:11:25,,,
C51636,1a516c64-e0c1-41ab-9975-71487d6bd5a6,21,3079O00041C2,-22.884744,-43.316116,2019-01-25 09:11:46,,,
C51636,1a516c64-e0c1-41ab-9975-71487d6bd5a6,23,3079O00040C2,-22.88498,-43.31429,2019-01-25 09:12:12,2019-01-25 10:10:03,57.85,77.8563666782547
C51636,1a516c64-e0c1-41ab-9975-71487d6bd5a6,24,3079O00042C2,-22.885103,-43.311568,2019-01-25 09:12:51,2019-01-25 10:10:36,57.75,13.882811455672906
C51636,1a516c64-e0c1-41ab-9975-71487d6bd5a6,25,3069O00057C2,-22.88562,-43.30967,2019-01-25 09:13:21,2019-01-25 10:11:37,58.266666666666666,124.24600327778533
C51636,1a516c64-e0c1-41ab-9975-71487d6bd5a6,26,3069O00058C2,-22.88672,-43.306443,2019-01-25 09:14:10,2019-01-25 10:13:41,59.516666666666666,205.52371049648008
C51636,1a516c64-e0c1-41ab-9975-71487d6bd5a6,27,3069O00003C2,-22.88646,-43.30281,2019-01-25 09:15:04,2019-01-25 10:14:44,59.666666666666664,15.302076543706496
C51636,1a516c64-e0c1-41ab-9975-71487d6bd5a6,28,3070O00001C2,-22.88548,-43.30031,2019-01-25 09:15:45,2019-01-25 10:16:48,61.05,40.3864851279116
C51636,1a516c64-e0c1-41ab-9975-71487d6bd5a6,29,3071O00033C2,-22.884601,-43.297845,2019-01-25 09:16:24,2019-01-25 10:17:50,61.43333333333333,181.77163805748765
C51636,1a516c64-e0c1-41ab-9975-71487d6bd5a6,30,3071O00004C2,-22.88341,-43.29648,2019-01-25 09:16:51,2019-01-25 10:18:52,62.016666666666666,44.056067277086555
C51636,1a516c64-e0c1-41ab-9975-71487d6bd5a6,31,3071O00005C2,-22.88182,-43.29431,2019-01-25 09:17:32,,,
C51636,1a516c64-e0c1-41ab-9975-71487d6bd5a6,32,3071O00006C2,-22.8842,-43.29133,2019-01-25 09:18:36,2019-01-25 10:20:54,62.3,148.23306637183313
C51636,1a516c64-e0c1-41ab-9975-71487d6bd5a6,33,3066O00003C2,-22.885668,-43.290084,2019-01-25 09:19:10,,,
C51636,1a516c64-e0c1-41ab-9975-71487d6bd5a6,34,3064O00002C0,-22.88744,-43.2864,2019-01-25 09:20:05,2019-01-25 10:23:00,62.916666666666664,129.97590616894811
C51636,1a516c64-e0c1-41ab-9975-71487d6bd5a6,35,3065O00001C0,-22.887738,-43.283511,2019-01-25 09:20:41,2019-01-25 10:25:04,64.38333333333334,26.995146797208275
C51636,1a516c64-e0c1-41ab-9975-71487d6bd5a6,36,3065O00003C0,-22.887155,-43.280679,2019-01-25 09:21:27,2019-01-25 10:26:07,64.66666666666667,42.502599654415505
C51636,1a516c64-e0c1-41ab-9975-71487d6bd5a6,37,3065O00004C0,-22.88591,-43.27898,2019-01-25 09:22:00,2019-01-25 10:26:38,64.63333333333334,109.84518217893563
C51636,1a516c64-e0c1-41ab-9975-71487d6bd5a6,38,3065O00005C0,-22.88441,-43.27719,2019-01-25 09:22:35,2019-01-25 10:27:40,65.08333333333333,131.78651836016607
C51636,1a516c64-e0c1-41ab-9975-71487d6bd5a6,39,3053O00006C0,-22.8822,-43.2754,2019-01-25 09:23:18,,,
C51636,1a516c64-e0c1-41ab-9975-71487d6bd5a6,40,3053O00007C0,-22.881083,-43.272751,2019-01-25 09:24:02,,,
C51636,1a516c64-e0c1-41ab-9975-71487d6bd5a6,41,3053O00008C0,-22.878863,-43.265859,2019-01-25 09:25:48,2019-01-25 10:30:51,65.05,23.049716278499638
C51636,1a516c64-e0c1-41ab-9975-71487d6bd5a6,42,3052O00001C0,-22.87833,-43.26397,2019-01-25 09:26:20,2019-01-25 10:31:52,65.53333333333333,172.6064904752881
C51636,1a516c64-e0c1-41ab-9975-71487d6bd5a6,43,3052O00002C1,-22.878337,-43.261822,2019-01-25 09:26:51,,,
C51636,1a516c64-e0c1-41ab-9975-71487d6bd5a6,44,3052O00003C0,-22.880394,-43.259223,2019-01-25 09:27:46,2019-01-25 10:32:55,65.15,60.0470551278439
C51636,1a516c64-e0c1-41ab-9975-71487d6bd5a6,45,3155O00001C0,-22.882581,-43.254845,2019-01-25 09:28:58,2019-01-25 10:33:56,64.96666666666667,129.59606861153972
C51636,1a516c64-e0c1-41ab-9975-71487d6bd5a6,46,3155O00002C0,-22.88517,-43.25266,2019-01-25 09:29:49,2019-01-25 10:35:00,65.18333333333334,97.22841334335182
C51636,1a516c64-e0c1-41ab-9975-71487d6bd5a6,47,3155O00003C0,-22.886927,-43.250822,2019-01-25 09:30:27,,,
C51636,1a516c64-e0c1-41ab-9975-71487d6bd5a6,48,1012O00011C0,-22.890046,-43.244457,2019-01-25 09:32:27,,,
C51636,1a516c64-e0c1-41ab-9975-71487d6bd5a6,49,1012O00012C0,-22.890765,-43.242335,2019-01-25 09:32:58,,,
C51636,1a516c64-e0c1-41ab-9975-71487d6bd5a6,50,1012O00013C0,-22.891768,-43.240794,2019-01-25 09:33:22,,,
C51636,1a516c64-e0c1-41ab-9975-71487d6bd5a6,51,1012O00027C0,-22.89495,-43.24279,2019-01-25 09:34:38,,,
C51636,1a516c64-e0c1-41ab-9975-71487d6bd5a6,52,vphs,-22.897995,-43.241305,2019-01-25 09:35:49,2019-01-25 10:39:50,64.01666666666667,174.30658611653024
C51636,1a516c64-e0c1-41ab-9975-71487d6bd5a6,53,1011O00001C0,-22.90138,-43.241176,2019-01-25 09:36:49,2019-01-25 10:40:53,64.06666666666666,26.13998590561071
C51636,1a516c64-e0c1-41ab-9975-71487d6bd5a6,54,3057O00006C0,-22.90591,-43.23964,2019-01-25 09:38:02,2019-01-25 10:41:54,63.86666666666667,65.76195893714639
C51636,1a516c64-e0c1-41ab-9975-71487d6bd5a6,56,1011O00002C0,-22.907884,-43.236917,2019-01-25 09:38:52,,,
C51636,1a516c64-e0c1-41ab-9975-71487d6bd5a6,57,2035O00042C0,-22.908756,-43.234655,2019-01-25 09:39:24,,,
C51636,1a516c64-e0c1-41ab-9975-71487d6bd5a6,58,1010O00038C0,-22.908374,-43.231002,2019-01-25 09:40:21,,,
C51636,1a516c64-e0c1-41ab-9975-71487d6bd5a6,59,1010O00077C0,-22.90931,-43.22631,2019-01-25 09:41:42,2019-01-25 10:44:30,62.8,139.38135353319137
C51636,1a516c64-e0c1-41ab-9975-71487d6bd5a6,60,1010O00103C0,-22.909238,-43.222916,2019-01-25 09:42:32,2019-01-25 10:45:32,63.0,8.698759403946706
C51636,1a516c64-e0c1-41ab-9975-71487d6bd5a6,61,1010O00040C0,-22.906357,-43.220639,2019-01-25 09:43:29,2019-01-25 10:46:34,63.083333333333336,139.01092900322507
C51636,1a516c64-e0c1-41ab-9975-71487d6bd5a6,62,1010O00107C0,-22.904907,-43.218901,2019-01-25 09:44:15,2019-01-25 10:47:36,63.35,213.25983250510532
C51636,1a516c64-e0c1-41ab-9975-71487d6bd5a6,63,1010O00079C0,-22.90411,-43.21611,2019-01-25 09:45:00,2019-01-25 10:48:38,63.63333333333333,97.29252999471879
C51636,1a516c64-e0c1-41ab-9975-71487d6bd5a6,64,1010O00080C0,-22.90341,-43.21449,2019-01-25 09:45:26,,,
C51636,1a516c64-e0c1-41ab-9975-71487d6bd5a6,65,1010O00081C0,-22.902025,-43.210979,2019-01-25 09:46:21,2019-01-25 10:50:11,63.833333333333336,54.87720033687508
C51636,1a516c64-e0c1-41ab-9975-71487d6bd5a6,66,2032O00028C0,-22.908498,-43.209965,2019-01-25 09:48:07,,,
C51636,1a516c64-e0c1-41ab-9975-71487d6bd5a6,67,1008O00022S0,-22.91013,-43.205583,2019-01-25 09:49:41,,,
C51636,1a516c64-e0c1-41ab-9975-71487d6bd5a6,68,1008O00005S0,-22.908619,-43.201048,2019-01-25 09:50:50,,,
C51636,1a516c64-e0c1-41ab-9975-71487d6bd5a6,69,1005O00060C0,-22.90623,-43.193405,2019-01-25 09:52:47,2019-01-25 10:57:55,65.13333333333334,128.5389229567804
C51636,1a516c64-e0c1-41ab-9975-71487d6bd5a6,70,1005O00359S0,-22.905052,-43.189782,2019-01-25 09:53:42,2019-01-25 10:59:59,66.28333333333333,11.885082464963805
C51636,1a516c64-e0c1-41ab-9975-71487d6bd5a6,71,1005O00375S2,-22.903332,-43.184461,2019-01-25 09:55:03,,,
C51636,1a516c64-e0c1-41ab-9975-71487d6bd5a6,72,1005O00197C0,-22.905593,-43.182786,2019-01-25 09:55:56,,,
C51636,1a516c64-e0c1-41ab-9975-71487d6bd5a6,73,1005O00020S0,-22.90723,-43.18272,2019-01-25 09:56:32,,,
C51636,1a516c64-e0c1-41ab-9975-71487d6bd5a6,74,1005O00232S0,-22.90879,-43.18819,2019-01-25 09:57:55,2019-01-25 11:15:59,78.06666666666666,139.5619249884202
C51636,1a516c64-e0c1-41ab-9975-71487d6bd5a6,75,1005O00234C0,-22.908392,-43.189263,2019-01-25 09:58:16,2019-01-25 11:17:00,78.73333333333333,21.120581806153936
C51538,1a516c64-e0c1-41ab-9975-71487d6bd5a6,0,4124O00046C0,-22.901318,-43.347259,2019-01-25 08:57:45,2019-01-25 08:58:45,1.0,8.01400653069651
C51538,1a516c64-e0c1-41ab-9975-71487d6bd5a6,1,4124O00031C0,-22.90189,-43.34779,2019-01-25 08:57:56,2019-01-25 08:59:45,1.8166666666666667,81.24174907865319
C51538,1a516c64-e0c1-41ab-9975-71487d6bd5a6,2,4124O00058C0,-22.900466,-43.349828,2019-01-25 08:58:36,,,
C51538,1a516c64-e0c1-41ab-9975-71487d6bd5a6,3,4124O00033C0,-22.89911,-43.35167,2019-01-25 08:59:10,,,
C51538,1a516c64-e0c1-41ab-9975-71487d6bd5a6,4,4124O00004C0,-22.898012,-43.352228,2019-01-25 08:59:37,,,
C51538,1a516c64-e0c1-41ab-9975-71487d6bd5a6,5,4124O00006C0,-22.89818,-43.350146,2019-01-25 09:00:21,,,
C51538,1a516c64-e0c1-41ab-9975-71487d6bd5a6,6,4124O00008C0,-22.896967,-43.348397,2019-01-25 09:00:57,,,
C51538,1a516c64-e0c1-41ab-9975-71487d6bd5a6,7,4124O00016C0,-22.8954,-43.34742,2019-01-25 09:01:25,,,
C51538,1a516c64-e0c1-41ab-9975-71487d6bd5a6,8,4124O00017C0,-22.89369,-43.34688,2019-01-25 09:01:53,,,
C51538,1a516c64-e0c1-41ab-9975-71487d6bd5a6,9,4124O00050C0,-22.890381,-43.34553,2019-01-25 09:02:54,,,
C51538,1a516c64-e0c1-41ab-9975-71487d6bd5a6,10,3078O00007C0,-22.88842,-43.34439,2019-01-25 09:03:29,,,
C51538,1a516c64-e0c1-41ab-9975-71487d6bd5a6,11,3078O00008C0,-22.88717,-43.34339,2019-01-25 09:03:53,,,
C51538,1a516c64-e0c1-41ab-9975-71487d6bd5a6,12,3078O00009C0,-22.88579,-43.34209,2019-01-25 09:04:22,2019-01-25 09:08:45,4.383333333333334,179.53360531785117
C51538,1a516c64-e0c1-41ab-9975-71487d6bd5a6,13,3082O00002C0,-22.88283,-43.34025,2019-01-25 09:05:39,2019-01-25 09:09:45,4.1,17.367223015983623
C51538,1a516c64-e0c1-41ab-9975-71487d6bd5a6,14,3082O00018C0,-22.882534,-43.33687,2019-01-25 09:06:28,,,
C51538,1a516c64-e0c1-41ab-9975-71487d6bd5a6,15,3082O00051C0,-22.882382,-43.333901,2019-01-25 09:07:11,,,
C51538,1a516c64-e0c1-41ab-9975-71487d6bd5a6,16,3082O00019C0,-22.882138,-43.331007,2019-01-25 09:07:59,2019-01-25 09:11:45,3.7666666666666666,190.4181713462498
C51538,1a516c64-e0c1-41ab-9975-71487d6bd5a6,17,3082O00004C1,-22.88256,-43.32373,2019-01-25 09:09:40,2019-01-25 09:14:15,4.583333333333333,213.97630962051738
C51538,1a516c64-e0c1-41ab-9975-71487d6bd5a6,18,3082O00005C2,-22.88284,-43.3224,2019-01-25 09:10:00,,,
C51538,1a516c64-e0c1-41ab-9975-71487d6bd5a6,19,3079O00001C2,-22.8835,-43.32058,2019-01-25 09:10:28,,,
C51538,1a516c64-e0c1-41ab-9975-71487d6bd5a6,20,3079O00002C2,-22.88445,-43.31751,2019-01-25 09:11:15,,,
C51538,1a516c64-e0c1-41ab-9975-71487d6bd5a6,21,3079O00041C2,-22.884744,-43.316116,2019-01-25 09:11:36,,,
C51538,1a516c64-e0c1-41ab-9975-71487d6bd5a6,23,3079O00040C2,-22.88498,-43.31429,2019-01-25 09:12:02,2019-01-25 09:19:15,7.216666666666667,127.13699997374498
C51538,1a516c64-e0c1-41ab-9975-71487d6bd5a6,24,3079O00042C2,-22.885103,-43.311568,2019-01-25 09:12:41,,,
C51538,1a516c64-e0c1-41ab-9975-71487d6bd5a6,25,3069O00057C2,-22.88562,-43.30967,2019-01-25 09:13:11,2019-01-25 09:21:15,8.066666666666666,51.351153227988235
C51538,1a516c64-e0c1-41ab-9975-71487d6bd5a6,26,3069O00058C2,-22.88672,-43.306443,2019-01-25 09:14:00,2019-01-25 11:13:15,119.25,24.7879371984974
C51538,1a516c64-e0c1-41ab-9975-71487d6bd5a6,27,3069O00003C2,-22.88646,-43.30281,2019-01-25 09:14:54,,,
C51538,1a516c64-e0c1-41ab-9975-71487d6bd5a6,28,3070O00001C2,-22.88548,-43.30031,2019-01-25 09:15:35,,,
C51538,1a516c64-e0c1-41ab-9975-71487d6bd5a6,29,3071O00033C2,-22.884601,-43.297845,2019-01-25 09:16:14,,,
C51538,1a516c64-e0c1-41ab-9975-71487d6bd5a6,30,3071O00004C2,-22.88341,-43.29648,2019-01-25 09:16:41,,,
C51538,1a516c64-e0c1-41ab-9975-71487d6bd5a6,31,3071O00005C2,-22.88182,-43.29431,2019-01-25 09:17:22,,,
C51538,1a516c64-e0c1-41ab-9975-71487d6bd5a6,32,3071O00006C2,-22.8842,-43.29133,2019-01-25 09:18:26,,,
C51538,1a516c64-e0c1-41ab-9975-71487d6bd5a6,33,3066O00003C2,-22.885668,-43.290084,2019-01-25 09:19:00,,,
C51538,1a516c64-e0c1-41ab-9975-71487d6bd5a6,34,3064O00002C0,-22.88744,-43.2864,2019-01-25 09:19:55,,,
C51538,1a516c64-e0c1-41ab-9975-71487d6bd5a6,35,3065O00001C0,-22.887738,-43.283511,2019-01-25 09:20:31,,,
C51538,1a516c64-e0c1-41ab-9975-71487d6bd5a6,36,3065O00003C0,-22.887155,-43.280679,2019-01-25 09:21:17,,,
C51538,1a516c64-e0c1-41ab-9975-71487d6bd5a6,37,3065O00004C0,-22.88591,-43.27898,2019-01-25 09:21:50,,,
C51538,1a516c64-e0c1-41ab-9975-71487d6bd5a6,38,3065O00005C0,-22.88441,-43.27719,2019-01-25 09:22:25,,,
C51538,1a516c64-e0c1-41ab-9975-71487d6bd5a6,39,3053O00006C0,-22.8822,-43.2754,2019-01-25 09:23:08,,,
C51538,1a516c64-e0c1-41ab-9975-71487d6bd5a6,40,3053O00007C0,-22.881083,-43.272751,2019-01-25 09:23:52,,,
C51538,1a516c64-e0c1-41ab-9975-71487d6bd5a6,41,3053O00008C0,-22.878863,-43.265859,2019-01-25 09:25:38,,,
C51538,1a516c64-e0c1-41ab-9975-71487d6bd5a6,42,3052O00001C0,-22.87833,-43.26397,2019-01-25 09:26:10,,,
C51538,1a516c64-e0c1-41ab-9975-71487d6bd5a6,43,3052O00002C1,-22.878337,-43.261822,2019-01-25 09:26:41,,,
C51538,1a516c64-e0c1-41ab-9975-71487d6bd5a6,44,3052O00003C0,-22.880394,-43.259223,2019-01-25 09:27:36,,,
C51538,1a516c64-e0c1-41ab-9975-71487d6bd5a6,45,3155O00001C0,-22.882581,-43.254845,2019-01-25 09:28:48,,,
C51538,1a516c64-e0c1-41ab-9975-71487d6bd5a6,46,3155O00002C0,-22.88517,-43.25266,2019-01-25 09:29:39,,,
C51538,1a516c64-e0c1-41ab-9975-71487d6bd5a6,47,3155O00003C0,-22.886927,-43.250822,2019-01-25 09:30:17,,,
C51538,1a516c64-e0c1-41ab-9975-71487d6bd5a6,48,1012O00011C0,-22.890046,-43.244457,2019-01-25 09:32:17,,,
C51538,1a516c64-e0c1-41ab-9975-71487d6bd5a6,49,1012O00012C0,-22.890765,-43.242335,2019-01-25 09:32:48,,,
C51538,1a516c64-e0c1-41ab-9975-71487d6bd5a6,50,1012O00013C0,-22.891768,-43.240794,2019-01-25 09:33:12,,,
C51538,1a516c64-e0c1-41ab-9975-71487d6bd5a6,51,1012O00027C0,-22.89495,-43.24279,2019-01-25 09:34:28,,,
C51538,1a516c64-e0c1-41ab-9975-71487d6bd5a6,52,vphs,-22.897995,-43.241305,2019-01-25 09:35:39,,,
C51538,1a516c64-e0c1-41ab-9975-71487d6bd5a6,53,1011O00001C0,-22.90138,-43.241176,2019-01-25 09:36:39,,,
C51538,1a516c64-e0c1-41ab-9975-71487d6bd5a6,54,3057O00006C0,-22.90591,-43.23964,2019-01-25 09:37:52,,,
C51538,1a516c64-e0c1-41ab-9975-71487d6bd5a6,56,1011O00002C0,-22.907884,-43.236917,2019-01-25 09:38:42,,,
C51538,1a516c64-e0c1-41ab-9975-71487d6bd5a6,57,2035O00042C0,-22.908756,-43.234655,2019-01-25 09:39:14,,,
C51538,1a516c64-e0c1-41ab-9975-71487d6bd5a6,58,1010O00038C0,-22.908374,-43.231002,2019-01-25 09:40:11,,,
C51538,1a516c64-e0c1-41ab-9975-71487d6bd5a6,59,1010O00077C0,-22.90931,-43.22631,2019-01-25 09:41:32,,,
C51538,1a516c64-e0c1-41ab-9975-71487d6bd5a6,60,1010O00103C0,-22.909238,-43.222916,2019-01-25 09:42:22,,,
C51538,1a516c64-e0c1-41ab-9975-71487d6bd5a6,61,1010O00040C0,-22.906357,-43.220639,2019-01-25 09:43:19,,,
C51538,1a516c64-e0c1-41ab-9975-71487d6bd5a6,62,1010O00107C0,-22.904907,-43.218901,2019-01-25 09:44:05,,,
C51538,1a516c64-e0c1-41ab-9975-71487d6bd5a6,63,1010O00079C0,-22.90411,-43.21611,2019-01-25 09:44:50,,,
C51538,1a516c64-e0c1-41ab-9975-71487d6bd5a6,64,1010O00080C0,-22.90341,-43.21449,2019-01-25 09:45:16,,,
C51538,1a516c64-e0c1-41ab-9975-71487d6bd5a6,65,1010O00081C0,-22.902025,-43.210979,2019-01-25 09:46:11,,,
C51538,1a516c64-e0c1-41ab-9975-71487d6bd5a6,66,2032O00028C0,-22.908498,-43.209965,2019-01-25 09:47:57,,,
C51538,1a516c64-e0c1-41ab-9975-71487d6bd5a6,67,1008O00022S0,-22.91013,-43.205583,2019-01-25 09:49:31,,,
C51538,1a516c64-e0c1-41ab-9975-71487d6bd5a6,68,1008O00005S0,-22.908619,-43.201048,2019-01-25 09:50:40,,,
C51538,1a516c64-e0c1-41ab-9975-71487d6bd5a6,69,1005O00060C0,-22.90623,-43.193405,2019-01-25 09:52:37,,,
C51538,1a516c64-e0c1-41ab-9975-71487d6bd5a6,70,1005O00359S0,-22.905052,-43.189782,2019-01-25 09:53:32,,,
C51538,1a516c64-e0c1-41ab-9975-71487d6bd5a6,71,1005O00375S2,-22.903332,-43.184461,2019-01-25 09:54:53,,,
C51538,1a516c64-e0c1-41ab-9975-71487d6bd5a6,72,1005O00197C0,-22.905593,-43.182786,2019-01-25 09:55:46,,,
C51538,1a516c64-e0c1-41ab-9975-71487d6bd5a6,73,1005O00020S0,-22.90723,-43.18272,2019-01-25 09:56:22,,,
C51538,1a516c64-e0c1-41ab-9975-71487d6bd5a6,74,1005O00232S0,-22.90879,-43.18819,2019-01-25 09:57:45,,,
C51538,1a516c64-e0c1-41ab-9975-71487d6bd5a6,75,1005O00234C0,-22.908392,-43.189263,2019-01-25 09:58:06,,,
C51557,1a516c64-e0c1-41ab-9975-71487d6bd5a6,0,4124O00046C0,-22.901318,-43.347259,2019-01-25 08:57:28,2019-01-25 10:52:29,115.01666666666667,67.95058153403448
C51557,1a516c64-e0c1-41ab-9975-71487d6bd5a6,1,4124O00031C0,-22.90189,-43.34779,2019-01-25 08:57:39,,,
C51557,1a516c64-e0c1-41ab-9975-71487d6bd5a6,2,4124O00058C0,-22.900466,-43.349828,2019-01-25 08:58:19,,,
C51557,1a516c64-e0c1-41ab-9975-71487d6bd5a6,3,4124O00033C0,-22.89911,-43.35167,2019-01-25 08:58:53,,,
C51557,1a516c64-e0c1-41ab-9975-71487d6bd5a6,4,4124O00004C0,-22.898012,-43.352228,2019-01-25 08:59:20,,,
C51557,1a516c64-e0c1-41ab-9975-71487d6bd5a6,5,4124O00006C0,-22.89818,-43.350146,2019-01-25 09:00:04,,,
C51557,1a516c64-e0c1-41ab-9975-71487d6bd5a6,6,4124O00008C0,-22.896967,-43.348397,2019-01-25 09:00:40,,,
C51557,1a516c64-e0c1-41ab-9975-71487d6bd5a6,7,4124O00016C0,-22.8954,-43.34742,2019-01-25 09:01:08,,,
C51557,1a516c64-e0c1-41ab-9975-71487d6bd5a6,8,4124O00017C0,-22.89369,-43.34688,2019-01-25 09:01:36,,,
C51557,1a516c64-e0c1-41ab-9975-71487d6bd5a6,9,4124O00050C0,-22.890381,-43.34553,2019-01-25 09:02:37,,,
C51557,1a516c64-e0c1-41ab-9975-71487d6bd5a6,10,3078O00007C0,-22.88842,-43.34439,2019-01-25 09:03:12,,,
C51557,1a516c64-e0c1-41ab-9975-71487d6bd5a6,11,3078O00008C0,-22.88717,-43.34339,2019-01-25 09:03:36,,,
C51557,1a516c64-e0c1-41ab-9975-71487d6bd5a6,12,3078O00009C0,-22.88579,-43.34209,2019-01-25 09:04:05,,,
C51557,1a516c64-e0c1-41ab-9975-71487d6bd5a6,13,3082O00002C0,-22.88283,-43.34025,2019-01-25 09:05:22,,,
C51557,1a516c64-e0c1-41ab-9975-71487d6bd5a6,14,3082O00018C0,-22.882534,-43.33687,2019-01-25 09:06:11,,,
C51557,1a516c64-e0c1-41ab-9975-71487d6bd5a6,15,3082O00051C0,-22.882382,-43.333901,2019-01-25 09:06:54,,,
C51557,1a516c64-e0c1-41ab-9975-71487d6bd5a6,16,3082O00019C0,-22.882138,-43.331007,2019-01-25 09:07:42,,,
C51557,1a516c64-e0c1-41ab-9975-71487d6bd5a6,17,3082O00004C1,-22.88256,-43.32373,2019-01-25 09:09:23,,,
C51557,1a516c64-e0c1-41ab-9975-71487d6bd5a6,18,3082O00005C2,-22.88284,-43.3224,2019-01-25 09:09:43,,,
C51557,1a516c64-e0c1-41ab-9975-71487d6bd5a6,19,3079O00001C2,-22.8835,-43.32058,2019-01-25 09:10:11,,,
C51557,1a516c64-e0c1-41ab-9975-71487d6bd5a6,20,3079O00002C2,-22.88445,-43.31751,2019-01-25 09:10:58,,,
C51557,1a516c64-e0c1-41ab-9975-71487d6bd5a6,21,3079O00041C2,-22.884744,-43.316116,2019-01-25 09:11:19,,,
C51557,1a516c64-e0c1-41ab-9975-71487d6bd5a6,23,3079O00040C2,-22.88498,-43.31429,2019-01-25 09:11:45,,,
C51557,1a516c64-e0c1-41ab-9975-71487d6bd5a6,24,3079O00042C2,-22.885103,-43.311568,2019-01-25 09:12:24,,,
C51557,1a516c64-e0c1-41ab-9975-71487d6bd5a6,25,3069O00057C2,-22.88562,-43.30967,2019-01-25 09:12:54,,,
C51557,1a516c64-e0c1-41ab-9975-71487d6bd5a6,26,3069O00058C2,-22.88672,-43.306443,2019-01-25 09:13:43,,,
C51557,1a516c64-e0c1-41ab-9975-71487d6bd5a6,27,3069O00003C2,-22.88646,-43.30281,2019-01-25 09:14:37,,,
C51557,1a516c64-e0c1-41ab-9975-71487d6bd5a6,28,3070O00001C2,-22.88548,-43.30031,2019-01-25 09:15:18,,,
C51557,1a516c64-e0c1-41ab-9975-71487d6bd5a6,29,3071O00033C2,-22.884601,-43.297845,2019-01-25 09:15:57,,,
C51557,1a516c64-e0c1-41ab-9975-71487d6bd5a6,30,3071O00004C2,-22.88341,-43.29648,2019-01-25 09:16:24,,,
C51557,1a516c64-e0c1-41ab-9975-71487d6bd5a6,31,3071O00005C2,-22.88182,-43.29431,2019-01-25 09:17:05,,,
C51557,1a516c64-e0c1-41ab-9975-71487d6bd5a6,32,3071O00006C2,-22.8842,-43.29133,2019-01-25 09:18:09,,,
C51557,1a516c64-e0c1-41ab-9975-71487d6bd5a6,33,3066O00003C2,-22.885668,-43.290084,2019-01-25 09:18:43,,,
C51557,1a516c64-e0c1-41ab-9975-71487d6bd5a6,34,3064O00002C0,-22.88744,-43.2864,2019-01-25 09:19:38,,,
C51557,1a516c64-e0c1-41ab-9975-71487d6bd5a6,35,3065O00001C0,-22.887738,-43.283511,2019-01-25 09:20:14,,,
C51557,1a516c64-e0c1-41ab-9975-71487d6bd5a6,36,3065O00003C0,-22.887155,-43.280679,2019-01-25 09:21:00,,,
C51557,1a516c64-e0c1-41ab-9975-71487d6bd5a6,37,3065O00004C0,-22.88591,-43.27898,2019-01-25 09:21:33,,,
C51557,1a516c64-e0c1-41ab-9975-71487d6bd5a6,38,3065O00005C0,-22.88441,-43.27719,2019-01-25 09:22:08,,,
C51557,1a516c64-e0c1-41ab-9975-71487d6bd5a6,39,3053O00006C0,-22.8822,-43.2754,2019-01-25 09:22:51,,,
C51557,1a516c64-e0c1-41ab-9975-71487d6bd5a6,40,3053O00007C0,-22.881083,-43.272751,2019-01-25 09:23:35,,,
C51557,1a516c64-e0c1-41ab-9975-71487d6bd5a6,41,3053O00008C0,-22.878863,-43.265859,2019-01-25 09:25:21,,,
C51557,1a516c64-e0c1-41ab-9975-71487d6bd5a6,42,3052O00001C0,-22.87833,-43.26397,2019-01-25 09:25:53,,,
C51557,1a516c64-e0c1-41ab-9975-71487d6bd5a6,43,3052O00002C1,-22.878337,-43.261822,2019-01-25 09:26:24,,,
C51557,1a516c64-e0c1-41ab-9975-71487d6bd5a6,44,3052O00003C0,-22.880394,-43.259223,2019-01-25 09:27:19,,,
C51557,1a516c64-e0c1-41ab-9975-71487d6bd5a6,45,3155O00001C0,-22.882581,-43.254845,2019-01-25 09:28:31,,,
C51557,1a516c64-e0c1-41ab-9975-71487d6bd5a6,46,3155O00002C0,-22.88517,-43.25266,2019-01-25 09:29:22,,,
C51557,1a516c64-e0c1-41ab-9975-71487d6bd5a6,47,3155O00003C0,-22.886927,-43.250822,2019-01-25 09:30:00,,,
C51557,1a516c64-e0c1-41ab-9975-71487d6bd5a6,48,1012O00011C0,-22.890046,-43.244457,2019-01-25 09:32:00,,,
C51557,1a516c64-e0c1-41ab-9975-71487d6bd5a6,49,1012O00012C0,-22.890765,-43.242335,2019-01-25 09:32:31,,,
C51557,1a516c64-e0c1-41ab-9975-71487d6bd5a6,50,1012O00013C0,-22.891768,-43.240794,2019-01-25 09:32:55,,,
C51557,1a516c64-e0c1-41ab-9975-71487d6bd5a6,51,1012O00027C0,-22.89495,-43.24279,2019-01-25 09:34:11,,,
C51557,1a516c64-e0c1-41ab-9975-71487d6bd5a6,52,vphs,-22.897995,-43.241305,2019-01-25 09:35:22,,,
C51557,1a516c64-e0c1-41ab-9975-71487d6bd5a6,53,1011O00001C0,-22.90138,-43.241176,2019-01-25 09:36:22,,,
C51557,1a516c64-e0c1-41ab-9975-71487d6bd5a6,54,3057O00006C0,-22.90591,-43.23964,2019-01-25 09:37:35,,,
C51557,1a516c64-e0c1-41ab-9975-71487d6bd5a6,56,1011O00002C0,-22.907884,-43.236917,2019-01-25 09:38:25,,,
C51557,1a516c64-e0c1-41ab-9975-71487d6bd5a6,57,2035O00042C0,-22.908756,-43.234655,2019-01-25 09:38:57,,,
C51557,1a516c64-e0c1-41ab-9975-71487d6bd5a6,58,1010O00038C0,-22.908374,-43.231002,2019-01-25 09:39:54,,,
C51557,1a516c64-e0c1-41ab-9975-71487d6bd5a6,59,1010O00077C0,-22.90931,-43.22631,2019-01-25 09:41:15,,,
C51557,1a516c64-e0c1-41ab-9975-71487d6bd5a6,60,1010O00103C0,-22.909238,-43.222916,2019-01-25 09:42:05,,,
C51557,1a516c64-e0c1-41ab-9975-71487d6bd5a6,61,1010O00040C0,-22.906357,-43.220639,2019-01-25 09:43:02,,,
C51557,1a516c64-e0c1-41ab-9975-71487d6bd5a6,62,1010O00107C0,-22.904907,-43.218901,2019-01-25 09:43:48,,,
C51557,1a516c64-e0c1-41ab-9975-71487d6bd5a6,63,1010O00079C0,-22.90411,-43.21611,2019-01-25 09:44:33,,,
C51557,1a516c64-e0c1-41ab-9975-71487d6bd5a6,64,1010O00080C0,-22.90341,-43.21449,2019-01-25 09:44:59,,,
C51557,1a516c64-e0c1-41ab-9975-71487d6bd5a6,65,1010O00081C0,-22.902025,-43.210979,2019-01-25 09:45:54,,,
C51557,1a516c64-e0c1-41ab-9975-71487d6bd5a6,66,2032O00028C0,-22.908498,-43.209965,2019-01-25 09:47:40,,,
C51557,1a516c64-e0c1-41ab-9975-71487d6bd5a6,67,1008O00022S0,-22.91013,-43.205583,2019-01-25 09:49:14,,,
C51557,1a516c64-e0c1-41ab-9975-71487d6bd5a6,68,1008O00005S0,-22.908619,-43.201048,2019-01-25 09:50:23,,,
C51557,1a516c64-e0c1-41ab-9975-71487d6bd5a6,69,1005O00060C0,-22.90623,-43.193405,2019-01-25 09:52:20,,,
C51557,1a516c64-e0c1-41ab-9975-71487d6bd5a6,70,1005O00359S0,-22.905052,-43.189782,2019-01-25 09:53:15,,,
C51557,1a516c64-e0c1-41ab-9975-71487d6bd5a6,71,1005O00375S2,-22.903332,-43.184461,2019-01-25 09:54:36,,,
C51557,1a516c64-e0c1-41ab-9975-71487d6bd5a6,72,1005O00197C0,-22.905593,-43.182786,2019-01-25 09:55:29,,,
C51557,1a516c64-e0c1-41ab-9975-71487d6bd5a6,73,1005O00020S0,-22.90723,-43.18272,2019-01-25 09:56:05,,,
C51557,1a516c64-e0c1-41ab-9975-71487d6bd5a6,74,1005O00232S0,-22.90879,-43.18819,2019-01-25 09:57:28,,,
C51557,1a516c64-e0c1-41ab-9975-71487d6bd5a6,75,1005O00234C0,-22.908392,-43.189263,2019-01-25 09:57:49,,,
C51580,1a516c64-e0c1-41ab-9975-71487d6bd5a6,0,4124O00046C0,-22.901318,-43.347259,2019-01-25 09:00:40,2019-01-25 10:24:47,84.11666666666666,92.6975014694235
C51580,1a516c64-e0c1-41ab-9975-71487d6bd5a6,1,4124O00031C0,-22.90189,-43.34779,2019-01-25 09:00:51,2019-01-25 10:25:47,84.93333333333334,176.25356229939743
C51580,1a516c64-e0c1-41ab-9975-71487d6bd5a6,2,4124O00058C0,-22.900466,-43.349828,2019-01-25 09:01:31,2019-01-25 10:46:47,105.26666666666667,34.82688826111822
C51580,1a516c64-e0c1-41ab-9975-71487d6bd5a6,3,4124O00033C0,-22.89911,-43.35167,2019-01-25 09:02:05,,,
C51580,1a516c64-e0c1-41ab-9975-71487d6bd5a6,4,4124O00004C0,-22.898012,-43.352228,2019-01-25 09:02:32,,,
C51580,1a516c64-e0c1-41ab-9975-71487d6bd5a6,5,4124O00006C0,-22.89818,-43.350146,2019-01-25 09:03:16,,,
C51580,1a516c64-e0c1-41ab-9975-71487d6bd5a6,6,4124O00008C0,-22.896967,-43.348397,2019-01-25 09:03:52,,,
C51580,1a516c64-e0c1-41ab-9975-71487d6bd5a6,7,4124O00016C0,-22.8954,-43.34742,2019-01-25 09:04:20,,,
C51580,1a516c64-e0c1-41ab-9975-71487d6bd5a6,8,4124O00017C0,-22.89369,-43.34688,2019-01-25 09:04:48,,,
C51580,1a516c64-e0c1-41ab-9975-71487d6bd5a6,9,4124O00050C0,-22.890381,-43.34553,2019-01-25 09:05:49,,,
C51580,1a516c64-e0c1-41ab-9975-71487d6bd5a6,10,3078O00007C0,-22.88842,-43.34439,2019-01-25 09:06:24,,,
C51580,1a516c64-e0c1-41ab-9975-71487d6bd5a6,11,3078O00008C0,-22.88717,-43.34339,2019-01-25 09:06:48,,,
C51580,1a516c64-e0c1-41ab-9975-71487d6bd5a6,12,3078O00009C0,-22.88579,-43.34209,2019-01-25 09:07:17,,,
C51580,1a516c64-e0c1-41ab-9975-71487d6bd5a6,13,3082O00002C0,-22.88283,-43.34025,2019-01-25 09:08:34,2019-01-25 10:53:47,105.21666666666667,178.48299320194818
C51580,1a516c64-e0c1-41ab-9975-71487d6bd5a6,14,3082O00018C0,-22.882534,-43.33687,2019-01-25 09:09:23,2019-01-25 10:54:47,105.4,15.67465707674351
C51580,1a516c64-e0c1-41ab-9975-71487d6bd5a6,15,3082O00051C0,-22.882382,-43.333901,2019-01-25 09:10:06,2019-01-25 10:55:47,105.68333333333334,81.98546091876948
C51580,1a516c64-e0c1-41ab-9975-71487d6bd5a6,16,3082O00019C0,-22.882138,-43.331007,2019-01-25 09:10:54,2019-01-25 10:56:47,105.88333333333334,50.26638375969974
C51580,1a516c64-e0c1-41ab-9975-71487d6bd5a6,17,3082O00004C1,-22.88256,-43.32373,2019-01-25 09:12:35,2019-01-25 10:58:47,106.2,58.98222621508813
C51580,1a516c64-e0c1-41ab-9975-71487d6bd5a6,18,3082O00005C2,-22.88284,-43.3224,2019-01-25 09:12:55,2019-01-25 11:00:18,107.38333333333334,240.50744153294423
C51580,1a516c64-e0c1-41ab-9975-71487d6bd5a6,19,3079O00001C2,-22.8835,-43.32058,2019-01-25 09:13:23,,,
C51580,1a516c64-e0c1-41ab-9975-71487d6bd5a6,20,3079O00002C2,-22.88445,-43.31751,2019-01-25 09:14:10,2019-01-25 11:00:48,106.63333333333334,73.70036302075533
C51580,1a516c64-e0c1-41ab-9975-71487d6bd5a6,21,3079O00041C2,-22.884744,-43.316116,2019-01-25 09:14:31,2019-01-25 11:01:48,107.28333333333333,216.7290304759318
C51580,1a516c64-e0c1-41ab-9975-71487d6bd5a6,23,3079O00040C2,-22.88498,-43.31429,2019-01-25 09:14:57,,,
C51580,1a516c64-e0c1-41ab-9975-71487d6bd5a6,24,3079O00042C2,-22.885103,-43.311568,2019-01-25 09:15:36,,,
C51580,1a516c64-e0c1-41ab-9975-71487d6bd5a6,25,3069O00057C2,-22.88562,-43.30967,2019-01-25 09:16:06,,,
C51580,1a516c64-e0c1-41ab-9975-71487d6bd5a6,26,3069O00058C2,-22.88672,-43.306443,2019-01-25 09:16:55,2019-01-25 11:04:18,107.38333333333334,118.36356842787328
C51580,1a516c64-e0c1-41ab-9975-71487d6bd5a6,27,3069O00003C2,-22.88646,-43.30281,2019-01-25 09:17:49,2019-01-25 11:04:48,106.98333333333333,13.363719145334066
C51580,1a516c64-e0c1-41ab-9975-71487d6bd5a6,28,3070O00001C2,-22.88548,-43.30031,2019-01-25 09:18:30,2019-01-25 11:05:48,107.3,25.736746449541098
C51580,1a516c64-e0c1-41ab-9975-71487d6bd5a6,29,3071O00033C2,-22.884601,-43.297845,2019-01-25 09:19:09,2019-01-25 11:06:48,107.65,133.71026154976082
C51580,1a516c64-e0c1-41ab-9975-71487d6bd5a6,30,3071O00004C2,-22.88341,-43.29648,2019-01-25 09:19:36,2019-01-25 11:07:48,108.2,79.12011872167008
C51580,1a516c64-e0c1-41ab-9975-71487d6bd5a6,31,3071O00005C2,-22.88182,-43.29431,2019-01-25 09:20:17,2019-01-25 11:09:18,109.01666666666667,161.01328272008482
C51580,1a516c64-e0c1-41ab-9975-71487d6bd5a6,32,3071O00006C2,-22.8842,-43.29133,2019-01-25 09:21:21,2019-01-25 11:09:48,108.45,8.997998482521446
C51580,1a516c64-e0c1-41ab-9975-71487d6bd5a6,33,3066O00003C2,-22.885668,-43.290084,2019-01-25 09:21:55,,,
C51580,1a516c64-e0c1-41ab-9975-71487d6bd5a6,34,3064O00002C0,-22.88744,-43.2864,2019-01-25 09:22:50,2019-01-25 11:10:48,107.96666666666667,172.6136760490816
C51580,1a516c64-e0c1-41ab-9975-71487d6bd5a6,35,3065O00001C0,-22.887738,-43.283511,2019-01-25 09:23:26,2019-01-25 11:11:48,108.36666666666666,13.490585264035444
C51580,1a516c64-e0c1-41ab-9975-71487d6bd5a6,36,3065O00003C0,-22.887155,-43.280679,2019-01-25 09:24:12,,,
C51580,1a516c64-e0c1-41ab-9975-71487d6bd5a6,37,3065O00004C0,-22.88591,-43.27898,2019-01-25 09:24:45,2019-01-25 11:13:18,108.55,40.44495783641129
C51580,1a516c64-e0c1-41ab-9975-71487d6bd5a6,38,3065O00005C0,-22.88441,-43.27719,2019-01-25 09:25:20,2019-01-25 11:14:18,108.96666666666667,111.41140698304456
C51580,1a516c64-e0c1-41ab-9975-71487d6bd5a6,39,3053O00006C0,-22.8822,-43.2754,2019-01-25 09:26:03,2019-01-25 11:14:48,108.75,15.8253952047256
C51580,1a516c64-e0c1-41ab-9975-71487d6bd5a6,40,3053O00007C0,-22.881083,-43.272751,2019-01-25 09:26:47,,,
C51580,1a516c64-e0c1-41ab-9975-71487d6bd5a6,41,3053O00008C0,-22.878863,-43.265859,2019-01-25 09:28:33,,,
C51580,1a516c64-e0c1-41ab-9975-71487d6bd5a6,42,3052O00001C0,-22.87833,-43.26397,2019-01-25 09:29:05,2019-01-25 11:17:48,108.71666666666667,232.5813461317841
C51580,1a516c64-e0c1-41ab-9975-71487d6bd5a6,43,3052O00002C1,-22.878337,-43.261822,2019-01-25 09:29:36,,,
C51580,1a516c64-e0c1-41ab-9975-71487d6bd5a6,44,3052O00003C0,-22.880394,-43.259223,2019-01-25 09:30:31,,,
C51580,1a516c64-e0c1-41ab-9975-71487d6bd5a6,45,3155O00001C0,-22.882581,-43.254845,2019-01-25 09:31:43,2019-01-25 11:20:18,108.58333333333333,42.579715521162015
C51580,1a516c64-e0c1-41ab-9975-71487d6bd5a6,46,3155O00002C0,-22.88517,-43.25266,2019-01-25 09:32:34,2019-01-25 11:21:48,109.23333333333333,110.36665997465147
C51580,1a516c64-e0c1-41ab-9975-71487d6bd5a6,47,3155O00003C0,-22.886927,-43.250822,2019-01-25 09:33:12,,,
C51580,1a516c64-e0c1-41ab-9975-71487d6bd5a6,48,1012O00011C0,-22.890046,-43.244457,2019-01-25 09:35:12,2019-01-25 11:23:18,108.1,22.780081484272753
C51580,1a516c64-e0c1-41ab-9975-71487d6bd5a6,49,1012O00012C0,-22.890765,-43.242335,2019-01-25 09:35:43,2019-01-25 11:24:18,108.58333333333333,223.47149791986138
C51580,1a516c64-e0c1-41ab-9975-71487d6bd5a6,50,1012O00013C0,-22.891768,-43.240794,2019-01-25 09:36:07,,,
C51580,1a516c64-e0c1-41ab-9975-71487d6bd5a6,51,1012O00027C0,-22.89495,-43.24279,2019-01-25 09:37:23,,,
C51580,1a516c64-e0c1-41ab-9975-71487d6bd5a6,52,vphs,-22.897995,-43.241305,2019-01-25 09:38:34,,,
C51580,1a516c64-e0c1-41ab-9975-71487d6bd5a6,53,1011O00001C0,-22.90138,-43.241176,2019-01-25 09:39:34,2019-01-25 11:27:48,108.23333333333333,83.60031947163812
C51580,1a516c64-e0c1-41ab-9975-71487d6bd5a6,54,3057O00006C0,-22.90591,-43.23964,2019-01-25 09:40:47,,,
C51580,1a516c64-e0c1-41ab-9975-71487d6bd5a6,56,1011O00002C0,-22.907884,-43.236917,2019-01-25 09:41:37,,,
C51580,1a516c64-e0c1-41ab-9975-71487d6bd5a6,57,2035O00042C0,-22.908756,-43.234655,2019-01-25 09:42:09,,,
C51580,1a516c64-e0c1-41ab-9975-71487d6bd5a6,58,1010O00038C0,-22.908374,-43.231002,2019-01-25 09:43:06,,,
C51580,1a516c64-e0c1-41ab-9975-71487d6bd5a6,59,1010O00077C0,-22.90931,-43.22631,2019-01-25 09:44:27,,,
C51580,1a516c64-e0c1-41ab-9975-71487d6bd5a6,60,1010O00103C0,-22.909238,-43.222916,2019-01-25 09:45:17,2019-01-25 11:30:48,105.51666666666667,114.52055688499141
C51580,1a516c64-e0c1-41ab-9975-71487d6bd5a6,61,1010O00040C0,-22.906357,-43.220639,2019-01-25 09:46:14,2019-01-25 11:31:48,105.56666666666666,229.835999968015
C51580,1a516c64-e0c1-41ab-9975-71487d6bd5a6,62,1010O00107C0,-22.904907,-43.218901,2019-01-25 09:47:00,,,
C51580,1a516c64-e0c1-41ab-9975-71487d6bd5a6,63,1010O00079C0,-22.90411,-43.21611,2019-01-25 09:47:45,2019-01-25 11:32:48,105.05,27.908886543629585
C51580,1a516c64-e0c1-41ab-9975-71487d6bd5a6,64,1010O00080C0,-22.90341,-43.21449,2019-01-25 09:48:11,2019-01-25 11:33:47,105.6,24.405144408030402
C51580,1a516c64-e0c1-41ab-9975-71487d6bd5a6,65,1010O00081C0,-22.902025,-43.210979,2019-01-25 09:49:06,2019-01-25 11:34:47,105.68333333333334,86.24327770412874
C51580,1a516c64-e0c1-41ab-9975-71487d6bd5a6,66,2032O00028C0,-22.908498,-43.209965,2019-01-25 09:50:52,2019-01-25 11:35:47,104.91666666666667,30.670959576455967
C51580,1a516c64-e0c1-41ab-9975-71487d6bd5a6,67,1008O00022S0,-22.91013,-43.205583,2019-01-25 09:52:26,,,
C51580,1a516c64-e0c1-41ab-9975-71487d6bd5a6,68,1008O00005S0,-22.908619,-43.201048,2019-01-25 09:53:35,2019-01-25 11:36:47,103.2,220.7135075042115
C51580,1a516c64-e0c1-41ab-9975-71487d6bd5a6,69,1005O00060C0,-22.90623,-43.193405,2019-01-25 09:55:32,2019-01-25 11:39:47,104.25,73.34018922154522
C51580,1a516c64-e0c1-41ab-9975-71487d6bd5a6,70,1005O00359S0,-22.905052,-43.189782,2019-01-25 09:56:27,,,
C51580,1a516c64-e0c1-41ab-9975-71487d6bd5a6,71,1005O00375S2,-22.903332,-43.184461,2019-01-25 09:57:48,,,
C51580,1a516c64-e0c1-41ab-9975-71487d6bd5a6,72,1005O00197C0,-22.905593,-43.182786,2019-01-25 09:58:41,,,
C51580,1a516c64-e0c1-41ab-9975-71487d6bd5a6,73,1005O00020S0,-22.90723,-43.18272,2019-01-25 09:59:17,,,
C51580,1a516c64-e0c1-41ab-9975-71487d6bd5a6,74,1005O00232S0,-22.90879,-43.18819,2019-01-25 10:00:40,2019-01-25 11:57:48,117.13333333333334,129.46669624522013
C51580,1a516c64-e0c1-41ab-9975-71487d6bd5a6,75,1005O00234C0,-22.908392,-43.189263,2019-01-25 10:01:01,2019-01-25 11:58:48,117.78333333333333,19.930649481455788
C51599,1a516c64-e0c1-41ab-9975-71487d6bd5a6,0,4124O00046C0,-22.901318,-43.347259,2019-01-25 13:16:00,2019-01-25 13:21:00,5.0,15.169040060038677
C51599,1a516c64-e0c1-41ab-9975-71487d6bd5a6,1,4124O00031C0,-22.90189,-43.34779,2019-01-25 13:16:11,2019-01-25 13:25:00,8.816666666666666,85.26239416991513
C51599,1a516c64-e0c1-41ab-9975-71487d6bd5a6,2,4124O00058C0,-22.900466,-43.349828,2019-01-25 13:16:51,2019-01-25 13:31:00,14.15,26.248653634775174
C51599,1a516c64-e0c1-41ab-9975-71487d6bd5a6,3,4124O00033C0,-22.89911,-43.35167,2019-01-25 13:17:25,2019-01-25 13:31:30,14.083333333333334,82.20539903726433
C51599,1a516c64-e0c1-41ab-9975-71487d6bd5a6,4,4124O00004C0,-22.898012,-43.352228,2019-01-25 13:17:52,,,
C51599,1a516c64-e0c1-41ab-9975-71487d6bd5a6,5,4124O00006C0,-22.89818,-43.350146,2019-01-25 13:18:36,,,
C51599,1a516c64-e0c1-41ab-9975-71487d6bd5a6,6,4124O00008C0,-22.896967,-43.348397,2019-01-25 13:19:12,,,
C51599,1a516c64-e0c1-41ab-9975-71487d6bd5a6,7,4124O00016C0,-22.8954,-43.34742,2019-01-25 13:19:40,,,
C51599,1a516c64-e0c1-41ab-9975-71487d6bd5a6,8,4124O00017C0,-22.89369,-43.34688,2019-01-25 13:20:08,,,
C51599,1a516c64-e0c1-41ab-9975-71487d6bd5a6,9,4124O00050C0,-22.890381,-43.34553,2019-01-25 13:21:09,,,
C51599,1a516c64-e0c1-41ab-9975-71487d6bd5a6,10,3078O00007C0,-22.88842,-43.34439,2019-01-25 13:21:44,,,
C51599,1a516c64-e0c1-41ab-9975-71487d6bd5a6,11,3078O00008C0,-22.88717,-43.34339,2019-01-25 13:22:08,,,
C51599,1a516c64-e0c1-41ab-9975-71487d6bd5a6,12,3078O00009C0,-22.88579,-43.34209,2019-01-25 13:22:37,,,
C51599,1a516c64-e0c1-41ab-9975-71487d6bd5a6,13,3082O00002C0,-22.88283,-43.34025,2019-01-25 13:23:54,,,
C51599,1a516c64-e0c1-41ab-9975-71487d6bd5a6,14,3082O00018C0,-22.882534,-43.33687,2019-01-25 13:24:43,,,
C51599,1a516c64-e0c1-41ab-9975-71487d6bd5a6,15,3082O00051C0,-22.882382,-43.333901,2019-01-25 13:25:26,,,
C51599,1a516c64-e0c1-41ab-9975-71487d6bd5a6,16,3082O00019C0,-22.882138,-43.331007,2019-01-25 13:26:14,,,
C51599,1a516c64-e0c1-41ab-9975-71487d6bd5a6,17,3082O00004C1,-22.88256,-43.32373,2019-01-25 13:27:55,2019-01-25 13:43:00,15.083333333333334,181.94180681295532
C51599,1a516c64-e0c1-41ab-9975-71487d6bd5a6,18,3082O00005C2,-22.88284,-43.3224,2019-01-25 13:28:15,,,
C51599,1a516c64-e0c1-41ab-9975-71487d6bd5a6,19,3079O00001C2,-22.8835,-43.32058,2019-01-25 13:28:43,2019-01-25 13:44:00,15.283333333333333,238.27104427466253
C51599,1a516c64-e0c1-41ab-9975-71487d6bd5a6,20,3079O00002C2,-22.88445,-43.31751,2019-01-25 13:29:30,,,
C51599,1a516c64-e0c1-41ab-9975-71487d6bd5a6,21,3079O00041C2,-22.884744,-43.316116,2019-01-25 13:29:51,2019-01-25 13:45:00,15.15,113.53185364405397
C51599,1a516c64-e0c1-41ab-9975-71487d6bd5a6,23,3079O00040C2,-22.88498,-43.31429,2019-01-25 13:30:17,2019-01-25 13:47:00,16.716666666666665,81.03963585774522
C51599,1a516c64-e0c1-41ab-9975-71487d6bd5a6,24,3079O00042C2,-22.885103,-43.311568,2019-01-25 13:30:56,2019-01-25 13:48:00,17.066666666666666,80.82378367073672
C51599,1a516c64-e0c1-41ab-9975-71487d6bd5a6,25,3069O00057C2,-22.88562,-43.30967,2019-01-25 13:31:26,2019-01-25 13:49:00,17.566666666666666,11.281666102968135
C51599,1a516c64-e0c1-41ab-9975-71487d6bd5a6,26,3069O00058C2,-22.88672,-43.306443,2019-01-25 13:32:15,2019-01-25 13:50:00,17.75,207.38691598412652
C51599,1a516c64-e0c1-41ab-9975-71487d6bd5a6,27,3069O00003C2,-22.88646,-43.30281,2019-01-25 13:33:09,2019-01-25 13:51:00,17.85,249.8428491678867
C51599,1a516c64-e0c1-41ab-9975-71487d6bd5a6,28,3070O00001C2,-22.88548,-43.30031,2019-01-25 13:33:50,2019-01-25 13:51:30,17.666666666666668,30.41626537801655
C51599,1a516c64-e0c1-41ab-9975-71487d6bd5a6,29,3071O00033C2,-22.884601,-43.297845,2019-01-25 13:34:29,2019-01-25 13:52:30,18.016666666666666,77.30135469269118
C51599,1a516c64-e0c1-41ab-9975-71487d6bd5a6,30,3071O00004C2,-22.88341,-43.29648,2019-01-25 13:34:56,,,
C51599,1a516c64-e0c1-41ab-9975-71487d6bd5a6,31,3071O00005C2,-22.88182,-43.29431,2019-01-25 13:35:37,2019-01-25 13:54:00,18.383333333333333,28.793650212591686
C51599,1a516c64-e0c1-41ab-9975-71487d6bd5a6,32,3071O00006C2,-22.8842,-43.29133,2019-01-25 13:36:41,2019-01-25 13:54:30,17.816666666666666,244.79078410806065
C51599,1a516c64-e0c1-41ab-9975-71487d6bd5a6,33,3066O00003C2,-22.885668,-43.290084,2019-01-25 13:37:15,,,
C51599,1a516c64-e0c1-41ab-9975-71487d6bd5a6,34,3064O00002C0,-22.88744,-43.2864,2019-01-25 13:38:10,2019-01-25 13:58:00,19.833333333333332,134.78626427458474
C51599,1a516c64-e0c1-41ab-9975-71487d6bd5a6,35,3065O00001C0,-22.887738,-43.283511,2019-01-25 13:38:46,2019-01-25 13:59:00,20.233333333333334,216.1896343215708
C51599,1a516c64-e0c1-41ab-9975-71487d6bd5a6,36,3065O00003C0,-22.887155,-43.280679,2019-01-25 13:39:32,2019-01-25 15:39:07,119.58333333333333,176.26723209339966
C51599,1a516c64-e0c1-41ab-9975-71487d6bd5a6,37,3065O00004C0,-22.88591,-43.27898,2019-01-25 13:40:05,,,
C51599,1a516c64-e0c1-41ab-9975-71487d6bd5a6,38,3065O00005C0,-22.88441,-43.27719,2019-01-25 13:40:40,,,
C51599,1a516c64-e0c1-41ab-9975-71487d6bd5a6,39,3053O00006C0,-22.8822,-43.2754,2019-01-25 13:41:23,,,
C51599,1a516c64-e0c1-41ab-9975-71487d6bd5a6,40,3053O00007C0,-22.881083,-43.272751,2019-01-25 13:42:07,,,
C51599,1a516c64-e0c1-41ab-9975-71487d6bd5a6,41,3053O00008C0,-22.878863,-43.265859,2019-01-25 13:43:53,,,
C51599,1a516c64-e0c1-41ab-9975-71487d6bd5a6,42,3052O00001C0,-22.87833,-43.26397,2019-01-25 13:44:25,,,
C51599,1a516c64-e0c1-41ab-9975-71487d6bd5a6,43,3052O00002C1,-22.878337,-43.261822,2019-01-25 13:44:56,,,
C51599,1a516c64-e0c1-41ab-9975-71487d6bd5a6,44,3052O00003C0,-22.880394,-43.259223,2019-01-25 13:45:51,,,
C51599,1a516c64-e0c1-41ab-9975-71487d6bd5a6,45,3155O00001C0,-22.882581,-43.254845,2019-01-25 13:47:03,,,
C51599,1a516c64-e0c1-41ab-9975-71487d6bd5a6,46,3155O00002C0,-22.88517,-43.25266,2019-01-25 13:47:54,,,
C51599,1a516c64-e0c1-41ab-9975-71487d6bd5a6,47,3155O00003C0,-22.886927,-43.250822,2019-01-25 13:48:32,,,
C51599,1a516c64-e0c1-41ab-9975-71487d6bd5a6,48,1012O00011C0,-22.890046,-43.244457,2019-01-25 13:50:32,,,
C51599,1a516c64-e0c1-41ab-9975-71487d6bd5a6,49,1012O00012C0,-22.890765,-43.242335,2019-01-25 13:51:03,,,
C51599,1a516c64-e0c1-41ab-9975-71487d6bd5a6,50,1012O00013C0,-22.891768,-43.240794,2019-01-25 13:51:27,,,
C51599,1a516c64-e0c1-41ab-9975-71487d6bd5a6,51,1012O00027C0,-22.89495,-43.24279,2019-01-25 13:52:43,,,
C51599,1a516c64-e0c1-41ab-9975-71487d6bd5a6,52,vphs,-22.897995,-43.241305,2019-01-25 13:53:54,,,
C51599,1a516c64-e0c1-41ab-9975-71487d6bd5a6,53,1011O00001C0,-22.90138,-43.241176,2019-01-25 13:54:54,,,
C51599,1a516c64-e0c1-41ab-9975-71487d6bd5a6,54,3057O00006C0,-22.90591,-43.23964,2019-01-25 13:56:07,,,
C51599,1a516c64-e0c1-41ab-9975-71487d6bd5a6,56,1011O00002C0,-22.907884,-43.236917,2019-01-25 13:56:57,,,
C51599,1a516c64-e0c1-41ab-9975-71487d6bd5a6,57,2035O00042C0,-22.908756,-43.234655,2019-01-25 13:57:29,,,
C51599,1a516c64-e0c1-41ab-9975-71487d6bd5a6,58,1010O00038C0,-22.908374,-43.231002,2019-01-25 13:58:26,,,
C51599,1a516c64-e0c1-41ab-9975-71487d6bd5a6,59,1010O00077C0,-22.90931,-43.22631,2019-01-25 13:59:47,,,
C51599,1a516c64-e0c1-41ab-9975-71487d6bd5a6,60,1010O00103C0,-22.909238,-43.222916,2019-01-25 14:00:37,,,
C51599,1a516c64-e0c1-41ab-9975-71487d6bd5a6,61,1010O00040C0,-22.906357,-43.220639,2019-01-25 14:01:34,,,
C51599,1a516c64-e0c1-41ab-9975-71487d6bd5a6,62,1010O00107C0,-22.904907,-43.218901,2019-01-25 14:02:20,,,
C51599,1a516c64-e0c1-41ab-9975-71487d6bd5a6,63,1010O00079C0,-22.90411,-43.21611,2019-01-25 14:03:05,,,
C51599,1a516c64-e0c1-41ab-9975-71487d6bd5a6,64,1010O00080C0,-22.90341,-43.21449,2019-01-25 14:03:31,,,
C51599,1a516c64-e0c1-41ab-9975-71487d6bd5a6,65,1010O00081C0,-22.902025,-43.210979,2019-01-25 14:04:26,,,
C51599,1a516c64-e0c1-41ab-9975-71487d6bd5a6,66,2032O00028C0,-22.908498,-43.209965,2019-01-25 14:06:12,,,
C51599,1a516c64-e0c1-41ab-9975-71487d6bd5a6,67,1008O00022S0,-22.91013,-43.205583,2019-01-25 14:07:46,,,
C51599,1a516c64-e0c1-41ab-9975-71487d6bd5a6,68,1008O00005S0,-22.908619,-43.201048,2019-01-25 14:08:55,,,
C51599,1a516c64-e0c1-41ab-9975-71487d6bd5a6,69,1005O00060C0,-22.90623,-43.193405,2019-01-25 14:10:52,,,
C51599,1a516c64-e0c1-41ab-9975-71487d6bd5a6,70,1005O00359S0,-22.905052,-43.189782,2019-01-25 14:11:47,,,
C51599,1a516c64-e0c1-41ab-9975-71487d6bd5a6,71,1005O00375S2,-22.903332,-43.184461,2019-01-25 14:13:08,,,
C51599,1a516c64-e0c1-41ab-9975-71487d6bd5a6,72,1005O00197C0,-22.905593,-43.182786,2019-01-25 14:14:01,,,
C51599,1a516c64-e0c1-41ab-9975-71487d6bd5a6,73,1005O00020S0,-22.90723,-43.18272,2019-01-25 14:14:37,,,
C51599,1a516c64-e0c1-41ab-9975-71487d6bd5a6,74,1005O00232S0,-22.90879,-43.18819,2019-01-25 14:16:00,,,
C51599,1a516c64-e0c1-41ab-9975-71487d6bd5a6,75,1005O00234C0,-22.908392,-43.189263,2019-01-25 14:16:21,,,
C51641,1a516c64-e0c1-41ab-9975-71487d6bd5a6,0,4124O00046C0,-22.901318,-43.347259,2019-01-25 08:56:37,,,
C51641,1a516c64-e0c1-41ab-9975-71487d6bd5a6,1,4124O00031C0,-22.90189,-43.34779,2019-01-25 08:56:48,,,
C51641,1a516c64-e0c1-41ab-9975-71487d6bd5a6,2,4124O00058C0,-22.900466,-43.349828,2019-01-25 08:57:28,,,
C51641,1a516c64-e0c1-41ab-9975-71487d6bd5a6,3,4124O00033C0,-22.89911,-43.35167,2019-01-25 08:58:02,,,
C51641,1a516c64-e0c1-41ab-9975-71487d6bd5a6,4,4124O00004C0,-22.898012,-43.352228,2019-01-25 08:58:29,,,
C51641,1a516c64-e0c1-41ab-9975-71487d6bd5a6,5,4124O00006C0,-22.89818,-43.350146,2019-01-25 08:59:13,,,
C51641,1a516c64-e0c1-41ab-9975-71487d6bd5a6,6,4124O00008C0,-22.896967,-43.348397,2019-01-25 08:59:49,,,
C51641,1a516c64-e0c1-41ab-9975-71487d6bd5a6,7,4124O00016C0,-22.8954,-43.34742,2019-01-25 09:00:17,,,
C51641,1a516c64-e0c1-41ab-9975-71487d6bd5a6,8,4124O00017C0,-22.89369,-43.34688,2019-01-25 09:00:45,,,
C51641,1a516c64-e0c1-41ab-9975-71487d6bd5a6,9,4124O00050C0,-22.890381,-43.34553,2019-01-25 09:01:46,,,
C51641,1a516c64-e0c1-41ab-9975-71487d6bd5a6,10,3078O00007C0,-22.88842,-43.34439,2019-01-25 09:02:21,,,
C51641,1a516c64-e0c1-41ab-9975-71487d6bd5a6,11,3078O00008C0,-22.88717,-43.34339,2019-01-25 09:02:45,,,
C51641,1a516c64-e0c1-41ab-9975-71487d6bd5a6,12,3078O00009C0,-22.88579,-43.34209,2019-01-25 09:03:14,,,
C51641,1a516c64-e0c1-41ab-9975-71487d6bd5a6,13,3082O00002C0,-22.88283,-43.34025,2019-01-25 09:04:31,,,
C51641,1a516c64-e0c1-41ab-9975-71487d6bd5a6,14,3082O00018C0,-22.882534,-43.33687,2019-01-25 09:05:20,,,
C51641,1a516c64-e0c1-41ab-9975-71487d6bd5a6,15,3082O00051C0,-22.882382,-43.333901,2019-01-25 09:06:03,,,
C51641,1a516c64-e0c1-41ab-9975-71487d6bd5a6,16,3082O00019C0,-22.882138,-43.331007,2019-01-25 09:06:51,,,
C51641,1a516c64-e0c1-41ab-9975-71487d6bd5a6,17,3082O00004C1,-22.88256,-43.32373,2019-01-25 09:08:32,,,
C51641,1a516c64-e0c1-41ab-9975-71487d6bd5a6,18,3082O00005C2,-22.88284,-43.3224,2019-01-25 09:08:52,,,
C51641,1a516c64-e0c1-41ab-9975-71487d6bd5a6,19,3079O00001C2,-22.8835,-43.32058,2019-01-25 09:09:20,2019-01-25 09:05:07,-4.216666666666667,167.06357554857348
C51641,1a516c64-e0c1-41ab-9975-71487d6bd5a6,20,3079O00002C2,-22.88445,-43.31751,2019-01-25 09:10:07,2019-01-25 09:05:37,-4.5,21.72955126351306
C51641,1a516c64-e0c1-41ab-9975-71487d6bd5a6,21,3079O00041C2,-22.884744,-43.316116,2019-01-25 09:10:28,,,
C51641,1a516c64-e0c1-41ab-9975-71487d6bd5a6,23,3079O00040C2,-22.88498,-43.31429,2019-01-25 09:10:54,,,
C51641,1a516c64-e0c1-41ab-9975-71487d6bd5a6,24,3079O00042C2,-22.885103,-43.311568,2019-01-25 09:11:33,2019-01-25 11:10:37,119.06666666666666,49.292085285337485
C51641,1a516c64-e0c1-41ab-9975-71487d6bd5a6,25,3069O00057C2,-22.88562,-43.30967,2019-01-25 09:12:03,,,
C51641,1a516c64-e0c1-41ab-9975-71487d6bd5a6,26,3069O00058C2,-22.88672,-43.306443,2019-01-25 09:12:52,,,
C51641,1a516c64-e0c1-41ab-9975-71487d6bd5a6,27,3069O00003C2,-22.88646,-43.30281,2019-01-25 09:13:46,,,
C51641,1a516c64-e0c1-41ab-9975-71487d6bd5a6,28,3070O00001C2,-22.88548,-43.30031,2019-01-25 09:14:27,,,
C51641,1a516c64-e0c1-41ab-9975-71487d6bd5a6,29,3071O00033C2,-22.884601,-43.297845,2019-01-25 09:15:06,,,
C51641,1a516c64-e0c1-41ab-9975-71487d6bd5a6,30,3071O00004C2,-22.88341,-43.29648,2019-01-25 09:15:33,,,
C51641,1a516c64-e0c1-41ab-9975-71487d6bd5a6,31,3071O00005C2,-22.88182,-43.29431,2019-01-25 09:16:14,,,
C51641,1a516c64-e0c1-41ab-9975-71487d6bd5a6,32,3071O00006C2,-22.8842,-43.29133,2019-01-25 09:17:18,,,
C51641,1a516c64-e0c1-41ab-9975-71487d6bd5a6,33,3066O00003C2,-22.885668,-43.290084,2019-01-25 09:17:52,,,
C51641,1a516c64-e0c1-41ab-9975-71487d6bd5a6,34,3064O00002C0,-22.88744,-43.2864,2019-01-25 09:18:47,,,
C51641,1a516c64-e0c1-41ab-9975-71487d6bd5a6,35,3065O00001C0,-22.887738,-43.283511,2019-01-25 09:19:23,,,
C51641,1a516c64-e0c1-41ab-9975-71487d6bd5a6,36,3065O00003C0,-22.887155,-43.280679,2019-01-25 09:20:09,,,
C51641,1a516c64-e0c1-41ab-9975-71487d6bd5a6,37,3065O00004C0,-22.88591,-43.27898,2019-01-25 09:20:42,,,
C51641,1a516c64-e0c1-41ab-9975-71487d6bd5a6,38,3065O00005C0,-22.88441,-43.27719,2019-01-25 09:21:17,,,
C51641,1a516c64-e0c1-41ab-9975-71487d6bd5a6,39,3053O00006C0,-22.8822,-43.2754,2019-01-25 09:22:00,,,
C51641,1a516c64-e0c1-41ab-9975-71487d6bd5a6,40,3053O00007C0,-22.881083,-43.272751,2019-01-25 09:22:44,,,
C51641,1a516c64-e0c1-41ab-9975-71487d6bd5a6,41,3053O00008C0,-22.878863,-43.265859,2019-01-25 09:24:30,,,
C51641,1a516c64-e0c1-41ab-9975-71487d6bd5a6,42,3052O00001C0,-22.87833,-43.26397,2019-01-25 09:25:02,,,
C51641,1a516c64-e0c1-41ab-9975-71487d6bd5a6,43,3052O00002C1,-22.878337,-43.261822,2019-01-25 09:25:33,,,
C51641,1a516c64-e0c1-41ab-9975-71487d6bd5a6,44,3052O00003C0,-22.880394,-43.259223,2019-01-25 09:26:28,,,
C51641,1a516c64-e0c1-41ab-9975-71487d6bd5a6,45,3155O00001C0,-22.882581,-43.254845,2019-01-25 09:27:40,,,
C51641,1a516c64-e0c1-41ab-9975-71487d6bd5a6,46,3155O00002C0,-22.88517,-43.25266,2019-01-25 09:28:31,,,
C51641,1a516c64-e0c1-41ab-9975-71487d6bd5a6,47,3155O00003C0,-22.886927,-43.250822,2019-01-25 09:29:09,,,
C51641,1a516c64-e0c1-41ab-9975-71487d6bd5a6,48,1012O00011C0,-22.890046,-43.244457,2019-01-25 09:31:09,,,
C51641,1a516c64-e0c1-41ab-9975-71487d6bd5a6,49,1012O00012C0,-22.890765,-43.242335,2019-01-25 09:31:40,,,
C51641,1a516c64-e0c1-41ab-9975-71487d6bd5a6,50,1012O00013C0,-22.891768,-43.240794,2019-01-25 09:32:04,,,
C51641,1a516c64-e0c1-41ab-9975-71487d6bd5a6,51,1012O00027C0,-22.89495,-43.24279,2019-01-25 09:33:20,,,
C51641,1a516c64-e0c1-41ab-9975-71487d6bd5a6,52,vphs,-22.897995,-43.241305,2019-01-25 09:34:31,,,
C51641,1a516c64-e0c1-41ab-9975-71487d6bd5a6,53,1011O00001C0,-22.90138,-43.241176,2019-01-25 09:35:31,,,
C51641,1a516c64-e0c1-41ab-9975-71487d6bd5a6,54,3057O00006C0,-22.90591,-43.23964,2019-01-25 09:36:44,,,
C51641,1a516c64-e0c1-41ab-9975-71487d6bd5a6,56,1011O00002C0,-22.907884,-43.236917,2019-01-25 09:37:34,,,
C51641,1a516c64-e0c1-41ab-9975-71487d6bd5a6,57,2035O00042C0,-22.908756,-43.234655,2019-01-25 09:38:06,,,
C51641,1a516c64-e0c1-41ab-9975-71487d6bd5a6,58,1010O00038C0,-22.908374,-43.231002,2019-01-25 09:39:03,,,
C51641,1a516c64-e0c1-41ab-9975-71487d6bd5a6,59,1010O00077C0,-22.90931,-43.22631,2019-01-25 09:40:24,,,
C51641,1a516c64-e0c1-41ab-9975-71487d6bd5a6,60,1010O00103C0,-22.909238,-43.222916,2019-01-25 09:41:14,,,
C51641,1a516c64-e0c1-41ab-9975-71487d6bd5a6,61,1010O00040C0,-22.906357,-43.220639,2019-01-25 09:42:11,,,
C51641,1a516c64-e0c1-41ab-9975-71487d6bd5a6,62,1010O00107C0,-22.904907,-43.218901,2019-01-25 09:42:57,,,
C51641,1a516c64-e0c1-41ab-9975-71487d6bd5a6,63,1010O00079C0,-22.90411,-43.21611,2019-01-25 09:43:42,,,
C51641,1a516c64-e0c1-41ab-9975-71487d6bd5a6,64,1010O00080C0,-22.90341,-43.21449,2019-01-25 09:44:08,,,
C51641,1a516c64-e0c1-41ab-9975-71487d6bd5a6,65,1010O00081C0,-22.902025,-43.210979,2019-01-25 09:45:03,,,
C51641,1a516c64-e0c1-41ab-9975-71487d6bd5a6,66,2032O00028C0,-22.908498,-43.209965,2019-01-25 09:46:49,,,
C51641,1a516c64-e0c1-41ab-9975-71487d6bd5a6,67,1008O00022S0,-22.91013,-43.205583,2019-01-25 09:48:23,,,
C51641,1a516c64-e0c1-41ab-9975-71487d6bd5a6,68,1008O00005S0,-22.908619,-43.201048,2019-01-25 09:49:32,,,
C51641,1a516c64-e0c1-41ab-9975-71487d6bd5a6,69,1005O00060C0,-22.90623,-43.193405,2019-01-25 09:51:29,,,
C51641,1a516c64-e0c1-41ab-9975-71487d6bd5a6,70,1005O00359S0,-22.905052,-43.189782,2019-01-25 09:52:24,,,
C51641,1a516c64-e0c1-41ab-9975-71487d6bd5a6,71,1005O00375S2,-22.903332,-43.184461,2019-01-25 09:53:45,,,
C51641,1a516c64-e0c1-41ab-9975-71487d6bd5a6,72,1005O00197C0,-22.905593,-43.182786,2019-01-25 09:54:38,,,
C51641,1a516c64-e0c1-41ab-9975-71487d6bd5a6,73,1005O00020S0,-22.90723,-43.18272,2019-01-25 09:55:14,,,
C51641,1a516c64-e0c1-41ab-9975-71487d6bd5a6,74,1005O00232S0,-22.90879,-43.18819,2019-01-25 09:56:37,,,
C51641,1a516c64-e0c1-41ab-9975-71487d6bd5a6,75,1005O00234C0,-22.908392,-43.189263,2019-01-25 09:56:58,,,
C51616,1a516c64-e0c1-41ab-9975-71487d6bd5a6,0,4124O00046C0,-22.901318,-43.347259,2019-01-25 08:57:37,,,
C51616,1a516c64-e0c1-41ab-9975-71487d6bd5a6,1,4124O00031C0,-22.90189,-43.34779,2019-01-25 08:57:48,,,
C51616,1a516c64-e0c1-41ab-9975-71487d6bd5a6,2,4124O00058C0,-22.900466,-43.349828,2019-01-25 08:58:28,,,
C51616,1a516c64-e0c1-41ab-9975-71487d6bd5a6,3,4124O00033C0,-22.89911,-43.35167,2019-01-25 08:59:02,,,
C51616,1a516c64-e0c1-41ab-9975-71487d6bd5a6,4,4124O00004C0,-22.898012,-43.352228,2019-01-25 08:59:29,,,
C51616,1a516c64-e0c1-41ab-9975-71487d6bd5a6,5,4124O00006C0,-22.89818,-43.350146,2019-01-25 09:00:13,,,
C51616,1a516c64-e0c1-41ab-9975-71487d6bd5a6,6,4124O00008C0,-22.896967,-43.348397,2019-01-25 09:00:49,,,
C51616,1a516c64-e0c1-41ab-9975-71487d6bd5a6,7,4124O00016C0,-22.8954,-43.34742,2019-01-25 09:01:17,,,
C51616,1a516c64-e0c1-41ab-9975-71487d6bd5a6,8,4124O00017C0,-22.89369,-43.34688,2019-01-25 09:01:45,,,
C51616,1a516c64-e0c1-41ab-9975-71487d6bd5a6,9,4124O00050C0,-22.890381,-43.34553,2019-01-25 09:02:46,,,
C51616,1a516c64-e0c1-41ab-9975-71487d6bd5a6,10,3078O00007C0,-22.88842,-43.34439,2019-01-25 09:03:21,,,
C51616,1a516c64-e0c1-41ab-9975-71487d6bd5a6,11,3078O00008C0,-22.88717,-43.34339,2019-01-25 09:03:45,,,
C51616,1a516c64-e0c1-41ab-9975-71487d6bd5a6,12,3078O00009C0,-22.88579,-43.34209,2019-01-25 09:04:14,,,
C51616,1a516c64-e0c1-41ab-9975-71487d6bd5a6,13,3082O00002C0,-22.88283,-43.34025,2019-01-25 09:05:31,2019-01-25 09:01:37,-3.9,54.200217969678604
C51616,1a516c64-e0c1-41ab-9975-71487d6bd5a6,14,3082O00018C0,-22.882534,-43.33687,2019-01-25 09:06:20,,,
C51616,1a516c64-e0c1-41ab-9975-71487d6bd5a6,15,3082O00051C0,-22.882382,-43.333901,2019-01-25 09:07:03,,,
C51616,1a516c64-e0c1-41ab-9975-71487d6bd5a6,16,3082O00019C0,-22.882138,-43.331007,2019-01-25 09:07:51,2019-01-25 09:04:07,-3.7333333333333334,163.64686925172506
C51616,1a516c64-e0c1-41ab-9975-71487d6bd5a6,17,3082O00004C1,-22.88256,-43.32373,2019-01-25 09:09:32,2019-01-25 09:05:37,-3.9166666666666665,245.9627858288681
C51616,1a516c64-e0c1-41ab-9975-71487d6bd5a6,18,3082O00005C2,-22.88284,-43.3224,2019-01-25 09:09:52,2019-01-25 11:09:07,119.25,112.57966419384874
C51616,1a516c64-e0c1-41ab-9975-71487d6bd5a6,19,3079O00001C2,-22.8835,-43.32058,2019-01-25 09:10:20,,,
C51616,1a516c64-e0c1-41ab-9975-71487d6bd5a6,20,3079O00002C2,-22.88445,-43.31751,2019-01-25 09:11:07,,,
C51616,1a516c64-e0c1-41ab-9975-71487d6bd5a6,21,3079O00041C2,-22.884744,-43.316116,2019-01-25 09:11:28,,,
C51616,1a516c64-e0c1-41ab-9975-71487d6bd5a6,23,3079O00040C2,-22.88498,-43.31429,2019-01-25 09:11:54,,,
C51616,1a516c64-e0c1-41ab-9975-71487d6bd5a6,24,3079O00042C2,-22.885103,-43.311568,2019-01-25 09:12:33,,,
C51616,1a516c64-e0c1-41ab-9975-71487d6bd5a6,25,3069O00057C2,-22.88562,-43.30967,2019-01-25 09:13:03,,,
C51616,1a516c64-e0c1-41ab-9975-71487d6bd5a6,26,3069O00058C2,-22.88672,-43.306443,2019-01-25 09:13:52,,,
C51616,1a516c64-e0c1-41ab-9975-71487d6bd5a6,27,3069O00003C2,-22.88646,-43.30281,2019-01-25 09:14:46,,,
C51616,1a516c64-e0c1-41ab-9975-71487d6bd5a6,28,3070O00001C2,-22.88548,-43.30031,2019-01-25 09:15:27,,,
C51616,1a516c64-e0c1-41ab-9975-71487d6bd5a6,29,3071O00033C2,-22.884601,-43.297845,2019-01-25 09:16:06,,,
C51616,1a516c64-e0c1-41ab-9975-71487d6bd5a6,30,3071O00004C2,-22.88341,-43.29648,2019-01-25 09:16:33,,,
C51616,1a516c64-e0c1-41ab-9975-71487d6bd5a6,31,3071O00005C2,-22.88182,-43.29431,2019-01-25 09:17:14,,,
C51616,1a516c64-e0c1-41ab-9975-71487d6bd5a6,32,3071O00006C2,-22.8842,-43.29133,2019-01-25 09:18:18,,,
C51616,1a516c64-e0c1-41ab-9975-71487d6bd5a6,33,3066O00003C2,-22.885668,-43.290084,2019-01-25 09:18:52,,,
C51616,1a516c64-e0c1-41ab-9975-71487d6bd5a6,34,3064O00002C0,-22.88744,-43.2864,2019-01-25 09:19:47,,,
C51616,1a516c64-e0c1-41ab-9975-71487d6bd5a6,35,3065O00001C0,-22.887738,-43.283511,2019-01-25 09:20:23,,,
C51616,1a516c64-e0c1-41ab-9975-71487d6bd5a6,36,3065O00003C0,-22.887155,-43.280679,2019-01-25 09:21:09,,,
C51616,1a516c64-e0c1-41ab-9975-71487d6bd5a6,37,3065O00004C0,-22.88591,-43.27898,2019-01-25 09:21:42,,,
C51616,1a516c64-e0c1-41ab-9975-71487d6bd5a6,38,3065O00005C0,-22.88441,-43.27719,2019-01-25 09:22:17,,,
C51616,1a516c64-e0c1-41ab-9975-71487d6bd5a6,39,3053O00006C0,-22.8822,-43.2754,2019-01-25 09:23:00,,,
C51616,1a516c64-e0c1-41ab-9975-71487d6bd5a6,40,3053O00007C0,-22.881083,-43.272751,2019-01-25 09:23:44,,,
C51616,1a516c64-e0c1-41ab-9975-71487d6bd5a6,41,3053O00008C0,-22.878863,-43.265859,2019-01-25 09:25:30,,,
C51616,1a516c64-e0c1-41ab-9975-71487d6bd5a6,42,3052O00001C0,-22.87833,-43.26397,2019-01-25 09:26:02,,,
C51616,1a516c64-e0c1-41ab-9975-71487d6bd5a6,43,3052O00002C1,-22.878337,-43.261822,2019-01-25 09:26:33,,,
C51616,1a516c64-e0c1-41ab-9975-71487d6bd5a6,44,3052O00003C0,-22.880394,-43.259223,2019-01-25 09:27:28,,,
C51616,1a516c64-e0c1-41ab-9975-71487d6bd5a6,45,3155O00001C0,-22.882581,-43.254845,2019-01-25 09:28:40,,,
C51616,1a516c64-e0c1-41ab-9975-71487d6bd5a6,46,3155O00002C0,-22.88517,-43.25266,2019-01-25 09:29:31,,,
C51616,1a516c64-e0c1-41ab-9975-71487d6bd5a6,47,3155O00003C0,-22.886927,-43.250822,2019-01-25 09:30:09,,,
C51616,1a516c64-e0c1-41ab-9975-71487d6bd5a6,48,1012O00011C0,-22.890046,-43.244457,2019-01-25 09:32:09,,,
C51616,1a516c64-e0c1-41ab-9975-71487d6bd5a6,49,1012O00012C0,-22.890765,-43.242335,2019-01-25 09:32:40,,,
C51616,1a516c64-e0c1-41ab-9975-71487d6bd5a6,50,1012O00013C0,-22.891768,-43.240794,2019-01-25 09:33:04,,,
C51616,1a516c64-e0c1-41ab-9975-71487d6bd5a6,51,1012O00027C0,-22.89495,-43.24279,2019-01-25 09:34:20,,,
C51616,1a516c64-e0c1-41ab-9975-71487d6bd5a6,52,vphs,-22.897995,-43.241305,2019-01-25 09:35:31,,,
C51616,1a516c64-e0c1-41ab-9975-71487d6bd5a6,53,1011O00001C0,-22.90138,-43.241176,2019-01-25 09:36:31,,,
C51616,1a516c64-e0c1-41ab-9975-71487d6bd5a6,54,3057O00006C0,-22.90591,-43.23964,2019-01-25 09:37:44,,,
C51616,1a516c64-e0c1-41ab-9975-71487d6bd5a6,56,1011O00002C0,-22.907884,-43.236917,2019-01-25 09:38:34,,,
C51616,1a516c64-e0c1-41ab-9975-71487d6bd5a6,57,2035O00042C0,-22.908756,-43.234655,2019-01-25 09:39:06,,,
C51616,1a516c64-e0c1-41ab-9975-71487d6bd5a6,58,1010O00038C0,-22.908374,-43.231002,2019-01-25 09:40:03,,,
C51616,1a516c64-e0c1-41ab-9975-71487d6bd5a6,59,1010O00077C0,-22.90931,-43.22631,2019-01-25 09:41:24,,,
C51616,1a516c64-e0c1-41ab-9975-71487d6bd5a6,60,1010O00103C0,-22.909238,-43.222916,2019-01-25 09:42:14,,,
C51616,1a516c64-e0c1-41ab-9975-71487d6bd5a6,61,1010O00040C0,-22.906357,-43.220639,2019-01-25 09:43:11,,,
C51616,1a516c64-e0c1-41ab-9975-71487d6bd5a6,62,1010O00107C0,-22.904907,-43.218901,2019-01-25 09:43:57,,,
C51616,1a516c64-e0c1-41ab-9975-71487d6bd5a6,63,1010O00079C0,-22.90411,-43.21611,2019-01-25 09:44:42,,,
C51616,1a516c64-e0c1-41ab-9975-71487d6bd5a6,64,1010O00080C0,-22.90341,-43.21449,2019-01-25 09:45:08,,,
C51616,1a516c64-e0c1-41ab-9975-71487d6bd5a6,65,1010O00081C0,-22.902025,-43.210979,2019-01-25 09:46:03,,,
C51616,1a516c64-e0c1-41ab-9975-71487d6bd5a6,66,2032O00028C0,-22.908498,-43.209965,2019-01-25 09:47:49,,,
C51616,1a516c64-e0c1-41ab-9975-71487d6bd5a6,67,1008O00022S0,-22.91013,-43.205583,2019-01-25 09:49:23,,,
C51616,1a516c64-e0c1-41ab-9975-71487d6bd5a6,68,1008O00005S0,-22.908619,-43.201048,2019-01-25 09:50:32,,,
C51616,1a516c64-e0c1-41ab-9975-71487d6bd5a6,69,1005O00060C0,-22.90623,-43.193405,2019-01-25 09:52:29,,,
C51616,1a516c64-e0c1-41ab-9975-71487d6bd5a6,70,1005O00359S0,-22.905052,-43.189782,2019-01-25 09:53:24,,,
C51616,1a516c64-e0c1-41ab-9975-71487d6bd5a6,71,1005O00375S2,-22.903332,-43.184461,2019-01-25 09:54:45,,,
C51616,1a516c64-e0c1-41ab-9975-71487d6bd5a6,72,1005O00197C0,-22.905593,-43.182786,2019-01-25 09:55:38,,,
C51616,1a516c64-e0c1-41ab-9975-71487d6bd5a6,73,1005O00020S0,-22.90723,-43.18272,2019-01-25 09:56:14,,,
C51616,1a516c64-e0c1-41ab-9975-71487d6bd5a6,74,1005O00232S0,-22.90879,-43.18819,2019-01-25 09:57:37,,,
C51616,1a516c64-e0c1-41ab-9975-71487d6bd5a6,75,1005O00234C0,-22.908392,-43.189263,2019-01-25 09:57:58,,,
C51559,1a516c64-e0c1-41ab-9975-71487d6bd5a6,0,4124O00046C0,-22.901318,-43.347259,2019-01-25 08:57:31,2019-01-25 09:46:01,48.5,71.27545860668866
C51559,1a516c64-e0c1-41ab-9975-71487d6bd5a6,1,4124O00031C0,-22.90189,-43.34779,2019-01-25 08:57:42,2019-01-25 09:47:01,49.31666666666667,154.62740868091922
C51559,1a516c64-e0c1-41ab-9975-71487d6bd5a6,2,4124O00058C0,-22.900466,-43.349828,2019-01-25 08:58:22,2019-01-25 10:06:01,67.65,134.29840353995883
C51559,1a516c64-e0c1-41ab-9975-71487d6bd5a6,3,4124O00033C0,-22.89911,-43.35167,2019-01-25 08:58:56,2019-01-25 10:09:01,70.08333333333333,196.4035195458884
C51559,1a516c64-e0c1-41ab-9975-71487d6bd5a6,4,4124O00004C0,-22.898012,-43.352228,2019-01-25 08:59:23,,,
C51559,1a516c64-e0c1-41ab-9975-71487d6bd5a6,5,4124O00006C0,-22.89818,-43.350146,2019-01-25 09:00:07,,,
C51559,1a516c64-e0c1-41ab-9975-71487d6bd5a6,6,4124O00008C0,-22.896967,-43.348397,2019-01-25 09:00:43,,,
C51559,1a516c64-e0c1-41ab-9975-71487d6bd5a6,7,4124O00016C0,-22.8954,-43.34742,2019-01-25 09:01:11,,,
C51559,1a516c64-e0c1-41ab-9975-71487d6bd5a6,8,4124O00017C0,-22.89369,-43.34688,2019-01-25 09:01:39,,,
C51559,1a516c64-e0c1-41ab-9975-71487d6bd5a6,9,4124O00050C0,-22.890381,-43.34553,2019-01-25 09:02:40,,,
C51559,1a516c64-e0c1-41ab-9975-71487d6bd5a6,10,3078O00007C0,-22.88842,-43.34439,2019-01-25 09:03:15,,,
C51559,1a516c64-e0c1-41ab-9975-71487d6bd5a6,11,3078O00008C0,-22.88717,-43.34339,2019-01-25 09:03:39,,,
C51559,1a516c64-e0c1-41ab-9975-71487d6bd5a6,12,3078O00009C0,-22.88579,-43.34209,2019-01-25 09:04:08,2019-01-25 10:13:31,69.38333333333334,182.06803691781874
C51559,1a516c64-e0c1-41ab-9975-71487d6bd5a6,13,3082O00002C0,-22.88283,-43.34025,2019-01-25 09:05:25,2019-01-25 10:14:31,69.1,71.83418368330067
C51559,1a516c64-e0c1-41ab-9975-71487d6bd5a6,14,3082O00018C0,-22.882534,-43.33687,2019-01-25 09:06:14,,,
C51559,1a516c64-e0c1-41ab-9975-71487d6bd5a6,15,3082O00051C0,-22.882382,-43.333901,2019-01-25 09:06:57,,,
C51559,1a516c64-e0c1-41ab-9975-71487d6bd5a6,16,3082O00019C0,-22.882138,-43.331007,2019-01-25 09:07:45,2019-01-25 10:18:01,70.26666666666667,95.19210956729319
C51559,1a516c64-e0c1-41ab-9975-71487d6bd5a6,17,3082O00004C1,-22.88256,-43.32373,2019-01-25 09:09:26,2019-01-25 10:22:01,72.58333333333333,64.89261883472578
C51559,1a516c64-e0c1-41ab-9975-71487d6bd5a6,18,3082O00005C2,-22.88284,-43.3224,2019-01-25 09:09:46,,,
C51559,1a516c64-e0c1-41ab-9975-71487d6bd5a6,19,3079O00001C2,-22.8835,-43.32058,2019-01-25 09:10:14,2019-01-25 10:23:01,72.78333333333333,82.70844212025311
C51559,1a516c64-e0c1-41ab-9975-71487d6bd5a6,20,3079O00002C2,-22.88445,-43.31751,2019-01-25 09:11:01,2019-01-25 10:23:31,72.5,220.44887772111215
C51559,1a516c64-e0c1-41ab-9975-71487d6bd5a6,21,3079O00041C2,-22.884744,-43.316116,2019-01-25 09:11:22,,,
C51559,1a516c64-e0c1-41ab-9975-71487d6bd5a6,23,3079O00040C2,-22.88498,-43.31429,2019-01-25 09:11:48,2019-01-25 10:27:01,75.21666666666667,222.44487380342738
C51559,1a516c64-e0c1-41ab-9975-71487d6bd5a6,24,3079O00042C2,-22.885103,-43.311568,2019-01-25 09:12:27,2019-01-25 10:28:01,75.56666666666666,203.76610579591502
C51559,1a516c64-e0c1-41ab-9975-71487d6bd5a6,25,3069O00057C2,-22.88562,-43.30967,2019-01-25 09:12:57,,,
C51559,1a516c64-e0c1-41ab-9975-71487d6bd5a6,26,3069O00058C2,-22.88672,-43.306443,2019-01-25 09:13:46,,,
C51559,1a516c64-e0c1-41ab-9975-71487d6bd5a6,27,3069O00003C2,-22.88646,-43.30281,2019-01-25 09:14:40,2019-01-25 10:31:01,76.35,101.5961092687147
C51559,1a516c64-e0c1-41ab-9975-71487d6bd5a6,28,3070O00001C2,-22.88548,-43.30031,2019-01-25 09:15:21,2019-01-25 10:31:31,76.16666666666667,42.71641549541948
C51559,1a516c64-e0c1-41ab-9975-71487d6bd5a6,29,3071O00033C2,-22.884601,-43.297845,2019-01-25 09:16:00,2019-01-25 10:33:01,77.01666666666667,67.37821023336022
C51559,1a516c64-e0c1-41ab-9975-71487d6bd5a6,30,3071O00004C2,-22.88341,-43.29648,2019-01-25 09:16:27,2019-01-25 10:33:31,77.06666666666666,44.74811958207907
C51559,1a516c64-e0c1-41ab-9975-71487d6bd5a6,31,3071O00005C2,-22.88182,-43.29431,2019-01-25 09:17:08,,,
C51559,1a516c64-e0c1-41ab-9975-71487d6bd5a6,32,3071O00006C2,-22.8842,-43.29133,2019-01-25 09:18:12,2019-01-25 10:37:01,78.81666666666666,12.293671514049322
C51559,1a516c64-e0c1-41ab-9975-71487d6bd5a6,33,3066O00003C2,-22.885668,-43.290084,2019-01-25 09:18:46,,,
C51559,1a516c64-e0c1-41ab-9975-71487d6bd5a6,34,3064O00002C0,-22.88744,-43.2864,2019-01-25 09:19:41,2019-01-25 10:41:01,81.33333333333333,189.69627330404788
C51559,1a516c64-e0c1-41ab-9975-71487d6bd5a6,35,3065O00001C0,-22.887738,-43.283511,2019-01-25 09:20:17,2019-01-25 10:42:01,81.73333333333333,13.452361611631337
C51559,1a516c64-e0c1-41ab-9975-71487d6bd5a6,36,3065O00003C0,-22.887155,-43.280679,2019-01-25 09:21:03,,,
C51559,1a516c64-e0c1-41ab-9975-71487d6bd5a6,37,3065O00004C0,-22.88591,-43.27898,2019-01-25 09:21:36,2019-01-25 10:44:01,82.41666666666667,38.09539022069675
C51559,1a516c64-e0c1-41ab-9975-71487d6bd5a6,38,3065O00005C0,-22.88441,-43.27719,2019-01-25 09:22:11,2019-01-25 10:45:01,82.83333333333333,115.55763282450901
C51559,1a516c64-e0c1-41ab-9975-71487d6bd5a6,39,3053O00006C0,-22.8822,-43.2754,2019-01-25 09:22:54,2019-01-25 10:47:01,84.11666666666666,114.22832641371689
C51559,1a516c64-e0c1-41ab-9975-71487d6bd5a6,40,3053O00007C0,-22.881083,-43.272751,2019-01-25 09:23:38,2019-01-25 10:48:01,84.38333333333334,167.54172172175615
C51559,1a516c64-e0c1-41ab-9975-71487d6bd5a6,41,3053O00008C0,-22.878863,-43.265859,2019-01-25 09:25:24,,,
C51559,1a516c64-e0c1-41ab-9975-71487d6bd5a6,42,3052O00001C0,-22.87833,-43.26397,2019-01-25 09:25:56,,,
C51559,1a516c64-e0c1-41ab-9975-71487d6bd5a6,43,3052O00002C1,-22.878337,-43.261822,2019-01-25 09:26:27,2019-01-25 10:51:01,84.56666666666666,248.11742452486385
C51559,1a516c64-e0c1-41ab-9975-71487d6bd5a6,44,3052O00003C0,-22.880394,-43.259223,2019-01-25 09:27:22,2019-01-25 10:52:02,84.66666666666667,98.88029245658554
C51559,1a516c64-e0c1-41ab-9975-71487d6bd5a6,45,3155O00001C0,-22.882581,-43.254845,2019-01-25 09:28:34,2019-01-25 10:53:02,84.46666666666667,8.195706200529498
C51559,1a516c64-e0c1-41ab-9975-71487d6bd5a6,46,3155O00002C0,-22.88517,-43.25266,2019-01-25 09:29:25,2019-01-25 10:55:02,85.61666666666666,53.77571054435406
C51559,1a516c64-e0c1-41ab-9975-71487d6bd5a6,47,3155O00003C0,-22.886927,-43.250822,2019-01-25 09:30:03,,,
C51559,1a516c64-e0c1-41ab-9975-71487d6bd5a6,48,1012O00011C0,-22.890046,-43.244457,2019-01-25 09:32:03,2019-01-25 10:57:02,84.98333333333333,33.09883790763442
C51559,1a516c64-e0c1-41ab-9975-71487d6bd5a6,49,1012O00012C0,-22.890765,-43.242335,2019-01-25 09:32:34,2019-01-25 10:58:02,85.46666666666667,30.37649921781414
C51559,1a516c64-e0c1-41ab-9975-71487d6bd5a6,50,1012O00013C0,-22.891768,-43.240794,2019-01-25 09:32:58,,,
C51559,1a516c64-e0c1-41ab-9975-71487d6bd5a6,51,1012O00027C0,-22.89495,-43.24279,2019-01-25 09:34:14,,,
C51559,1a516c64-e0c1-41ab-9975-71487d6bd5a6,52,vphs,-22.897995,-43.241305,2019-01-25 09:35:25,,,
C51559,1a516c64-e0c1-41ab-9975-71487d6bd5a6,53,1011O00001C0,-22.90138,-43.241176,2019-01-25 09:36:25,2019-01-25 11:02:01,85.6,50.299738138027934
C51559,1a516c64-e0c1-41ab-9975-71487d6bd5a6,54,3057O00006C0,-22.90591,-43.23964,2019-01-25 09:37:38,,,
C51559,1a516c64-e0c1-41ab-9975-71487d6bd5a6,56,1011O00002C0,-22.907884,-43.236917,2019-01-25 09:38:28,2019-01-25 11:04:01,85.55,73.09828731077931
C51559,1a516c64-e0c1-41ab-9975-71487d6bd5a6,57,2035O00042C0,-22.908756,-43.234655,2019-01-25 09:39:00,,,
C51559,1a516c64-e0c1-41ab-9975-71487d6bd5a6,58,1010O00038C0,-22.908374,-43.231002,2019-01-25 09:39:57,,,
C51559,1a516c64-e0c1-41ab-9975-71487d6bd5a6,59,1010O00077C0,-22.90931,-43.22631,2019-01-25 09:41:18,2019-01-25 11:06:31,85.21666666666667,246.3725638179146
C51559,1a516c64-e0c1-41ab-9975-71487d6bd5a6,60,1010O00103C0,-22.909238,-43.222916,2019-01-25 09:42:08,2019-01-25 11:08:01,85.88333333333334,230.4285572935089
C51559,1a516c64-e0c1-41ab-9975-71487d6bd5a6,61,1010O00040C0,-22.906357,-43.220639,2019-01-25 09:43:05,,,
C51559,1a516c64-e0c1-41ab-9975-71487d6bd5a6,62,1010O00107C0,-22.904907,-43.218901,2019-01-25 09:43:51,,,
C51559,1a516c64-e0c1-41ab-9975-71487d6bd5a6,63,1010O00079C0,-22.90411,-43.21611,2019-01-25 09:44:36,2019-01-25 11:09:31,84.91666666666667,43.031413710012174
C51559,1a516c64-e0c1-41ab-9975-71487d6bd5a6,64,1010O00080C0,-22.90341,-43.21449,2019-01-25 09:45:02,,,
C51559,1a516c64-e0c1-41ab-9975-71487d6bd5a6,65,1010O00081C0,-22.902025,-43.210979,2019-01-25 09:45:57,2019-01-25 11:11:31,85.56666666666666,45.30981230607372
C51559,1a516c64-e0c1-41ab-9975-71487d6bd5a6,66,2032O00028C0,-22.908498,-43.209965,2019-01-25 09:47:43,2019-01-25 11:14:01,86.3,198.33247834041666
C51559,1a516c64-e0c1-41ab-9975-71487d6bd5a6,67,1008O00022S0,-22.91013,-43.205583,2019-01-25 09:49:17,,,
C51559,1a516c64-e0c1-41ab-9975-71487d6bd5a6,68,1008O00005S0,-22.908619,-43.201048,2019-01-25 09:50:26,,,
C51559,1a516c64-e0c1-41ab-9975-71487d6bd5a6,69,1005O00060C0,-22.90623,-43.193405,2019-01-25 09:52:23,2019-01-25 11:21:31,89.13333333333334,107.67665824523085
C51559,1a516c64-e0c1-41ab-9975-71487d6bd5a6,70,1005O00359S0,-22.905052,-43.189782,2019-01-25 09:53:18,2019-01-25 11:44:01,110.71666666666667,187.85934841750097
C51559,1a516c64-e0c1-41ab-9975-71487d6bd5a6,71,1005O00375S2,-22.903332,-43.184461,2019-01-25 09:54:39,,,
C51559,1a516c64-e0c1-41ab-9975-71487d6bd5a6,72,1005O00197C0,-22.905593,-43.182786,2019-01-25 09:55:32,,,
C51559,1a516c64-e0c1-41ab-9975-71487d6bd5a6,73,1005O00020S0,-22.90723,-43.18272,2019-01-25 09:56:08,,,
C51559,1a516c64-e0c1-41ab-9975-71487d6bd5a6,74,1005O00232S0,-22.90879,-43.18819,2019-01-25 09:57:31,,,
C51559,1a516c64-e0c1-41ab-9975-71487d6bd5a6,75,1005O00234C0,-22.908392,-43.189263,2019-01-25 09:57:52,2019-01-25 11:45:01,107.15,227.64389038044766
C51512,1a516c64-e0c1-41ab-9975-71487d6bd5a6,0,4124O00046C0,-22.901318,-43.347259,2019-01-25 09:00:05,,,
C51512,1a516c64-e0c1-41ab-9975-71487d6bd5a6,1,4124O00031C0,-22.90189,-43.34779,2019-01-25 09:00:16,,,
C51512,1a516c64-e0c1-41ab-9975-71487d6bd5a6,2,4124O00058C0,-22.900466,-43.349828,2019-01-25 09:00:56,,,
C51512,1a516c64-e0c1-41ab-9975-71487d6bd5a6,3,4124O00033C0,-22.89911,-43.35167,2019-01-25 09:01:30,,,
C51512,1a516c64-e0c1-41ab-9975-71487d6bd5a6,4,4124O00004C0,-22.898012,-43.352228,2019-01-25 09:01:57,,,
C51512,1a516c64-e0c1-41ab-9975-71487d6bd5a6,5,4124O00006C0,-22.89818,-43.350146,2019-01-25 09:02:41,,,
C51512,1a516c64-e0c1-41ab-9975-71487d6bd5a6,6,4124O00008C0,-22.896967,-43.348397,2019-01-25 09:03:17,,,
C51512,1a516c64-e0c1-41ab-9975-71487d6bd5a6,7,4124O00016C0,-22.8954,-43.34742,2019-01-25 09:03:45,,,
C51512,1a516c64-e0c1-41ab-9975-71487d6bd5a6,8,4124O00017C0,-22.89369,-43.34688,2019-01-25 09:04:13,,,
C51512,1a516c64-e0c1-41ab-9975-71487d6bd5a6,9,4124O00050C0,-22.890381,-43.34553,2019-01-25 09:05:14,,,
C51512,1a516c64-e0c1-41ab-9975-71487d6bd5a6,10,3078O00007C0,-22.88842,-43.34439,2019-01-25 09:05:49,,,
C51512,1a516c64-e0c1-41ab-9975-71487d6bd5a6,11,3078O00008C0,-22.88717,-43.34339,2019-01-25 09:06:13,,,
C51512,1a516c64-e0c1-41ab-9975-71487d6bd5a6,12,3078O00009C0,-22.88579,-43.34209,2019-01-25 09:06:42,,,
C51512,1a516c64-e0c1-41ab-9975-71487d6bd5a6,13,3082O00002C0,-22.88283,-43.34025,2019-01-25 09:07:59,2019-01-25 11:00:05,112.1,199.7722874400732
C51512,1a516c64-e0c1-41ab-9975-71487d6bd5a6,14,3082O00018C0,-22.882534,-43.33687,2019-01-25 09:08:48,,,
C51512,1a516c64-e0c1-41ab-9975-71487d6bd5a6,15,3082O00051C0,-22.882382,-43.333901,2019-01-25 09:09:31,,,
C51512,1a516c64-e0c1-41ab-9975-71487d6bd5a6,16,3082O00019C0,-22.882138,-43.331007,2019-01-25 09:10:19,,,
C51512,1a516c64-e0c1-41ab-9975-71487d6bd5a6,17,3082O00004C1,-22.88256,-43.32373,2019-01-25 09:12:00,,,
C51512,1a516c64-e0c1-41ab-9975-71487d6bd5a6,18,3082O00005C2,-22.88284,-43.3224,2019-01-25 09:12:20,,,
C51512,1a516c64-e0c1-41ab-9975-71487d6bd5a6,19,3079O00001C2,-22.8835,-43.32058,2019-01-25 09:12:48,,,
C51512,1a516c64-e0c1-41ab-9975-71487d6bd5a6,20,3079O00002C2,-22.88445,-43.31751,2019-01-25 09:13:35,,,
C51512,1a516c64-e0c1-41ab-9975-71487d6bd5a6,21,3079O00041C2,-22.884744,-43.316116,2019-01-25 09:13:56,,,
C51512,1a516c64-e0c1-41ab-9975-71487d6bd5a6,23,3079O00040C2,-22.88498,-43.31429,2019-01-25 09:14:22,,,
C51512,1a516c64-e0c1-41ab-9975-71487d6bd5a6,24,3079O00042C2,-22.885103,-43.311568,2019-01-25 09:15:01,,,
C51512,1a516c64-e0c1-41ab-9975-71487d6bd5a6,25,3069O00057C2,-22.88562,-43.30967,2019-01-25 09:15:31,,,
C51512,1a516c64-e0c1-41ab-9975-71487d6bd5a6,26,3069O00058C2,-22.88672,-43.306443,2019-01-25 09:16:20,,,
C51512,1a516c64-e0c1-41ab-9975-71487d6bd5a6,27,3069O00003C2,-22.88646,-43.30281,2019-01-25 09:17:14,,,
C51512,1a516c64-e0c1-41ab-9975-71487d6bd5a6,28,3070O00001C2,-22.88548,-43.30031,2019-01-25 09:17:55,,,
C51512,1a516c64-e0c1-41ab-9975-71487d6bd5a6,29,3071O00033C2,-22.884601,-43.297845,2019-01-25 09:18:34,,,
C51512,1a516c64-e0c1-41ab-9975-71487d6bd5a6,30,3071O00004C2,-22.88341,-43.29648,2019-01-25 09:19:01,,,
C51512,1a516c64-e0c1-41ab-9975-71487d6bd5a6,31,3071O00005C2,-22.88182,-43.29431,2019-01-25 09:19:42,,,
C51512,1a516c64-e0c1-41ab-9975-71487d6bd5a6,32,3071O00006C2,-22.8842,-43.29133,2019-01-25 09:20:46,,,
C51512,1a516c64-e0c1-41ab-9975-71487d6bd5a6,33,3066O00003C2,-22.885668,-43.290084,2019-01-25 09:21:20,,,
C51512,1a516c64-e0c1-41ab-9975-71487d6bd5a6,34,3064O00002C0,-22.88744,-43.2864,2019-01-25 09:22:15,,,
C51512,1a516c64-e0c1-41ab-9975-71487d6bd5a6,35,3065O00001C0,-22.887738,-43.283511,2019-01-25 09:22:51,,,
C51512,1a516c64-e0c1-41ab-9975-71487d6bd5a6,36,3065O00003C0,-22.887155,-43.280679,2019-01-25 09:23:37,,,
C51512,1a516c64-e0c1-41ab-9975-71487d6bd5a6,37,3065O00004C0,-22.88591,-43.27898,2019-01-25 09:24:10,,,
C51512,1a516c64-e0c1-41ab-9975-71487d6bd5a6,38,3065O00005C0,-22.88441,-43.27719,2019-01-25 09:24:45,,,
C51512,1a516c64-e0c1-41ab-9975-71487d6bd5a6,39,3053O00006C0,-22.8822,-43.2754,2019-01-25 09:25:28,,,
C51512,1a516c64-e0c1-41ab-9975-71487d6bd5a6,40,3053O00007C0,-22.881083,-43.272751,2019-01-25 09:26:12,,,
C51512,1a516c64-e0c1-41ab-9975-71487d6bd5a6,41,3053O00008C0,-22.878863,-43.265859,2019-01-25 09:27:58,,,
C51512,1a516c64-e0c1-41ab-9975-71487d6bd5a6,42,3052O00001C0,-22.87833,-43.26397,2019-01-25 09:28:30,,,
C51512,1a516c64-e0c1-41ab-9975-71487d6bd5a6,43,3052O00002C1,-22.878337,-43.261822,2019-01-25 09:29:01,,,
C51512,1a516c64-e0c1-41ab-9975-71487d6bd5a6,44,3052O00003C0,-22.880394,-43.259223,2019-01-25 09:29:56,,,
C51512,1a516c64-e0c1-41ab-9975-71487d6bd5a6,45,3155O00001C0,-22.882581,-43.254845,2019-01-25 09:31:08,,,
C51512,1a516c64-e0c1-41ab-9975-71487d6bd5a6,46,3155O00002C0,-22.88517,-43.25266,2019-01-25 09:31:59,,,
C51512,1a516c64-e0c1-41ab-9975-71487d6bd5a6,47,3155O00003C0,-22.886927,-43.250822,2019-01-25 09:32:37,,,
C51512,1a516c64-e0c1-41ab-9975-71487d6bd5a6,48,1012O00011C0,-22.890046,-43.244457,2019-01-25 09:34:37,,,
C51512,1a516c64-e0c1-41ab-9975-71487d6bd5a6,49,1012O00012C0,-22.890765,-43.242335,2019-01-25 09:35:08,,,
C51512,1a516c64-e0c1-41ab-9975-71487d6bd5a6,50,1012O00013C0,-22.891768,-43.240794,2019-01-25 09:35:32,,,
C51512,1a516c64-e0c1-41ab-9975-71487d6bd5a6,51,1012O00027C0,-22.89495,-43.24279,2019-01-25 09:36:48,,,
C51512,1a516c64-e0c1-41ab-9975-71487d6bd5a6,52,vphs,-22.897995,-43.241305,2019-01-25 09:37:59,,,
C51512,1a516c64-e0c1-41ab-9975-71487d6bd5a6,53,1011O00001C0,-22.90138,-43.241176,2019-01-25 09:38:59,,,
C51512,1a516c64-e0c1-41ab-9975-71487d6bd5a6,54,3057O00006C0,-22.90591,-43.23964,2019-01-25 09:40:12,,,
C51512,1a516c64-e0c1-41ab-9975-71487d6bd5a6,56,1011O00002C0,-22.907884,-43.236917,2019-01-25 09:41:02,,,
C51512,1a516c64-e0c1-41ab-9975-71487d6bd5a6,57,2035O00042C0,-22.908756,-43.234655,2019-01-25 09:41:34,,,
C51512,1a516c64-e0c1-41ab-9975-71487d6bd5a6,58,1010O00038C0,-22.908374,-43.231002,2019-01-25 09:42:31,,,
C51512,1a516c64-e0c1-41ab-9975-71487d6bd5a6,59,1010O00077C0,-22.90931,-43.22631,2019-01-25 09:43:52,,,
C51512,1a516c64-e0c1-41ab-9975-71487d6bd5a6,60,1010O00103C0,-22.909238,-43.222916,2019-01-25 09:44:42,,,
C51512,1a516c64-e0c1-41ab-9975-71487d6bd5a6,61,1010O00040C0,-22.906357,-43.220639,2019-01-25 09:45:39,,,
C51512,1a516c64-e0c1-41ab-9975-71487d6bd5a6,62,1010O00107C0,-22.904907,-43.218901,2019-01-25 09:46:25,,,
C51512,1a516c64-e0c1-41ab-9975-71487d6bd5a6,63,1010O00079C0,-22.90411,-43.21611,2019-01-25 09:47:10,,,
C51512,1a516c64-e0c1-41ab-9975-71487d6bd5a6,64,1010O00080C0,-22.90341,-43.21449,2019-01-25 09:47:36,,,
C51512,1a516c64-e0c1-41ab-9975-71487d6bd5a6,65,1010O00081C0,-22.902025,-43.210979,2019-01-25 09:48:31,,,
C51512,1a516c64-e0c1-41ab-9975-71487d6bd5a6,66,2032O00028C0,-22.908498,-43.209965,2019-01-25 09:50:17,,,
C51512,1a516c64-e0c1-41ab-9975-71487d6bd5a6,67,1008O00022S0,-22.91013,-43.205583,2019-01-25 09:51:51,,,
C51512,1a516c64-e0c1-41ab-9975-71487d6bd5a6,68,1008O00005S0,-22.908619,-43.201048,2019-01-25 09:53:00,,,
C51512,1a516c64-e0c1-41ab-9975-71487d6bd5a6,69,1005O00060C0,-22.90623,-43.193405,2019-01-25 09:54:57,,,
C51512,1a516c64-e0c1-41ab-9975-71487d6bd5a6,70,1005O00359S0,-22.905052,-43.189782,2019-01-25 09:55:52,,,
C51512,1a516c64-e0c1-41ab-9975-71487d6bd5a6,71,1005O00375S2,-22.903332,-43.184461,2019-01-25 09:57:13,,,
C51512,1a516c64-e0c1-41ab-9975-71487d6bd5a6,72,1005O00197C0,-22.905593,-43.182786,2019-01-25 09:58:06,,,
C51512,1a516c64-e0c1-41ab-9975-71487d6bd5a6,73,1005O00020S0,-22.90723,-43.18272,2019-01-25 09:58:42,,,
C51512,1a516c64-e0c1-41ab-9975-71487d6bd5a6,74,1005O00232S0,-22.90879,-43.18819,2019-01-25 10:00:05,,,
C51512,1a516c64-e0c1-41ab-9975-71487d6bd5a6,75,1005O00234C0,-22.908392,-43.189263,2019-01-25 10:00:26,,,
C51506,1a516c64-e0c1-41ab-9975-71487d6bd5a6,0,4124O00046C0,-22.901318,-43.347259,2019-01-25 08:57:31,2019-01-25 10:05:59,68.46666666666667,91.48855322376737
C51506,1a516c64-e0c1-41ab-9975-71487d6bd5a6,1,4124O00031C0,-22.90189,-43.34779,2019-01-25 08:57:42,2019-01-25 10:16:05,78.38333333333334,113.20284294550366
C51506,1a516c64-e0c1-41ab-9975-71487d6bd5a6,2,4124O00058C0,-22.900466,-43.349828,2019-01-25 08:58:22,,,
C51506,1a516c64-e0c1-41ab-9975-71487d6bd5a6,3,4124O00033C0,-22.89911,-43.35167,2019-01-25 08:58:56,2019-01-25 10:29:47,90.85,185.20757552039098
C51506,1a516c64-e0c1-41ab-9975-71487d6bd5a6,4,4124O00004C0,-22.898012,-43.352228,2019-01-25 08:59:23,,,
C51506,1a516c64-e0c1-41ab-9975-71487d6bd5a6,5,4124O00006C0,-22.89818,-43.350146,2019-01-25 09:00:07,,,
C51506,1a516c64-e0c1-41ab-9975-71487d6bd5a6,6,4124O00008C0,-22.896967,-43.348397,2019-01-25 09:00:43,,,
C51506,1a516c64-e0c1-41ab-9975-71487d6bd5a6,7,4124O00016C0,-22.8954,-43.34742,2019-01-25 09:01:11,,,
C51506,1a516c64-e0c1-41ab-9975-71487d6bd5a6,8,4124O00017C0,-22.89369,-43.34688,2019-01-25 09:01:39,,,
C51506,1a516c64-e0c1-41ab-9975-71487d6bd5a6,9,4124O00050C0,-22.890381,-43.34553,2019-01-25 09:02:40,,,
C51506,1a516c64-e0c1-41ab-9975-71487d6bd5a6,10,3078O00007C0,-22.88842,-43.34439,2019-01-25 09:03:15,,,
C51506,1a516c64-e0c1-41ab-9975-71487d6bd5a6,11,3078O00008C0,-22.88717,-43.34339,2019-01-25 09:03:39,,,
C51506,1a516c64-e0c1-41ab-9975-71487d6bd5a6,12,3078O00009C0,-22.88579,-43.34209,2019-01-25 09:04:08,,,
C51506,1a516c64-e0c1-41ab-9975-71487d6bd5a6,13,3082O00002C0,-22.88283,-43.34025,2019-01-25 09:05:25,2019-01-25 10:34:48,89.38333333333334,20.144365967432865
C51506,1a516c64-e0c1-41ab-9975-71487d6bd5a6,14,3082O00018C0,-22.882534,-43.33687,2019-01-25 09:06:14,2019-01-25 10:35:48,89.56666666666666,117.03943125839405
C51506,1a516c64-e0c1-41ab-9975-71487d6bd5a6,15,3082O00051C0,-22.882382,-43.333901,2019-01-25 09:06:57,,,
C51506,1a516c64-e0c1-41ab-9975-71487d6bd5a6,16,3082O00019C0,-22.882138,-43.331007,2019-01-25 09:07:45,2019-01-25 10:37:48,90.05,224.4355261246822
C51506,1a516c64-e0c1-41ab-9975-71487d6bd5a6,17,3082O00004C1,-22.88256,-43.32373,2019-01-25 09:09:26,2019-01-25 10:39:48,90.36666666666666,131.83107749712275
C51506,1a516c64-e0c1-41ab-9975-71487d6bd5a6,18,3082O00005C2,-22.88284,-43.3224,2019-01-25 09:09:46,2019-01-25 10:40:46,91.0,148.467450709887
C51506,1a516c64-e0c1-41ab-9975-71487d6bd5a6,19,3079O00001C2,-22.8835,-43.32058,2019-01-25 09:10:14,,,
C51506,1a516c64-e0c1-41ab-9975-71487d6bd5a6,20,3079O00002C2,-22.88445,-43.31751,2019-01-25 09:11:01,2019-01-25 10:41:46,90.75,29.89371768898589
C51506,1a516c64-e0c1-41ab-9975-71487d6bd5a6,21,3079O00041C2,-22.884744,-43.316116,2019-01-25 09:11:22,,,
C51506,1a516c64-e0c1-41ab-9975-71487d6bd5a6,23,3079O00040C2,-22.88498,-43.31429,2019-01-25 09:11:48,,,
C51506,1a516c64-e0c1-41ab-9975-71487d6bd5a6,24,3079O00042C2,-22.885103,-43.311568,2019-01-25 09:12:27,2019-01-25 10:44:16,91.81666666666666,207.4208169499416
C51506,1a516c64-e0c1-41ab-9975-71487d6bd5a6,25,3069O00057C2,-22.88562,-43.30967,2019-01-25 09:12:57,2019-01-25 10:44:46,91.81666666666666,15.8986894987429
C51506,1a516c64-e0c1-41ab-9975-71487d6bd5a6,26,3069O00058C2,-22.88672,-43.306443,2019-01-25 09:13:46,,,
C51506,1a516c64-e0c1-41ab-9975-71487d6bd5a6,27,3069O00003C2,-22.88646,-43.30281,2019-01-25 09:14:40,2019-01-25 10:46:46,92.1,29.138306284124315
C51506,1a516c64-e0c1-41ab-9975-71487d6bd5a6,28,3070O00001C2,-22.88548,-43.30031,2019-01-25 09:15:21,2019-01-25 10:48:46,93.41666666666667,12.893282992308247
C51506,1a516c64-e0c1-41ab-9975-71487d6bd5a6,29,3071O00033C2,-22.884601,-43.297845,2019-01-25 09:16:00,2019-01-25 10:50:46,94.76666666666667,98.64632797761531
C51506,1a516c64-e0c1-41ab-9975-71487d6bd5a6,30,3071O00004C2,-22.88341,-43.29648,2019-01-25 09:16:27,,,
C51506,1a516c64-e0c1-41ab-9975-71487d6bd5a6,31,3071O00005C2,-22.88182,-43.29431,2019-01-25 09:17:08,2019-01-25 10:52:16,95.13333333333334,22.137669967766872
C51506,1a516c64-e0c1-41ab-9975-71487d6bd5a6,32,3071O00006C2,-22.8842,-43.29133,2019-01-25 09:18:12,2019-01-25 10:52:46,94.56666666666666,192.919119679448
C51506,1a516c64-e0c1-41ab-9975-71487d6bd5a6,33,3066O00003C2,-22.885668,-43.290084,2019-01-25 09:18:46,,,
C51506,1a516c64-e0c1-41ab-9975-71487d6bd5a6,34,3064O00002C0,-22.88744,-43.2864,2019-01-25 09:19:41,2019-01-25 10:54:46,95.08333333333333,101.82779885813969
C51506,1a516c64-e0c1-41ab-9975-71487d6bd5a6,35,3065O00001C0,-22.887738,-43.283511,2019-01-25 09:20:17,2019-01-25 10:55:46,95.48333333333333,164.51946538601828
C51506,1a516c64-e0c1-41ab-9975-71487d6bd5a6,36,3065O00003C0,-22.887155,-43.280679,2019-01-25 09:21:03,2019-01-25 10:57:46,96.71666666666667,10.342765051739176
C51506,1a516c64-e0c1-41ab-9975-71487d6bd5a6,37,3065O00004C0,-22.88591,-43.27898,2019-01-25 09:21:36,2019-01-25 10:58:46,97.16666666666667,59.44200958180516
C51506,1a516c64-e0c1-41ab-9975-71487d6bd5a6,38,3065O00005C0,-22.88441,-43.27719,2019-01-25 09:22:11,2019-01-25 10:59:46,97.58333333333333,206.38899841067592
C51506,1a516c64-e0c1-41ab-9975-71487d6bd5a6,39,3053O00006C0,-22.8822,-43.2754,2019-01-25 09:22:54,,,
C51506,1a516c64-e0c1-41ab-9975-71487d6bd5a6,40,3053O00007C0,-22.881083,-43.272751,2019-01-25 09:23:38,2019-01-25 11:01:46,98.13333333333334,33.33663208490561
C51506,1a516c64-e0c1-41ab-9975-71487d6bd5a6,41,3053O00008C0,-22.878863,-43.265859,2019-01-25 09:25:24,,,
C51506,1a516c64-e0c1-41ab-9975-71487d6bd5a6,42,3052O00001C0,-22.87833,-43.26397,2019-01-25 09:25:56,,,
C51506,1a516c64-e0c1-41ab-9975-71487d6bd5a6,43,3052O00002C1,-22.878337,-43.261822,2019-01-25 09:26:27,,,
C51506,1a516c64-e0c1-41ab-9975-71487d6bd5a6,44,3052O00003C0,-22.880394,-43.259223,2019-01-25 09:27:22,2019-01-25 11:05:46,98.4,63.967803006434295
C51506,1a516c64-e0c1-41ab-9975-71487d6bd5a6,45,3155O00001C0,-22.882581,-43.254845,2019-01-25 09:28:34,2019-01-25 11:07:46,99.2,22.324013428198434
C51506,1a516c64-e0c1-41ab-9975-71487d6bd5a6,46,3155O00002C0,-22.88517,-43.25266,2019-01-25 09:29:25,2019-01-25 11:09:16,99.85,54.428757994438485
C51506,1a516c64-e0c1-41ab-9975-71487d6bd5a6,47,3155O00003C0,-22.886927,-43.250822,2019-01-25 09:30:03,2019-01-25 11:10:46,100.71666666666667,56.04686034149285
C51506,1a516c64-e0c1-41ab-9975-71487d6bd5a6,48,1012O00011C0,-22.890046,-43.244457,2019-01-25 09:32:03,,,
C51506,1a516c64-e0c1-41ab-9975-71487d6bd5a6,49,1012O00012C0,-22.890765,-43.242335,2019-01-25 09:32:34,,,
C51506,1a516c64-e0c1-41ab-9975-71487d6bd5a6,50,1012O00013C0,-22.891768,-43.240794,2019-01-25 09:32:58,,,
C51506,1a516c64-e0c1-41ab-9975-71487d6bd5a6,51,1012O00027C0,-22.89495,-43.24279,2019-01-25 09:34:14,,,
C51506,1a516c64-e0c1-41ab-9975-71487d6bd5a6,52,vphs,-22.897995,-43.241305,2019-01-25 09:35:25,,,
C51506,1a516c64-e0c1-41ab-9975-71487d6bd5a6,53,1011O00001C0,-22.90138,-43.241176,2019-01-25 09:36:25,,,
C51506,1a516c64-e0c1-41ab-9975-71487d6bd5a6,54,3057O00006C0,-22.90591,-43.23964,2019-01-25 09:37:38,,,
C51506,1a516c64-e0c1-41ab-9975-71487d6bd5a6,56,1011O00002C0,-22.907884,-43.236917,2019-01-25 09:38:28,,,
C51506,1a516c64-e0c1-41ab-9975-71487d6bd5a6,57,2035O00042C0,-22.908756,-43.234655,2019-01-25 09:39:00,2019-01-25 11:17:46,98.76666666666667,116.13852144332364
C51506,1a516c64-e0c1-41ab-9975-71487d6bd5a6,58,1010O00038C0,-22.908374,-43.231002,2019-01-25 09:39:57,,,
C51506,1a516c64-e0c1-41ab-9975-71487d6bd5a6,59,1010O00077C0,-22.90931,-43.22631,2019-01-25 09:41:18,2019-01-25 11:18:46,97.46666666666667,235.899292458964
C51506,1a516c64-e0c1-41ab-9975-71487d6bd5a6,60,1010O00103C0,-22.909238,-43.222916,2019-01-25 09:42:08,2019-01-25 11:19:46,97.63333333333334,15.454936834222385
C51506,1a516c64-e0c1-41ab-9975-71487d6bd5a6,61,1010O00040C0,-22.906357,-43.220639,2019-01-25 09:43:05,2019-01-25 11:20:46,97.68333333333334,111.04669266992941
C51506,1a516c64-e0c1-41ab-9975-71487d6bd5a6,62,1010O00107C0,-22.904907,-43.218901,2019-01-25 09:43:51,2019-01-25 11:21:46,97.91666666666667,58.39115853853837
C51506,1a516c64-e0c1-41ab-9975-71487d6bd5a6,63,1010O00079C0,-22.90411,-43.21611,2019-01-25 09:44:36,2019-01-25 11:23:16,98.66666666666667,51.58585024440188
C51506,1a516c64-e0c1-41ab-9975-71487d6bd5a6,64,1010O00080C0,-22.90341,-43.21449,2019-01-25 09:45:02,,,
C51506,1a516c64-e0c1-41ab-9975-71487d6bd5a6,65,1010O00081C0,-22.902025,-43.210979,2019-01-25 09:45:57,,,
C51506,1a516c64-e0c1-41ab-9975-71487d6bd5a6,66,2032O00028C0,-22.908498,-43.209965,2019-01-25 09:47:43,,,
C51506,1a516c64-e0c1-41ab-9975-71487d6bd5a6,67,1008O00022S0,-22.91013,-43.205583,2019-01-25 09:49:17,,,
C51506,1a516c64-e0c1-41ab-9975-71487d6bd5a6,68,1008O00005S0,-22.908619,-43.201048,2019-01-25 09:50:26,2019-01-25 11:28:46,98.33333333333333,54.66532156641629
C51506,1a516c64-e0c1-41ab-9975-71487d6bd5a6,69,1005O00060C0,-22.90623,-43.193405,2019-01-25 09:52:23,,,
C51506,1a516c64-e0c1-41ab-9975-71487d6bd5a6,70,1005O00359S0,-22.905052,-43.189782,2019-01-25 09:53:18,,,
C51506,1a516c64-e0c1-41ab-9975-71487d6bd5a6,71,1005O00375S2,-22.903332,-43.184461,2019-01-25 09:54:39,,,
C51506,1a516c64-e0c1-41ab-9975-71487d6bd5a6,72,1005O00197C0,-22.905593,-43.182786,2019-01-25 09:55:32,,,
C51506,1a516c64-e0c1-41ab-9975-71487d6bd5a6,73,1005O00020S0,-22.90723,-43.18272,2019-01-25 09:56:08,,,
C51506,1a516c64-e0c1-41ab-9975-71487d6bd5a6,74,1005O00232S0,-22.90879,-43.18819,2019-01-25 09:57:31,,,
C51506,1a516c64-e0c1-41ab-9975-71487d6bd5a6,75,1005O00234C0,-22.908392,-43.189263,2019-01-25 09:57:52,2019-01-25 11:55:46,117.9,203.58940681770073
